HSCode,ShipmentOrigin,dist
94,57,1.312768395457949
91,21,1.330852213714804
83,21,1.3587964233011007
93,21,1.3254058925168855
88,21,1.3328369238546915
32,21,1.3534236765865768
89,21,1.326617335634572
54,21,1.3455637920913952
44,21,1.3320552983454295
94,21,1.3230581826397352
43,21,1.3825714705245835
90,21,1.3304171274815286
39,21,1.3614493696285146
33,21,1.3629337645002775
10,21,1.34568165156192
34,21,1.369854508233922
31,21,1.384751511471612
92,21,1.326587665293898
65,21,1.3466055755104338
72,21,1.3748226453151022
63,21,1.3590470334248883
42,21,1.3500773671216197
58,21,1.3625884396689278
88,55,1.3426343885200498
81,57,1.3184037176626069
62,21,1.3516426677150386
48,21,1.3702419559870447
52,74,1.3246966611061777
92,55,1.3373292389691673
76,57,1.3150263290320123
90,80,1.3328676425984927
93,47,1.3343397581151553
0,59,1.3102960876089387
93,101,1.3309330567717552
15,44,1.3340800005410398
93,80,1.3372098207473755
40,71,1.3483892897410052
65,20,1.3537207447391535
88,62,1.3369422134544169
88,64,1.34042891154864
92,112,1.3343083235834325
42,102,1.3285311598862921
96,102,1.3135667986103468
39,59,1.3481580189296178
93,112,1.3352135425167424
93,55,1.3358642384077288
93,83,1.3338442285146033
33,20,1.3586403323071343
10,71,1.3400079998453813
50,20,1.3590570760092564
1,114,1.299646140209266
39,84,1.3577796359147345
10,20,1.3486190406339509
94,40,1.312775898824579
93,99,1.3435085724507059
89,102,1.3081503095371383
23,41,1.319321352190205
39,109,1.358188615180552
93,50,1.3315154159707683
92,14,1.3274522902710097
44,51,1.3232081535139255
96,101,1.3318113099251474
88,80,1.3423682398029737
38,51,1.369800394134862
85,21,1.3637963815459184
92,64,1.3342549952545337
10,18,1.3495729153177567
26,64,1.3624058440327644
44,101,1.3344391254442078
15,18,1.3610433755176408
45,24,1.319970459810325
93,64,1.3346500803849526
96,70,1.3173439715589796
94,85,1.3211788801210267
93,60,1.344534806840654
96,75,1.3250645133001464
93,32,1.321914662207876
33,44,1.3458005764654704
89,112,1.3311015593686275
65,50,1.3470348321965762
63,101,1.3609638171536582
93,14,1.3269579990633897
50,12,1.3447539412549563
88,112,1.339988055505923
93,51,1.3190984055399895
44,102,1.3067681310432298
92,95,1.3401977834956986
15,41,1.316490042688591
94,95,1.333562148468835
92,51,1.3192360810935497
88,47,1.3414691888860293
10,34,1.3287686295807362
50,14,1.354065592142953
32,40,1.3371646691645895
91,55,1.3400481763694967
92,101,1.3323616907000542
61,112,1.3523497150412627
93,37,1.318077635552202
72,57,1.3231240467035346
54,14,1.3432791391387582
92,102,1.3150196863072259
54,99,1.3490741183715207
44,47,1.3382607586681843
26,14,1.3522242940962315
54,80,1.3467526364007167
23,14,1.3598470868808883
89,96,1.3294324039348535
10,14,1.3402844189799257
88,101,1.3385630090321814
88,105,1.3306580856442451
93,108,1.3100107067397662
32,95,1.355474565178156
31,64,1.3783502174275262
38,64,1.383032956293651
38,83,1.3492582816896694
88,30,1.3432675546833448
94,32,1.310260602406093
40,44,1.3450729923455842
93,81,1.336564991090979
42,101,1.3533714331154312
10,109,1.342606557333576
46,100,1.3047948168324572
93,22,1.3244499319366045
93,40,1.318986773956567
79,47,1.3688936355922903
58,20,1.3605105472462518
92,27,1.3342846600072724
54,47,1.353886883040624
94,70,1.3071658707090787
88,28,1.3238146198647363
39,31,1.3526516457454167
32,47,1.3617820496271764
61,50,1.3456469955188888
24,52,1.3087554488863264
75,21,1.3408472556620836
10,39,1.3434660522533315
51,44,1.326253740383046
10,83,1.3380956990378243
92,60,1.3432703232392669
92,81,1.3353664300271444
91,108,1.3118241344179427
89,47,1.3337926949773515
42,16,1.3282996889735972
92,80,1.3361302550349916
42,44,1.3394660684945328
65,61,1.3338877707719803
10,27,1.3438604697585106
58,84,1.3597525834505046
10,4,1.347017667921526
88,99,1.3476854743702071
40,20,1.3570462241768837
91,47,1.339767305978707
45,14,1.3426520961469837
26,21,1.3577798620930739
50,21,1.361683653401477
81,21,1.3439782849912132
86,21,1.373761037364602
79,21,1.365693389837231
61,21,1.3470357906605517
78,21,1.3779890750135695
70,21,1.3602248435573918
88,51,1.3255238474479742
65,46,1.3420601508447103
93,9,1.3235250392130442
89,64,1.330505269047405
39,20,1.3628973902336188
49,22,1.3150769956409931
96,47,1.3386490033673388
61,83,1.333664424185242
24,14,1.3494519128331117
42,51,1.3417282647320203
24,20,1.3520958524729525
62,50,1.3499371370832836
28,39,1.3113993954445635
92,93,1.3283859203968729
93,102,1.3152695000171661
20,1,1.3272848916905267
93,10,1.3179082572460175
81,101,1.3439767477767808
94,101,1.327188712145601
40,14,1.3552274076001984
45,51,1.3373547412588127
16,40,1.3383574272905077
89,50,1.3260004810456718
45,50,1.341817929010306
93,78,1.3336091052208627
91,40,1.3207426552793808
83,112,1.3601755191172873
88,96,1.3385265046464545
33,4,1.3518864187811102
65,47,1.3539803656084197
88,22,1.3258505974497115
96,64,1.3394379615783691
93,105,1.3284896367362566
65,109,1.3467781240386623
74,80,1.3442027874823128
39,18,1.369065122878445
91,60,1.3448303619931852
93,92,1.336729419018541
54,101,1.3499852759497506
94,55,1.3327200980857015
92,96,1.333603429475001
90,64,1.3358864409549693
13,23,1.3195815214088984
50,64,1.3654209399329764
94,112,1.3313103847737824
94,47,1.331910150391715
91,14,1.3336830546281166
81,51,1.3353805997009789
89,27,1.3235282844730787
10,66,1.3431596014249538
10,3,1.342942122902189
88,83,1.3358760103583336
93,79,1.317398528967585
96,21,1.3305605966597795
61,101,1.3476077344800745
82,21,1.3752360572772366
67,21,1.3782315626740456
45,21,1.34666055600558
14,23,1.3266097389693772
58,77,1.3325757550607835
91,37,1.3208284303545952
54,44,1.3387499184879874
42,10,1.3239601839865958
10,28,1.3291462787560053
65,70,1.3288701730115073
90,112,1.3355569413730077
45,64,1.3498483587588583
39,71,1.3554401922571873
96,109,1.3349626106875283
61,102,1.3170429223350115
81,95,1.3365648170667035
62,47,1.3576233291200228
62,14,1.3530599705741875
93,109,1.3291342338281018
51,40,1.346893121089254
65,14,1.3455915238176073
94,102,1.3091412346277918
33,112,1.3680709589804922
83,95,1.344899753374713
90,102,1.3116153739392757
34,14,1.3679330029657908
32,112,1.3598630508141858
45,27,1.3337362062718188
93,90,1.3168098788176263
93,19,1.327240523483072
45,70,1.3179306164383888
76,21,1.3629023219857896
64,47,1.3622827198622482
65,51,1.3393722996115685
94,100,1.3045724130102567
94,108,1.3021392705185073
88,108,1.3153409553425652
29,55,1.392704305904252
58,112,1.3680538194520133
90,55,1.342098324426583
93,28,1.3195510017020362
10,52,1.3159163727291994
41,44,1.3406803916607584
40,59,1.3432924060949258
14,14,1.3602009703006064
63,112,1.3642899803817272
93,96,1.3342516967760665
65,33,1.3387271900262152
36,40,1.3438506168978555
0,18,1.3630179965070315
65,101,1.350471732871873
92,47,1.335600305880819
62,51,1.3441961133586509
90,47,1.3380702574338232
7,21,1.3840230330824852
26,51,1.3492893645805972
20,78,1.350202972601567
47,81,1.3249573787408215
92,109,1.3299518759761537
4,72,1.3012083869959628
39,96,1.3595762236842088
70,101,1.3584505806543998
88,20,1.341307571157813
92,89,1.3239348264677184
91,112,1.3418673995350088
94,37,1.3131484655397279
69,21,1.3732156561953681
94,50,1.3283736663205283
84,51,1.36052689488445
33,109,1.3581734225153923
87,55,1.3907420550073897
46,80,1.3414829304175717
93,30,1.3427158328039306
12,31,1.3307132018463952
52,21,1.3733777962625027
57,47,1.3648431713559799
27,55,1.3876699890409196
90,95,1.335233279636928
96,27,1.3332087557230676
93,31,1.3359950224735908
83,47,1.3628666017736708
44,95,1.3331537789532117
62,101,1.354083709950958
94,51,1.3160128071904182
31,44,1.3374061480696713
33,40,1.3445243441632815
94,11,1.3041679774011885
83,51,1.3482865813587392
81,47,1.3492360835578958
58,96,1.3569912798702717
63,109,1.3562792901481902
50,44,1.3478176881160056
93,62,1.3354595095983572
50,51,1.3511707088660583
65,112,1.3546268663236074
34,80,1.3615766375192575
14,101,1.3703206993107284
42,20,1.3507207781076431
40,21,1.3646993915151273
85,57,1.321076079936964
10,60,1.3527577274612017
94,64,1.3307520030398987
45,108,1.316875068736928
4,70,1.3239683197545153
90,81,1.3316001120422567
93,27,1.335909512426172
50,22,1.337841504386493
42,70,1.3244265456284796
10,110,1.336596669097032
57,14,1.351779403431075
10,102,1.3291659174220902
20,18,1.3683512466294425
47,37,1.3169590958527155
92,50,1.3323605579457112
65,57,1.3345982730388641
85,51,1.3514989390969276
61,40,1.33256228081882
74,47,1.3782399147748947
23,55,1.3746844711048263
93,95,1.340821537588324
45,95,1.3492216659443719
96,40,1.320822240518672
54,51,1.337579052097031
39,36,1.3364939444831438
93,34,1.323627509176731
45,44,1.3340541563395942
9,40,1.3533942720719747
26,108,1.3304916902312212
45,66,1.3336730410477944
20,96,1.3610892029745238
11,109,1.3639911679284913
32,10,1.32465057979737
39,106,1.3323998664106642
24,4,1.345110156174217
68,21,1.3678128985421998
14,21,1.3687720224261284
92,70,1.3149951291935784
12,17,1.306779030976551
93,70,1.315880413566317
65,64,1.354056334247746
93,84,1.3405936317784446
10,45,1.3257806588496481
64,21,1.3600126284041576
24,1,1.313957602317844
26,79,1.3419429614607776
23,108,1.3286128765238183
40,18,1.3682796425585235
58,33,1.3394334240063992
10,99,1.3510330212967736
44,50,1.3315238378542875
45,37,1.3294070585896927
33,47,1.3698470060314452
62,95,1.3526195543152946
92,107,1.3238940803068024
54,64,1.3520751345370496
91,80,1.3387120254337788
54,78,1.338026981002518
42,112,1.3560209537723236
79,57,1.3267977166189147
15,14,1.3608987948724203
24,37,1.338764344475099
45,109,1.3404334834111589
39,47,1.3697407293532575
26,78,1.3458831173234753
58,108,1.33464849394347
58,4,1.355348637593644
42,66,1.3421013216055664
83,101,1.3598045534246401
47,48,1.318790087742465
20,14,1.362900732351201
32,4,1.3463721285973276
92,75,1.3272663887057985
79,95,1.3471284715425489
58,109,1.3574295581451483
93,33,1.3288945545043265
88,97,1.3178457830633437
54,84,1.3487178438476153
88,102,1.3208430632948875
20,74,1.347292726593358
20,70,1.3364585588819213
19,18,1.3679501190781593
32,100,1.3183086131300246
44,85,1.3174374880535262
48,97,1.3015828392069255
65,15,1.3298843343343054
58,14,1.3570555938141686
93,4,1.339962408478771
57,21,1.3595894580440862
24,55,1.3651549550039428
31,14,1.3743784257343836
76,95,1.3402338727776493
10,33,1.3345206047275238
26,55,1.3671524194734437
63,47,1.3644968643784523
61,47,1.351633369922638
93,88,1.333899848163128
10,72,1.3343202700572354
75,47,1.3437950379614318
33,1,1.3233994669447253
86,109,1.3618447120700563
75,55,1.3523688342954432
54,112,1.3528110259877784
94,92,1.3265156533036913
38,21,1.3851930658732141
93,93,1.3321166666490691
94,83,1.3253418914973736
92,100,1.312661160315786
15,80,1.3513342621070998
31,20,1.3629160182816642
63,83,1.3501236044934817
75,57,1.310639377683401
26,50,1.361083691141435
46,57,1.3234289509377308
85,37,1.3375696204602718
42,96,1.3472290278545447
85,112,1.3613840916327067
71,47,1.3765703013965063
88,109,1.3354688419827394
91,100,1.313044953026942
90,60,1.3400234323905482
92,113,1.3271316971097673
44,112,1.338052143475839
84,47,1.3750659030463015
3,40,1.3512010904295104
26,20,1.3580959290266037
74,101,1.3735835435135024
94,18,1.3367390339928014
89,70,1.3082471266388893
28,18,1.3567582560437066
95,21,1.3603450310017382
24,21,1.3575295019628746
47,21,1.3498620699558939
73,21,1.3788853042892046
49,21,1.3830869942903519
25,21,1.3832399366157395
92,10,1.3164374812373094
92,28,1.3176473687802042
10,1,1.3174328511314732
93,87,1.324601570410388
45,112,1.3507302710121232
39,102,1.3429826231939452
93,57,1.32145009296281
43,14,1.3736542761325836
94,14,1.325058517445411
42,55,1.3597124112503869
71,99,1.3395938738914472
14,51,1.3560573309659958
93,18,1.3422431041087424
39,51,1.353542776770025
40,52,1.316079011985234
92,97,1.314018530505044
93,65,1.3047795380864824
92,65,1.3010910962309157
91,83,1.3343070644353117
92,79,1.3169792667031288
10,40,1.3316979871264525
69,101,1.3705932016351394
46,55,1.3744497405631202
63,80,1.3593519271484442
32,7,1.331760368176869
58,64,1.3668318901743208
96,50,1.3361813120011772
92,40,1.3198379747835653
38,55,1.3930386890258109
31,71,1.3459255519722189
76,51,1.348798775247165
26,47,1.3657453754650695
42,64,1.3549600110522337
96,28,1.3200731224247388
65,79,1.3326010395373618
4,22,1.3121300946388925
93,44,1.3348442470388753
7,51,1.369059448795659
45,47,1.3522540804530894
31,96,1.3594144880771637
40,82,1.324223140520709
20,20,1.3661543130874634
93,2,1.3370542989245482
4,21,1.3735797793737479
64,85,1.3096257565276963
33,71,1.3500829019716807
90,101,1.3336497353655952
38,105,1.3425718492695264
45,78,1.3324416604425227
32,71,1.3429858115102564
39,70,1.3374682845813888
63,33,1.3410814585430282
92,74,1.3272917249373026
91,22,1.3225820394498962
93,74,1.3298811337777547
47,22,1.3111424198640245
42,37,1.3343981706670351
92,104,1.3249134687440736
85,95,1.341065505253417
79,51,1.3536258318594523
24,33,1.3273791734661375
94,109,1.3263664995985371
83,57,1.3255116029509477
62,112,1.3581053675817591
93,3,1.338580704161099
43,51,1.3667522753987993
92,82,1.3197968442525183
10,31,1.3422833702393941
30,80,1.3491537805114473
58,90,1.333640258493168
92,78,1.3317487612366676
62,79,1.333769564117704
24,44,1.3393472361245327
93,7,1.3265179140227181
23,40,1.3444229971085275
93,48,1.3361849135586195
20,21,1.3689779176243715
94,79,1.3112874659044402
93,15,1.322810318853174
24,59,1.3363030355955874
92,37,1.3183667846024036
88,81,1.3396840148738451
89,80,1.327511089188712
88,37,1.3245177551039629
88,57,1.3269582337566785
15,47,1.376043899250882
47,44,1.3280252196959086
85,47,1.366130221102919
50,112,1.3666369299670416
70,14,1.3554552591272764
89,51,1.3164547365158796
44,20,1.3361761746928096
89,46,1.3206364107983453
14,64,1.3676693418196268
76,50,1.3554267074380602
4,14,1.3652032698903764
22,21,1.3858058686767305
50,46,1.3432562723755836
81,102,1.3169358298182487
23,10,1.3235229360205787
88,85,1.3324775323271751
54,66,1.341732191454087
47,55,1.354860959308488
13,40,1.362827547958919
57,98,1.2778147937996047
89,2,1.3220513026629175
51,20,1.3562470546790533
26,83,1.3468817294448985
96,108,1.3114438253854002
84,21,1.3731226521943296
65,80,1.3491013337458884
34,96,1.3611033356615476
20,17,1.3327884360083513
44,64,1.3365475756249257
11,66,1.3316974831478936
88,27,1.3393304986613137
82,51,1.3614138439297676
57,66,1.3258529232947953
50,108,1.3338390035288674
77,57,1.32299598865211
10,50,1.3485822366284472
95,101,1.3580832013062067
0,60,1.3376612641981669
88,70,1.3203516623803548
96,112,1.3408668746373482
33,96,1.355830889727388
90,14,1.332284860579031
93,66,1.335371024374451
65,55,1.3573362936398812
10,44,1.3411254562171442
41,21,1.3862068834049361
80,21,1.381030679813453
91,50,1.3387915851282222
14,3,1.3400182606918472
89,14,1.3267966037882226
82,57,1.3287775674834847
12,14,1.3710664446864809
50,33,1.3395126233143466
63,102,1.335296684609992
73,101,1.375320553779602
79,101,1.3663231573466743
65,40,1.3339646973514132
50,94,1.332460740847247
10,64,1.3517374790140562
44,14,1.3317135217200433
62,22,1.3318892898304122
44,55,1.3441667365176337
65,11,1.3243612838642937
94,66,1.3276318120104926
15,109,1.3536563281502043
1,113,1.3133086543530226
49,37,1.3499721086450986
93,59,1.3335036954709463
57,96,1.339445274323225
63,40,1.3474028295438205
96,37,1.3214294025674462
64,101,1.359764684523855
50,79,1.345415406461273
93,100,1.3142216940011298
91,64,1.3424189298945879
54,10,1.3235328513463693
33,37,1.3453370566879
39,80,1.3608591724187136
46,40,1.339382002396243
38,50,1.3815388466630663
89,84,1.3336140854018075
47,18,1.3496351784893446
26,112,1.364628997764417
88,40,1.3265502571261354
17,18,1.3640233491148268
58,55,1.370355459196227
45,61,1.3185029391731535
88,79,1.3226778070841516
23,21,1.3699722651924406
33,83,1.3449238599943263
14,17,1.3200280336397034
43,112,1.377311358494418
38,28,1.3470584393611975
19,90,1.3163802062294312
7,47,1.3882485181093216
94,28,1.3102838982428824
88,4,1.343189999461174
20,109,1.3606880626508169
91,81,1.334391153816666
41,112,1.3815428071788378
81,40,1.3280965323959077
40,77,1.329603660851717
50,66,1.3505687317145723
20,108,1.3360552890891475
88,14,1.3338572675628322
65,3,1.3462196194699831
32,55,1.362769321671554
39,55,1.3705757249678885
85,101,1.363246959101941
91,109,1.3346241701926504
74,21,1.3760491300906454
54,77,1.325137794549976
90,27,1.3289186379739217
38,96,1.3699388578534126
10,23,1.3316069806792907
92,108,1.3095599114894867
24,9,1.3180206662842207
24,109,1.3518394136003085
88,103,1.3244080979909216
44,109,1.3320261146873236
40,109,1.3571037093975715
20,51,1.3585137357669217
73,47,1.3808859129037176
24,70,1.3266926892101765
38,37,1.3623017147183418
94,60,1.3363802658402295
26,44,1.347379306331277
82,95,1.3520413021157895
37,21,1.378837498170989
86,77,1.3096137717366219
58,66,1.3523956694241082
94,96,1.328631549009255
43,20,1.362298536513533
39,64,1.3669035716780595
77,51,1.3599035111921174
16,34,1.303011620500391
26,96,1.3561681509017944
33,14,1.3590882335390364
88,1,1.3155706663216864
86,78,1.3356322920215982
48,109,1.3574647562844413
88,74,1.3322329350880213
91,102,1.3196099666612489
7,20,1.3690199415598596
74,109,1.359103603022439
26,102,1.3377914664867734
10,11,1.3208813379917825
93,20,1.336467543616891
48,55,1.3775252997875214
11,35,1.275165496127946
15,20,1.3568018706781524
46,37,1.3386659334812845
91,7,1.3250784831387656
50,113,1.3478889358895165
42,14,1.346820437482425
88,90,1.320301502943039
26,57,1.3414529604571206
96,14,1.3337873735332064
49,92,1.3235043815220706
33,55,1.3696327124323164
46,43,1.2989134533064706
42,31,1.3412055208214693
58,110,1.3406510223368449
40,33,1.335599429107138
54,28,1.3282898696405547
34,40,1.3524291930454118
86,47,1.376225998092975
51,61,1.297177152974265
89,101,1.3300678272332465
81,83,1.3281634194510323
45,114,1.3213262440902847
13,17,1.3095183679834008
90,92,1.325506339115756
54,96,1.345377217978239
15,55,1.3745272840772356
39,30,1.3564827271870203
96,10,1.31574907113931
10,108,1.3212910613843374
10,7,1.3328805762742246
33,10,1.331924184624638
41,55,1.391395309141704
43,78,1.3352317397615738
3,18,1.3700990974903107
4,33,1.3112712725996971
32,20,1.3537296588931764
93,68,1.3178367742470332
94,80,1.3283673460994447
39,14,1.3581302425237871
62,109,1.3516147080808878
8,40,1.3483817768948418
93,24,1.3273048166717802
76,40,1.3368563194360052
65,62,1.3513488588588578
58,34,1.3337759926382984
52,18,1.3641196798001016
28,20,1.3567258790135384
14,1,1.3189263504796795
50,37,1.3467631751804479
81,99,1.3394784900758947
82,47,1.3776991228972162
88,0,1.3265868393438203
17,21,1.381177554173129
26,33,1.3405068396989788
48,14,1.3647725081869535
42,53,1.3217512182891369
6,46,1.3073948894494347
42,25,1.3209161864859718
96,96,1.3381925084229027
42,47,1.3581983480003796
72,101,1.3720552591340882
65,95,1.3536579012870789
61,109,1.3436683943229062
67,20,1.3566774406603404
77,21,1.3774508525218283
89,113,1.3174943455627985
54,37,1.330478936234223
10,51,1.337859514036349
32,101,1.3577865828826492
40,51,1.3547738064080477
44,100,1.3044394275971822
65,83,1.3421173904623305
10,84,1.3492160205330168
44,60,1.3412880801728793
14,66,1.3450747677790267
26,66,1.3500910139908748
24,46,1.332022923976183
44,40,1.3202723740999187
54,108,1.3206905238330364
10,41,1.3328895041985171
32,109,1.3521188007933753
67,14,1.3677790803568703
5,18,1.3736828352723802
85,40,1.34052640412535
15,71,1.3367023702178682
93,58,1.3241228003587042
92,22,1.3219291855181967
4,64,1.3666231100048338
54,70,1.3232542042221342
0,21,1.3768180353300912
42,109,1.348344026000372
84,101,1.3710930539028985
28,47,1.373637253684657
95,47,1.3636602237820625
94,90,1.3070070434893881
14,25,1.3186415787786245
58,99,1.3597914263872164
20,3,1.3498617958809649
50,60,1.361154050699302
15,40,1.3453091319118227
14,102,1.3380751108218516
12,78,1.332630134852869
45,101,1.3492471256426402
88,50,1.338446989921587
40,66,1.3487512250763498
75,102,1.3100537189415522
14,41,1.3258762199963843
65,18,1.3586374116795403
58,44,1.3484111343111311
81,54,1.304556351687227
26,18,1.3645236327179842
92,42,1.3280087869082178
57,81,1.3242531738110952
70,50,1.351742365530559
14,44,1.3432861151439803
50,32,1.332013087613242
93,113,1.329980523458549
63,55,1.3710505898509706
20,47,1.3758229256740637
10,78,1.3408588532890593
46,108,1.3226095078779119
81,50,1.3442546044077193
75,37,1.3237778113024044
32,64,1.3599882264222418
57,55,1.3662697321602277
27,14,1.3749755663531167
3,20,1.362315911267485
23,64,1.3687528574040957
42,23,1.3278092981449194
4,109,1.3579258556876863
43,47,1.3859793873769897
57,112,1.3553602104740483
4,66,1.33475954644382
50,30,1.3535629202212607
89,55,1.3366707011259027
7,18,1.3721049140606607
32,14,1.3510846639318126
13,99,1.356347675302199
93,42,1.3318736159375735
34,47,1.3774109530661787
50,55,1.3697948748511928
65,31,1.3476755116134882
91,101,1.3379538910729545
90,40,1.3224503291504723
23,34,1.3187491831236653
93,104,1.3289003404123443
10,82,1.3257340272622449
23,25,1.3136964558756776
94,48,1.324132612241166
16,93,1.304355806671083
75,101,1.340555766331298
89,83,1.3220975728971618
85,24,1.3058366748903478
89,79,1.3110778906515665
49,44,1.3379189079361302
24,108,1.326830592006445
10,61,1.3308483543140548
65,102,1.329157370541777
69,80,1.3410503483776535
28,40,1.3449165182454246
33,70,1.3327208742765444
54,60,1.3504728451371193
38,36,1.3348287652645792
88,7,1.3288481863481658
48,46,1.318783977335053
26,60,1.3595991443310464
46,109,1.3560301938227244
45,20,1.3472245002963714
92,63,1.3317530980067593
26,106,1.3291978761553764
90,51,1.3216653716351305
75,100,1.2977031905736243
96,90,1.3125327716448478
21,50,1.3706506959029607
92,13,1.3231215594070298
63,50,1.3584498298753584
81,75,1.3150191370929991
4,108,1.3275787042719978
65,66,1.3460502635155405
49,40,1.3536065859454018
7,109,1.3666846587189607
94,56,1.314560387815748
50,3,1.3494951565350806
93,106,1.3210486769676208
91,51,1.325719148718885
26,37,1.3423999782119478
41,14,1.3791203807507242
10,97,1.3233180743243014
63,79,1.338732204266957
81,24,1.3103409287120615
45,79,1.327863440981933
45,90,1.3173747179763657
26,36,1.332659566508872
46,64,1.362193077802658
58,47,1.3697777496916907
88,61,1.326813246522631
54,22,1.3291627009000098
10,74,1.3381456934979983
41,31,1.3405578168375152
75,95,1.3309646781001772
65,28,1.3323369441287858
94,10,1.3082472485091006
26,12,1.3429973497404717
10,70,1.324331528374127
58,18,1.366513053221362
90,18,1.3443649746477604
66,21,1.3821880679045404
92,66,1.3337294597710883
30,7,1.318410469950842
49,80,1.351263449128185
49,14,1.37554815943752
65,1,1.3229134157299995
90,36,1.313505167407649
2,37,1.342534462256091
92,15,1.3195082289831979
86,101,1.372139840253762
93,36,1.321744283395154
15,21,1.3711712855313505
71,36,1.298949474202735
10,36,1.3270376835550581
39,101,1.366488036832639
42,36,1.3232816750449794
44,1,1.301337368786335
93,12,1.3344569924686636
89,108,1.304875377033438
26,90,1.3324228899686463
24,96,1.3492768587810653
65,105,1.336622181747641
34,81,1.3505249957420997
16,21,1.3700562928404127
45,40,1.3287380428186484
26,101,1.3609483053109475
54,4,1.3457965588729297
94,20,1.3326486637815833
47,47,1.3544942055429732
47,96,1.3332458117178507
89,15,1.3079920868788446
93,89,1.327895614717688
46,21,1.3685655210699355
35,55,1.3890576234885625
69,47,1.3759215681680612
10,106,1.3244138562253542
50,31,1.3503336523759313
94,106,1.3096627944282122
45,55,1.3555200807750225
58,46,1.3434134504890867
20,101,1.3713502769491501
27,99,1.3483448273868166
23,81,1.3410192451306753
90,65,1.2928343500409807
32,50,1.3567033942256654
81,55,1.3557801927839006
31,101,1.3856140146298068
19,109,1.3646201746804374
48,33,1.3131439833502685
49,50,1.3728257907288415
61,27,1.3343869969248772
47,109,1.3387818485498428
96,79,1.3166696418608939
26,84,1.3578630260058813
62,74,1.3376923980457442
93,75,1.3299204664570945
56,70,1.316548307692366
43,102,1.34166235689606
92,6,1.318093206201281
93,13,1.3268305606075697
42,41,1.3268089230571474
32,78,1.3413369076027135
39,42,1.3427203233752931
10,95,1.3536114602216653
90,108,1.310777091554233
39,44,1.353014643171004
89,99,1.3349273375102453
20,84,1.3627224271850926
93,91,1.3255852844033922
89,60,1.3356319068531906
92,36,1.3194212626133646
93,97,1.317719734140805
45,3,1.3328718968800135
20,60,1.3636450543999672
50,18,1.3669911898073874
54,16,1.3295250604195255
48,101,1.3688871232526643
75,48,1.3065157841358865
63,14,1.3605381747973817
86,55,1.3825307445866721
23,100,1.3161869121582381
72,55,1.3815905132464
2,48,1.295432898303261
44,3,1.327106956924711
67,51,1.3634482089962279
82,101,1.3742026457829135
33,57,1.3442598485520907
23,96,1.3510611642684256
44,80,1.3329266629048757
50,1,1.325146269585405
89,109,1.327064998447895
39,40,1.347012121496456
4,1,1.304707383736968
23,23,1.322781721861767
94,81,1.3275323371802057
4,32,1.2993533590010233
24,51,1.3464079363537687
50,101,1.3668060462389673
42,27,1.3411404370729412
26,109,1.3558047522923775
6,32,1.286964910370963
75,64,1.342277642339468
62,85,1.3363213762640953
93,111,1.3290302391563142
90,109,1.331329386149134
10,79,1.3329840547272138
14,84,1.3580140487423964
57,68,1.2796737594263894
58,39,1.3503540440329485
65,42,1.3398476647479194
7,101,1.3841592813176768
96,99,1.3424046731420927
50,45,1.3302720614842005
7,60,1.357361655150141
45,22,1.3205578391041075
41,83,1.3374280852398701
28,10,1.3153780299637998
58,101,1.3665038371192557
84,64,1.3688681604606765
10,46,1.338651245193822
34,7,1.3384109655661243
81,37,1.3286857080778904
54,48,1.3380815868398972
35,20,1.3640496230551176
90,103,1.3122204297355242
93,103,1.3256162373082978
92,99,1.3425406377230371
17,14,1.3715399993317468
26,31,1.3479715564421244
81,44,1.331120500806719
20,105,1.3415293022324997
32,96,1.3508649314088481
96,95,1.3363835268786974
48,44,1.3345602745456355
83,96,1.3482460746807712
4,47,1.3775932836745466
96,93,1.3270017068300928
65,60,1.3563451471938086
3,21,1.3829150327614375
96,57,1.3171246264662062
57,70,1.3125774104680334
10,42,1.3357367792299815
42,18,1.3574439992329903
28,90,1.3091531367972493
26,25,1.330858278753502
20,31,1.3529977244990212
48,45,1.3011319709143467
61,51,1.3385719231196813
10,67,1.3276651778391428
92,18,1.34273242524692
92,2,1.3334527132766587
42,50,1.352747012994119
4,77,1.3047891594469547
48,20,1.359192309635026
58,80,1.3605814163706131
23,51,1.358713692852429
86,51,1.3600247954683644
50,72,1.337306878396443
88,89,1.3271756491490774
57,40,1.3342340663075447
23,31,1.3414531642837184
34,44,1.3476100755589349
4,7,1.3176765393997942
58,10,1.3347501925059728
35,21,1.3831533076507705
33,100,1.3252033299899526
47,20,1.3442845408405577
92,92,1.3337020884667123
10,55,1.3531686610409193
48,40,1.346111192234925
42,22,1.3288473263382912
10,10,1.3256023535504937
15,98,1.2958465282406126
31,112,1.3800382209675652
86,112,1.3690141662955284
51,4,1.3336497417518072
93,63,1.335877276957035
71,21,1.3744099938443728
1,46,1.3089169158733316
20,64,1.3715357365352767
58,37,1.3456516675651073
38,34,1.3338052363001875
81,18,1.3524491978543145
54,81,1.3415185449911016
57,78,1.3213139389242445
93,110,1.3328887117760522
67,109,1.3629155329295568
34,52,1.3164571393281221
80,47,1.3825894838997297
26,95,1.3616493876491274
65,27,1.3444003888538905
47,108,1.3107972666621208
65,37,1.3344161273645503
26,70,1.3318652752786875
54,40,1.332029101039682
50,109,1.3583329353215439
42,108,1.3228081943733352
3,109,1.366185920579093
16,55,1.3737280858414513
65,12,1.3438377023807593
58,70,1.335327485709318
93,56,1.3265563217656953
7,14,1.3766605236700602
65,53,1.3313317873648234
76,83,1.3178044578858785
45,4,1.3394427473457264
88,65,1.30524257676942
34,101,1.3729310613125563
20,95,1.3675220046591545
43,41,1.3145860280575496
10,37,1.3326600956331407
46,77,1.3035121073480695
58,51,1.3541719120528017
74,50,1.3648193191204752
88,95,1.345602460205555
39,41,1.3406877890229225
32,1,1.3173063293631588
88,76,1.3254486843943596
3,47,1.3846511393785477
10,77,1.3289165858711516
39,50,1.3646589904757482
93,85,1.3321423147405898
58,78,1.3476725172783648
4,57,1.3309920634409147
93,72,1.3302304606352533
61,14,1.3492646209363426
52,20,1.3553234423909868
63,95,1.3588472647326333
88,113,1.3313882276415825
39,112,1.3675760037398763
93,8,1.326781842325415
49,32,1.3012882149113076
16,100,1.3030983435788326
7,64,1.3790873427476202
65,96,1.349206997879914
22,25,1.2938188564564501
52,44,1.3304552755185537
44,78,1.3254110158554144
86,57,1.327884621119925
20,45,1.3293825358684574
7,12,1.3294186440429516
92,26,1.3276116709624017
54,9,1.3225953099983079
54,31,1.3406032478170735
20,40,1.3494544859443391
42,84,1.3506834161068713
82,109,1.3650335807885443
91,27,1.3349002354911395
50,47,1.369655809232167
26,23,1.3372725498463427
88,66,1.3384824224880763
40,7,1.33673589729837
90,37,1.3214037056480135
20,41,1.33763665306781
89,74,1.3185018098780088
10,59,1.3392537864191192
24,95,1.3556703510028976
92,90,1.3156583745564734
65,10,1.3285496862871307
76,109,1.3513264166457313
65,113,1.3411058112978935
50,90,1.3342957768057073
44,108,1.3097368106245995
65,108,1.3247057242052895
20,102,1.34523064323834
43,44,1.334994634879487
15,50,1.3647317992789405
27,21,1.3823842097605978
14,55,1.376283973455429
58,45,1.3305138195199626
91,96,1.3369628406528915
85,109,1.3541231075567859
89,105,1.316022344997951
67,50,1.3688839759145464
33,30,1.350769117474556
24,78,1.3391738403588533
57,80,1.3353185019056713
80,57,1.3304004201906667
65,44,1.3464646999325072
81,109,1.3426405337772198
65,6,1.329848897244249
50,40,1.3469443911952632
50,84,1.3605138925569398
33,36,1.3300752567925624
10,25,1.326701926865748
50,39,1.3522138900256582
12,30,1.3305734261604292
61,79,1.3224260423864638
65,24,1.335159634905202
89,95,1.335555449128151
65,45,1.3291857615113258
63,74,1.3435378574899264
39,95,1.3662526437214442
36,108,1.3239562729639667
8,20,1.359710035579545
50,77,1.33375888637134
20,55,1.376087260033403
93,6,1.3222838821155685
7,80,1.3581740308020795
40,84,1.3577983719961983
54,106,1.3222420364618301
54,55,1.355175213090011
62,102,1.3291202842124872
82,112,1.3711638365473067
92,62,1.333517958010946
96,60,1.3457458024578435
23,36,1.3187359457037278
38,14,1.3796923628875188
61,90,1.3138766033308846
39,92,1.3510622499244553
43,37,1.355134792625904
84,57,1.3281654795365674
39,85,1.345844650907176
40,50,1.364067040916
65,110,1.340211926826409
34,108,1.337331220773714
26,77,1.3330748139747552
54,102,1.3277535787118333
6,86,1.28087916970253
63,113,1.3429474351661546
54,20,1.348363685820784
58,40,1.3456685521772929
26,4,1.3541007041931152
65,99,1.3536381870508194
20,99,1.36140374054334
58,25,1.331169686413237
34,109,1.365569288709334
65,81,1.3475873188248702
96,11,1.3122437575033732
56,21,1.3779752680233546
20,71,1.353481431624719
26,10,1.3313965169446809
15,51,1.358908654323646
93,69,1.3258672207593918
93,61,1.3260217915688242
63,51,1.351144848923598
93,46,1.3334494861108916
51,21,1.3770693019032478
87,40,1.354292104286807
95,113,1.3043017033487558
20,4,1.3571931395147527
16,64,1.3645265975168772
92,43,1.3217986513461386
50,78,1.3477170967629977
93,76,1.326466162289892
75,112,1.3425277033155518
25,100,1.3031819567217358
75,14,1.3424492156399148
14,98,1.3091296085289545
63,90,1.33205904971276
50,70,1.3354348263570242
10,101,1.3499371585037028
54,53,1.3246515281498432
92,46,1.330445188496794
58,36,1.3328839963568109
42,33,1.3307703376880713
5,20,1.361396182860647
32,45,1.3210034567330564
92,0,1.3232610725930758
27,31,1.3375006658690316
26,7,1.3393018442605222
92,83,1.3317333779164724
65,68,1.3247221112251282
39,97,1.3313439477767264
32,70,1.3255752921104431
34,20,1.3649419035230363
37,77,1.2934260198048182
94,4,1.3298934160598688
34,74,1.345044448373041
89,12,1.3222299462982587
26,71,1.3488676473498344
63,37,1.3477653837097543
92,32,1.3182619820748056
32,3,1.3407458242561137
62,40,1.3394708572221654
41,96,1.3601860137922424
33,95,1.362276291341654
32,28,1.3317681636129106
39,16,1.3420927641647202
93,107,1.3279283930148398
47,86,1.3023911927427565
40,112,1.36779022722372
28,96,1.3474152290395327
32,22,1.3306011499038763
94,62,1.3274501583405904
40,70,1.333425095570939
26,99,1.3578744131539549
46,20,1.3550157014812743
20,50,1.3672023490071297
56,112,1.3673739582300186
33,7,1.337771016572203
15,64,1.3684580294149262
14,78,1.340205375637327
67,101,1.378123622919832
54,30,1.3456306611852986
75,109,1.3376637336664967
36,37,1.3424212304609162
14,90,1.3260023537358003
43,40,1.3547775255782264
45,33,1.3239963118519102
33,102,1.3403923059148448
82,55,1.384501142161233
20,66,1.3540016561746597
22,23,1.3084152518505496
54,50,1.3498541268387012
89,28,1.3119395204952784
92,11,1.3120862224272318
40,61,1.332984140941075
26,3,1.348338077643088
96,51,1.3251362963180457
46,114,1.3091261005029082
20,23,1.3380111361662526
6,20,1.3613558411598206
20,90,1.3350304297304578
24,30,1.342101164162159
10,96,1.34644008507686
65,71,1.3483432728265012
14,99,1.354174481571785
89,93,1.3161468069468225
54,110,1.3346543301429068
13,10,1.3300468676856585
64,55,1.3683345722300666
34,10,1.3345277101865836
7,50,1.3762136463608061
67,47,1.381777711212635
14,20,1.3608281293085642
5,61,1.3019995726644993
92,34,1.3205814361572266
63,30,1.3532388167721885
45,105,1.3224505164793559
33,81,1.3496800897909063
65,84,1.352906916822706
94,113,1.319852345756122
32,44,1.3415558716016156
16,109,1.3544107154011726
58,81,1.3528427934007985
82,40,1.3510859715087074
65,30,1.3518179282546043
10,47,1.3543081958112972
39,62,1.3595294460122074
7,1,1.3150776055242335
43,110,1.320324334715094
64,7,1.3122133474264825
26,53,1.331644628463047
26,30,1.3536292963794299
65,36,1.3298128779445375
7,66,1.345857357872384
44,57,1.3165432667093617
83,109,1.3534638163234507
94,7,1.3169137516192027
32,51,1.3447563158614295
96,5,1.3204663321375847
92,84,1.3391358756593295
45,83,1.3299210481345654
20,44,1.3515615750636374
91,10,1.3173836509564094
63,100,1.32954717533929
52,109,1.360073427536658
44,79,1.3133418293935912
65,106,1.3276478328875132
13,14,1.3838776903493064
94,42,1.3200355193444662
92,57,1.321220422429698
76,112,1.357936717569828
31,52,1.302240255687918
19,39,1.3229048193565436
38,84,1.3656521724270922
88,100,1.3173705850328719
57,10,1.3060872612654097
58,41,1.3376609137547868
14,67,1.318556788776602
62,55,1.3642916141876154
94,22,1.3145080304571561
92,30,1.339126213320664
19,64,1.3770559972950391
50,110,1.341121578855174
10,105,1.3353975742523159
91,79,1.3224626875349454
32,90,1.324299010980342
19,59,1.3247032463321895
26,110,1.342074999984886
45,48,1.3279782230300563
4,78,1.330139949651701
93,26,1.3316816144755907
24,50,1.3570525305611747
14,112,1.3696160263248853
47,64,1.3510438746639661
12,20,1.3603930632982935
6,109,1.3642918318510056
47,40,1.3265144750475883
33,101,1.367038480937481
60,61,1.291788323117154
96,18,1.3452761368493416
90,79,1.3159340407167162
68,101,1.3661663372601782
26,1,1.3241006173193455
24,110,1.3287220794175352
31,40,1.3573804093258721
16,28,1.320321878651157
44,63,1.320747692670141
71,22,1.3036514539271593
20,11,1.3264972556914603
94,12,1.3236652543502194
45,46,1.3276886184300696
92,106,1.3175304478832655
33,64,1.3678258625524384
88,18,1.3477938404040677
45,73,1.31390088477305
20,39,1.3509941782270158
57,44,1.3223348637111485
93,52,1.3130588552781515
23,44,1.3379124110298497
54,7,1.331224619277886
88,75,1.33212796492236
93,5,1.326584834073271
15,60,1.349809033530099
69,112,1.3650490944939
44,70,1.3122068856443678
42,78,1.3389492062851787
39,66,1.3541597644133228
73,57,1.3279718511870928
94,63,1.3238543256052904
54,25,1.3230597344892365
47,3,1.3262818808268224
10,81,1.3448670946859889
49,51,1.3677258033837592
32,108,1.3251840195485525
91,105,1.3284927516111307
24,66,1.3416377764993481
18,18,1.3696125852210181
63,108,1.3364236982805389
58,31,1.3504547157457896
33,108,1.3325780435864414
93,38,1.329229154757091
6,40,1.3499194170747484
90,75,1.319853276014328
20,12,1.3452523119215454
86,95,1.3503146379121713
91,92,1.3346625513264112
35,30,1.3272665602354599
58,95,1.3645760611231839
32,74,1.337547660672239
27,4,1.3401190462921346
90,62,1.328725028783083
89,18,1.3388700195189034
38,20,1.3756447253482682
22,108,1.334093318986041
63,46,1.3450851727809225
57,20,1.346093109143632
96,7,1.3231870702334814
65,78,1.3445962167211942
91,75,1.3292213774153165
39,39,1.3548489332731282
94,59,1.3239747456141882
62,70,1.3320518476622445
13,55,1.3985498419829778
83,99,1.348128782319171
71,101,1.371545448899269
65,100,1.3236382135323115
50,99,1.3605849737567561
58,71,1.3511936744408948
84,50,1.365787260234356
21,24,1.2955574526318483
33,74,1.3435611952112854
93,82,1.323532059788704
17,83,1.3186713409210955
48,112,1.3666545440043723
33,50,1.3647732798542296
11,44,1.3289134284215314
54,83,1.338483186970864
94,24,1.3154267998678344
96,6,1.3171541105423654
15,37,1.3436366713472776
40,37,1.3446039049220937
65,73,1.3305185362696648
77,47,1.3793949772204672
22,40,1.3559817437614714
48,47,1.373839913734368
37,101,1.3774388246238232
52,95,1.3528877729550004
39,67,1.333843701652118
27,96,1.356205865740776
38,42,1.3347107898443937
71,109,1.359843909740448
65,85,1.3405943736433983
40,96,1.3556836172938347
47,4,1.3311157056263514
39,86,1.333221853843757
34,78,1.3489666557205575
26,81,1.3517392638937704
14,108,1.3320845546965887
92,59,1.3309389842408044
47,30,1.3307125577703118
46,27,1.324702499500875
89,40,1.3161401910973447
75,85,1.3053943504180228
88,106,1.322302011506898
67,40,1.3494985976389475
23,95,1.362019683766578
75,62,1.325658387371472
28,22,1.3069799348179783
59,21,1.3790024848920959
33,84,1.358177446095007
78,83,1.3197429648467474
26,35,1.3301339990326337
74,95,1.352169284064855
50,52,1.321373344532081
32,61,1.3272989754165923
19,55,1.3890326810734612
90,24,1.3162308122430528
53,4,1.3310812722359384
64,63,1.3102774686579193
46,102,1.3299972180809294
7,70,1.3340123174712062
94,88,1.3216503635048866
58,74,1.3468129153230362
93,11,1.3157906894172942
10,112,1.3529285825788975
45,100,1.3105627159987177
62,20,1.3589919270681483
65,74,1.3394847405808312
23,101,1.3717636891773768
26,40,1.3422388072524751
54,71,1.3417929460244653
40,31,1.3475822361984424
92,1,1.311000325850078
89,63,1.3200168694768633
33,31,1.347449907766921
92,87,1.3210981637239456
70,95,1.3385110975941643
40,80,1.3579757175009166
30,14,1.3795733515705382
66,14,1.374060075197901
61,55,1.3592136555484362
24,18,1.361233429717166
86,64,1.3697171583771706
40,3,1.3463060217244285
86,40,1.3512195061360086
42,100,1.3189519771507807
40,74,1.3432083747216634
89,57,1.3149775021842547
42,80,1.348771850711533
12,23,1.3168864444430386
6,80,1.344818110444716
51,14,1.3684521242976189
96,113,1.32668440629329
85,96,1.3469540891902787
42,75,1.3313391996281487
40,75,1.3366793037525244
39,83,1.3495339996048383
76,47,1.3657502861959594
2,40,1.3441593199968338
88,44,1.3379983827471733
20,59,1.3474796644545026
31,55,1.388660722545215
58,52,1.3207653452243124
24,112,1.3598170197967971
77,95,1.346715843837176
61,95,1.34296479927642
15,108,1.3283561365013676
90,50,1.334430422234748
45,53,1.3143347916858537
92,38,1.3249326444097929
90,85,1.320931306907109
28,21,1.3702509286148208
46,110,1.313986886292696
7,68,1.2961737918002265
93,0,1.3271819523402624
45,110,1.3249523171356745
88,104,1.3287950637085097
36,100,1.2964667853500162
88,29,1.3303785962717873
90,20,1.337610985185685
20,49,1.3273249742175852
94,74,1.319893445287432
26,98,1.3231040367058344
89,4,1.3302281914012772
94,65,1.2953668641192573
15,31,1.338199051895312
34,77,1.3293672042865572
89,75,1.3160636350512505
50,50,1.3630303402564354
38,47,1.3906361332961492
45,16,1.3226898392396313
93,16,1.3290491657597678
24,75,1.3291742908103126
5,109,1.3659844132406371
26,46,1.3440215467874492
14,109,1.3614618959171432
44,16,1.3136934680598122
38,59,1.348034665587225
90,70,1.314856730401516
33,33,1.336233286652714
42,110,1.3322876649243491
88,46,1.3343186123030526
40,1,1.3210502373320716
38,40,1.3625834296856607
34,1,1.3233320520542162
12,21,1.379111229309014
23,105,1.3280112835179483
13,96,1.3655258693865366
39,10,1.3370178641219224
92,61,1.3223951246057237
45,57,1.3300629119787897
45,102,1.3226782573120934
40,48,1.342772291707141
41,70,1.3349921684712172
93,1,1.3131660159145082
23,18,1.3671093694865704
45,43,1.3158305521522249
58,50,1.3653496876358986
14,75,1.3300158674163478
20,112,1.3730927248086249
84,95,1.350562221320745
20,25,1.3305818026087113
20,37,1.3486937337688036
15,59,1.3304233450492444
45,11,1.3095245116523333
15,90,1.3203694433239954
54,3,1.3402083037155015
90,4,1.3367793267326695
33,61,1.332788952759334
55,21,1.383762287242072
48,51,1.3574514389038086
30,55,1.393644439322608
88,78,1.33709993319852
22,14,1.3777199877159936
28,78,1.3288804910012655
81,112,1.3478139524481125
92,105,1.3262267570410455
6,14,1.3743070321423667
58,83,1.3466264440545015
45,96,1.3420325347355433
35,80,1.3531861071075713
79,109,1.3582567663065024
93,45,1.3207589494330543
63,85,1.34128571833883
19,14,1.3772007705909866
25,14,1.37678917071649
81,60,1.3440936830426966
58,16,1.3391619910752135
10,98,1.3195860396538461
26,17,1.3331375909703118
24,64,1.3591356133776051
46,101,1.3679313803357738
7,61,1.316122437694243
86,3,1.3301141038537025
5,14,1.3746226110628672
83,40,1.3408490025571413
31,80,1.3607767455812012
84,109,1.3619648212833064
89,22,1.3133364564606123
15,99,1.3483901368287792
39,17,1.337117038667202
61,46,1.3282031108226096
50,80,1.3602581207773514
71,50,1.363654107919761
54,46,1.3362437092832156
