HSCode,ShipmentDestination,dist
94,115,1.3189882306115968
91,17,1.3320833263652665
83,83,1.3500984268529075
93,9,1.321113075528826
93,116,1.3133277595043182
93,21,1.3097108352397169
91,100,1.317888738853591
88,83,1.3247683803950037
93,81,1.3208742141723633
32,54,1.3078042311327798
88,88,1.3203238514917237
89,25,1.307612651160785
54,21,1.3166606426239014
93,83,1.3226964963333947
93,92,1.3081934760723795
44,113,1.341461572263922
88,81,1.3227478946958269
88,116,1.315205851835864
88,89,1.321066259273461
32,21,1.313537554017135
94,17,1.323070767734732
94,23,1.3204613870808057
93,35,1.3093074155705315
43,116,1.337737314403057
90,116,1.3286934260811125
54,17,1.3241491945726531
88,23,1.316007714186396
88,9,1.3206236639193125
88,4,1.3258647280079978
93,89,1.319898868245738
39,9,1.3134691310780389
54,81,1.3282974532672338
88,59,1.3044836797884531
93,17,1.315628347652299
33,81,1.3317962086626463
32,25,1.3066823546375548
88,92,1.3098026918513435
93,58,1.3050289558512824
10,0,1.2861023098230362
93,36,1.3127909685884203
88,97,1.3005251330988747
93,50,1.3090673674430167
94,89,1.3270301052502222
88,36,1.3150453642010689
54,116,1.3209706842899323
32,17,1.3217205277511053
32,88,1.3248204652752196
34,81,1.3377648230109895
93,88,1.318680641906602
31,35,1.3362122944423132
39,81,1.3142509066632815
93,113,1.3300209056053842
93,59,1.3024369009903498
32,81,1.3249158327068602
91,83,1.3378221222332545
88,121,1.299543634057045
92,54,1.3086216364588057
88,21,1.3108844815620355
39,36,1.3102022962910789
93,78,1.3068864792585373
92,81,1.3206851524966103
39,59,1.2993732978190695
91,104,1.32827540487051
65,54,1.300968661904335
93,121,1.3035772059644972
72,115,1.3478811127798898
63,82,1.2913859044866902
93,8,1.3206500645194734
90,113,1.340889545423644
42,83,1.331899764282363
58,81,1.3297864028385706
88,17,1.3170166611671448
81,60,1.3048434321369444
63,81,1.325491494366101
88,113,1.3294221854635648
39,17,1.3099792152643204
88,104,1.312162505728858
62,81,1.3243186441915376
88,25,1.3007995624627386
48,89,1.3493843653372355
93,4,1.3251434788107872
65,89,1.314750927899565
93,25,1.3015641591378622
32,116,1.317212673170226
52,68,1.2407070036445345
92,36,1.3133845350572042
76,116,1.3410318451268333
90,88,1.3338737870965685
0,36,1.348529883793422
15,59,1.3371490836143494
40,21,1.311486579344741
65,83,1.317330253975732
93,41,1.3215172120503016
92,92,1.3076606744102068
42,17,1.3245416624205453
96,89,1.3389120719262533
33,4,1.3383508686508452
10,81,1.319646669285638
50,81,1.3163751704352242
1,42,1.2095440099281924
39,115,1.308094424860818
10,4,1.3268807721989495
89,83,1.3319056715284074
92,21,1.3092122354677744
23,88,1.3235773614474706
39,92,1.3028048021452767
92,17,1.3151016512087412
44,9,1.333734197275979
96,23,1.3326858473675591
93,51,1.304435595870018
38,116,1.3161287627049856
85,36,1.343008156333651
10,89,1.319001195686204
10,36,1.3146392713700021
92,99,1.295966503875596
26,17,1.3178646000368255
44,116,1.3306225346667426
15,89,1.3472201568739754
45,83,1.3381673906530653
92,104,1.3110771306923457
93,115,1.311633703964097
92,41,1.3200807997158595
89,88,1.3263735036764825
94,41,1.328029345188822
96,113,1.3461264563458306
94,36,1.319875297801835
96,36,1.3340992416654314
93,0,1.2950515214885985
33,63,1.3317860066890717
10,88,1.318590307874339
89,104,1.3177087977528572
93,104,1.3142337213669504
65,36,1.307960389980248
63,17,1.3223574683070183
50,116,1.3084812217525073
93,100,1.3027106683169092
39,21,1.3021757741059576
93,23,1.314378940633365
93,103,1.302135164716414
88,115,1.3132779651454516
88,58,1.3047997940863882
88,14,1.2901814367089952
92,25,1.2991075941494532
33,25,1.3126786681158202
88,82,1.28495889795678
93,63,1.3248109849435943
15,81,1.347997995359557
92,88,1.3185135019677026
89,89,1.327020746256624
50,35,1.3083591237664223
92,23,1.3141512125730515
96,50,1.3284458134855543
93,11,1.3097946686404092
92,89,1.3192207259791238
88,12,1.2879584963832582
92,50,1.3087747586624963
91,99,1.3160493118422372
92,9,1.319006370646613
88,35,1.3111926593950816
61,116,1.3356289735862188
72,92,1.3392176032066345
92,35,1.3094376038227762
54,36,1.3235392943024635
93,45,1.3027746608214719
92,4,1.3245815538934298
44,88,1.3383033445903234
91,88,1.3357917070388794
26,36,1.317206091114453
91,116,1.3284776615245002
50,17,1.3114321971578258
23,89,1.3240795630429472
89,59,1.311427228152752
10,21,1.3077050684286016
92,59,1.302568148289408
93,54,1.3103647295917784
93,32,1.318186265017305
32,109,1.3072843594210488
31,83,1.348611491067069
38,41,1.310041386101927
10,38,1.2764781937003136
38,92,1.3118521230561393
94,88,1.3255591999207224
93,70,1.2957465052604675
40,81,1.324577664158174
10,115,1.3116592945797103
42,116,1.3206942336899894
10,83,1.320880115032196
46,92,1.3212422068629945
92,0,1.2899335218327386
92,83,1.3232175196920122
79,83,1.346370983336653
58,115,1.3238374761172704
94,59,1.3101560835327422
39,116,1.3069140442780085
26,83,1.3242934697440691
88,63,1.3254204232777869
61,83,1.3458853257553918
24,36,1.3221688440867834
75,81,1.331200225012643
92,116,1.3131262330072266
93,12,1.2925773145897048
65,63,1.3200774182166373
51,105,1.2764385438391141
88,54,1.309607477060386
50,83,1.3193315379321575
91,36,1.3299440826688493
42,21,1.3153689290796007
50,63,1.315699240650117
42,81,1.3285480460950307
65,41,1.3110804940973009
32,92,1.3142192895923341
45,23,1.32825625368527
54,58,1.3042735776730947
93,97,1.3024745391947883
34,116,1.3297081610986166
33,116,1.3236167888556207
83,81,1.3455795039023672
83,23,1.3388930410146713
65,81,1.314071151827063
58,23,1.3233207485505514
65,88,1.3140585284147943
92,100,1.3018009545547622
65,116,1.3066792104925429
88,99,1.2962689559374536
32,35,1.3167385033198766
42,35,1.3199847202215875
26,113,1.3299336997526032
83,60,1.3116070255637169
81,36,1.3333938143083028
86,88,1.3482802957296371
32,85,1.2934390945093972
91,81,1.336271039077214
91,60,1.3241348543337412
93,109,1.310527605669839
79,109,1.3086795530148916
61,36,1.339632790003504
50,25,1.2945394947060518
78,81,1.346334621310234
91,59,1.3195720165967941
61,23,1.334425185407911
34,88,1.3370992924485887
70,4,1.35866650726114
58,12,1.2915124297142029
94,116,1.3197379261255264
65,59,1.2995324517999376
50,4,1.3221833232258047
49,63,1.3358811709497656
96,81,1.3391329050064087
61,17,1.3389871439763479
92,115,1.31101144105196
24,25,1.3038240665835994
62,36,1.3192135957734925
40,85,1.2937361321278982
10,23,1.3132261570010866
28,89,1.3398270521845137
20,15,1.2621503972581454
89,81,1.329099996813706
81,4,1.3467338702508382
24,35,1.3177714331873827
42,4,1.3357794625418526
40,35,1.3155522154910224
45,116,1.3272837581379073
16,54,1.3096934759191103
75,35,1.3211139802421843
89,35,1.3182906316859382
89,9,1.324638446526868
45,115,1.3288789551172937
40,23,1.3177651103053774
50,89,1.3165157921612263
83,116,1.3381505523409163
24,21,1.3135070747562818
65,52,1.2895939658795084
32,59,1.3122385293245316
96,9,1.3402631367955888
96,4,1.349283937897001
50,21,1.3038561818040242
65,99,1.293810669864927
10,72,1.2928311335189002
93,99,1.297605434698718
74,113,1.3437167001622063
39,83,1.3177852917994772
54,82,1.2909255623817444
94,4,1.3341689705848694
50,14,1.2736463802201408
92,63,1.324331205870424
13,116,1.3234064036181994
50,32,1.3062818720936775
24,116,1.3178638528500284
94,81,1.3274745174816676
24,115,1.3186576153550829
33,41,1.3246712258883886
81,113,1.3394454142877035
10,112,1.2887662180832453
54,35,1.3194740489125252
91,92,1.3246298804879189
89,60,1.3147401873554503
10,99,1.2947758957743645
81,23,1.3300092709915978
10,41,1.3151328946862901
45,82,1.293440189744745
54,83,1.330878157700811
91,82,1.3058692610689573
70,35,1.3429011681250163
32,89,1.3247653948409217
54,59,1.3126485326460429
93,107,1.2947379616754395
65,4,1.3199309408664703
96,54,1.3246930518320628
61,81,1.3428926404033388
88,50,1.3094989348735129
63,58,1.3005774830068861
93,85,1.297383424426828
89,116,1.3212833436472076
50,36,1.312497330563409
26,21,1.3099223540297575
50,112,1.2779511223946298
82,113,1.336368556533541
93,112,1.295479175235544
62,113,1.3268018609711103
26,81,1.322000872875963
67,9,1.3391674693141664
26,59,1.306847254080432
81,81,1.337042327438082
89,41,1.3264326368059431
45,9,1.3306147583893366
93,105,1.2857039687888963
88,109,1.3088213514004434
39,89,1.3151005910975593
14,17,1.3209773525595665
90,17,1.3305090899978365
40,92,1.3119250221976213
58,36,1.3260480612516403
91,35,1.3248983834471022
42,36,1.3236849116427558
50,121,1.293075367808342
38,23,1.3163868827479226
90,23,1.3285427668264933
45,81,1.3350490342293466
96,97,1.3187046689646584
24,17,1.3217075355350971
50,115,1.3095930399639266
81,116,1.3294708388192313
62,88,1.3244610215936388
62,105,1.2840313954012734
92,82,1.2830889927489417
58,21,1.317837112716266
38,89,1.3252429983445577
50,23,1.3101453334093094
94,92,1.3153099726353372
51,4,1.3583990186452866
10,92,1.3084692023694515
96,35,1.3297703585454397
94,35,1.3166191918509347
96,116,1.3320327230862208
24,92,1.3137889440570558
75,36,1.3274988723652703
92,78,1.3048498194132532
54,85,1.298215314745903
33,17,1.328392573765346
32,23,1.3188571759632655
32,83,1.3277849235704966
34,25,1.3170988581010274
24,41,1.315380300794329
76,65,1.2778614514640398
64,36,1.3421056802783693
54,92,1.3174823565142495
45,92,1.3227316652025496
65,21,1.3023150978343827
33,23,1.3254449527178491
96,25,1.3261153655392783
94,83,1.3298341631889343
88,78,1.3064762066517557
29,89,1.346089135323252
93,44,1.2963357674224036
90,81,1.3358996382781438
40,63,1.3226277528862869
91,75,1.3049582285540444
41,116,1.3327701102410043
90,50,1.323575300829751
92,97,1.3002890912549836
62,9,1.3199160248041153
24,4,1.3327017713870322
40,36,1.3205919271068913
14,116,1.3167260033743722
33,82,1.2927214279770851
63,116,1.318735578230449
36,25,1.3278032221964426
0,89,1.3494805438177926
16,83,1.3448796144553594
33,83,1.334886799965586
33,36,1.3279327409608024
40,99,1.2937724952186858
62,92,1.3125911035708018
90,109,1.3174784971135003
89,23,1.3208764738270216
23,4,1.3329600574714797
40,115,1.3162248783877917
81,54,1.3156556252922331
10,116,1.312509729393891
44,81,1.3388260560376304
90,97,1.3126422954457146
91,25,1.3190236857959203
92,107,1.2891294338873454
42,88,1.327461329954011
39,0,1.2744599155017309
91,11,1.3232001044920512
58,17,1.3262418370161737
7,36,1.3296413283262933
26,9,1.3221150785684586
39,88,1.3141867741942406
61,9,1.3397284618445806
42,113,1.3350629614932197
63,36,1.3217386560780662
65,51,1.2927299908229284
94,113,1.3356792948075704
96,88,1.3381989725998469
54,9,1.3286192821604865
32,78,1.3031774567706245
26,116,1.3138989454933576
93,28,1.297666993524347
61,89,1.3441125729254313
26,89,1.3221352824143
10,25,1.3010531440377235
20,115,1.3185014298983984
24,81,1.3261062407067843
47,109,1.3232766496283668
4,59,1.3294881411961146
70,83,1.355082826954978
88,41,1.3219929965479034
96,105,1.303385391831398
44,36,1.333218291401863
39,4,1.319558278790542
33,21,1.3196101625050818
69,50,1.3271660559943743
39,82,1.2725826323564564
84,36,1.338740165744509
87,92,1.3339901023677416
46,23,1.3256340431315559
91,4,1.3425360172986984
12,41,1.3170377952711922
52,83,1.35848149231502
57,35,1.3378370191369737
27,36,1.339367331138679
33,115,1.3256434457642692
44,89,1.3386051335505076
96,110,1.304825293166297
62,8,1.3066188959138734
93,90,1.309109848524843
31,81,1.3436108965958868
76,76,1.244644217725311
88,117,1.2882138304412365
10,11,1.3066105746797152
42,41,1.321733119232314
92,65,1.2972958662680216
44,23,1.3303244284221105
81,83,1.3409596660307475
58,50,1.3172022380999155
92,39,1.322894009096282
14,50,1.312311810042177
15,36,1.3452010452747345
38,81,1.3239028315458978
88,85,1.2954253107309341
34,115,1.3326544186898641
94,100,1.3086123477135385
89,99,1.3042552907552039
24,14,1.2757434419223241
93,65,1.303270436823368
44,35,1.3300790190696716
91,105,1.2958960128682
7,35,1.3248992817742484
65,100,1.2942926319582122
78,113,1.3402340625013625
50,59,1.302401132349457
34,35,1.3294324427843094
91,50,1.3221897844757353
88,11,1.308182340647493
45,89,1.335122562944889
72,116,1.3431830299752099
40,116,1.3164851713393415
94,8,1.3182306992156165
88,100,1.3030066256012236
85,39,1.3035206241267068
62,17,1.3203454124076026
62,116,1.31654904037714
10,17,1.3154363073408604
45,75,1.2832737240408147
4,75,1.2484714722793018
0,59,1.3389376125165395
10,82,1.2819861399808101
26,4,1.330658950975963
57,92,1.333583380494799
92,45,1.299747608602047
44,112,1.306761513863291
44,25,1.31818595209292
94,75,1.2954781161887305
20,89,1.3245355976479394
47,83,1.3464892591748918
96,104,1.3333736062049866
24,0,1.2768409347959928
39,50,1.3050047872321946
65,35,1.3044864375676428
85,23,1.33589249423572
74,59,1.337901495397091
23,35,1.3158930497510093
65,82,1.278296029993466
93,60,1.3179384576422828
89,17,1.3227532037666865
81,89,1.3375660734517234
93,77,1.2903693275792258
50,51,1.2943498928632056
45,63,1.3392966096954686
92,11,1.306597147669111
9,83,1.353441568357604
24,23,1.319381863943168
45,73,1.2845147347876005
45,41,1.3290491583091872
94,63,1.331720496926989
24,88,1.3257806929094451
11,83,1.351919490311827
32,121,1.3039598635264806
96,115,1.3336412736347742
50,99,1.287819034819092
45,17,1.33041143736669
39,100,1.2951516349400793
32,112,1.2854554908616203
33,89,1.3321769716484206
42,89,1.3279996471745628
68,36,1.3458647749253683
91,51,1.3152632330145155
52,88,1.3550612458160944
90,54,1.3187749949949128
39,32,1.3070055693387985
69,88,1.3473121204546519
91,21,1.3275229526417596
88,32,1.3171541626964296
54,89,1.328108862042427
39,113,1.321107609995774
12,36,1.333426575575556
26,63,1.3229978340012687
64,23,1.3359364122152328
26,92,1.3107825677309717
23,23,1.3176756075450353
40,88,1.3245737925171852
94,50,1.3170140151466643
92,113,1.3284174342240607
42,109,1.3109359294176102
32,82,1.28727238625288
44,21,1.328365514853171
10,71,1.2797483743301459
40,97,1.3003674894571304
12,4,1.34089573685612
79,116,1.3343964517116547
40,4,1.3296252701963698
15,115,1.3430746900183814
10,35,1.3111756986805372
26,41,1.3136168335165297
24,63,1.325465965749962
12,21,1.319222416728735
65,23,1.3066873507840293
62,12,1.2845683310713087
42,115,1.3217833329524313
24,83,1.329751277608531
92,32,1.3163157201239042
20,0,1.28129238315991
32,115,1.3193235801798957
93,46,1.298534988292626
88,45,1.3001693678753716
89,21,1.3168096675404481
81,51,1.3035864042384284
96,92,1.3291284857051713
79,92,1.3312114562307085
65,17,1.3096516244113445
65,50,1.3046936616301537
58,89,1.3298776575497218
32,58,1.2955643076981818
79,113,1.339628734758922
58,116,1.3224362954497337
14,21,1.3115611805447511
92,121,1.3003348697509085
20,68,1.2545874523265022
39,117,1.265617557402168
20,36,1.3199293123824256
19,36,1.3406181899564606
90,36,1.3304176649877004
39,60,1.298720350222928
44,51,1.3133947455457278
39,11,1.2964935041964054
48,36,1.347459077835083
91,58,1.3172433355024882
89,54,1.312825623367514
58,71,1.2735766023397446
57,36,1.3434028710637773
40,104,1.3126723925982202
31,21,1.3292035699955054
20,82,1.282963530825717
76,97,1.313716169978891
88,103,1.2996235223753112
33,88,1.3318284686122621
89,4,1.3342964383108276
94,52,1.304705913577761
42,45,1.3035880540098463
75,88,1.3315690883568354
86,116,1.3393907845020294
75,78,1.3011918642691203
96,109,1.325108704822404
81,39,1.3130581974983215
90,9,1.3333342862980706
93,82,1.286689946161849
88,0,1.2900382397430283
72,103,1.2906706695045744
82,81,1.339168491108077
93,39,1.325513196843011
54,25,1.3098667498145784
42,12,1.2895591046128954
32,65,1.2909278105944395
34,17,1.3351656411375319
38,21,1.310589540483696
16,116,1.3324431415115083
10,63,1.3216206966234105
16,115,1.3338434483323778
20,116,1.317528486251831
50,41,1.3072624887738908
20,17,1.321585020848683
89,92,1.3151370020849364
62,112,1.294335378067834
15,102,1.2590474209615163
45,21,1.3201862802462918
93,75,1.2984134246196066
31,4,1.3500148089868682
63,41,1.3260785820228713
75,21,1.3194492406078748
26,54,1.3052372538617678
50,92,1.304792620241642
46,83,1.3407706724745887
44,115,1.3331223343099867
94,109,1.3124811117138182
85,35,1.3360145017504692
93,22,1.3004610623632158
42,59,1.314900930438723
85,81,1.343198414359774
62,23,1.3161498542342867
71,36,1.340832726231643
88,77,1.2823463529348373
24,97,1.2995482230825084
84,35,1.3316457686679704
88,70,1.291446968380894
65,25,1.2972939046365874
3,89,1.3424342359815324
26,23,1.3151644095778465
74,54,1.312078591968332
14,4,1.3326652039374625
89,109,1.3115326038428716
65,32,1.308637794639383
93,108,1.3025993279048376
33,51,1.306339796100344
96,17,1.3368043707949775
54,4,1.336675756743976
39,35,1.3047988201890672
39,25,1.295401183622224
32,113,1.331387562411172
95,100,1.3205939999648504
47,85,1.3076739077057158
44,92,1.326719340469156
73,113,1.3425731807947159
93,14,1.2936056479811668
49,81,1.338023125060967
25,89,1.3531425222754478
32,87,1.283483351979937
54,88,1.327422865799495
93,52,1.307429242346968
95,23,1.3375511744192667
96,112,1.313069618174008
89,97,1.3072829938360624
43,89,1.34583807098014
71,115,1.3385562662567412
14,36,1.3213356797184264
94,32,1.3220389932394028
39,85,1.2845465828265463
31,63,1.3360303294445788
40,78,1.3030219024845533
94,121,1.3052655181714468
88,65,1.2955975862486022
62,54,1.3077435099652834
34,54,1.3159713106495994
86,81,1.3469816467591695
42,23,1.3217423313430376
92,109,1.3081316990511758
10,75,1.2815153659986598
69,54,1.3087955564260483
63,99,1.3031814534749304
54,115,1.322606576340539
63,23,1.318052925169468
31,41,1.3241443389228411
34,36,1.3343525209597178
96,51,1.3133151424782616
45,4,1.3400540224143438
14,83,1.3284713317240988
42,100,1.3080793906535422
83,115,1.342092433146068
92,103,1.2996280491352081
69,17,1.3431961983442307
26,25,1.3029046122516905
40,41,1.3116302309291703
7,88,1.3309824647647994
36,81,1.3498468760933195
92,12,1.288337580859661
94,70,1.2962423712015152
7,45,1.2883354116763388
94,9,1.3271428921392985
88,39,1.3230134546756744
81,88,1.3374604263475962
42,50,1.319466348205294
4,35,1.335163218634469
32,9,1.3235296883753367
90,25,1.3161921224423818
94,105,1.2875982288803374
45,28,1.2813329372022833
81,35,1.3290238423006875
32,11,1.305689653115613
88,60,1.3171489387750626
64,81,1.3446397249187743
40,25,1.3030610409166132
38,4,1.330540700682572
65,0,1.2852171595607484
26,82,1.2829532884061337
64,116,1.3374074122735433
58,83,1.3330413007310458
63,59,1.314628466963768
91,63,1.3406198801738876
45,113,1.3386285209230013
96,85,1.3116789651768548
47,58,1.3091104626655579
42,82,1.2905520317809922
90,59,1.3205720910004206
16,21,1.326207953638264
89,36,1.321210330086095
62,21,1.3138581397277969
63,63,1.3330841729683536
58,35,1.3211647591420583
26,32,1.3135285526514053
43,85,1.2977401151188783
94,78,1.3100330201642854
10,104,1.310444247509752
30,92,1.3285400484289442
70,36,1.3495318634169442
58,100,1.3116154255611556
62,89,1.3245870960610253
23,45,1.2913300948483604
91,32,1.3329926516328539
32,4,1.3332448431423731
62,51,1.2963927100811685
65,113,1.3208595184343201
96,83,1.3424939257758004
38,17,1.3191623959158147
32,70,1.2788767048290797
62,11,1.308329795620271
92,105,1.2830981931516103
39,63,1.315952611288854
83,112,1.3021918088197708
90,100,1.3146782687732153
33,78,1.3100824632814951
20,23,1.317900612950325
39,78,1.295546826507364
81,85,1.3045124667031425
63,51,1.2988753116556577
44,17,1.3337710670062475
20,4,1.3336131455642837
26,50,1.3122539626700538
57,41,1.3289478655372347
75,116,1.3238390705415182
88,51,1.303886704146862
89,115,1.3205669575503893
52,0,1.290676118007728
15,35,1.3417395736489977
96,57,1.307227376316275
96,45,1.318721316754818
85,109,1.3096308623041426
23,36,1.3214582609278815
63,100,1.304648607969284
70,21,1.337516415332045
94,58,1.3076447599700518
91,8,1.3301556621279036
10,58,1.2968996635505132
4,36,1.3412750693304198
70,17,1.34690510481596
95,35,1.339617275765964
88,22,1.2933127145682062
94,97,1.3077838207994188
7,11,1.2978377813207251
39,8,1.300069095832961
94,51,1.306770377925464
64,85,1.3064209478242057
22,88,1.3429928805146898
90,51,1.310327600155558
54,11,1.3132088886840003
31,36,1.3421131787555558
64,83,1.3485376238822937
69,89,1.346862303359168
50,6,1.2650488282420806
82,23,1.3313442915678024
32,63,1.3291561603546143
10,59,1.3053581767848559
13,115,1.3268129197614533
89,0,1.2952891737222672
38,36,1.322773097881249
51,89,1.3510523055280959
62,85,1.297322398849896
91,113,1.3468015534537179
84,112,1.2882880525929588
57,59,1.334375438945634
65,85,1.2889311228479658
24,104,1.3124851903745107
50,50,1.3065458190228258
67,85,1.3048557404960905
34,21,1.325486923967089
91,0,1.3109240446771895
58,32,1.3210137177790915
11,63,1.343448628272329
82,116,1.3319350183010101
92,112,1.2916684235845293
57,11,1.3138278286371912
0,21,1.3348948806524277
77,116,1.3406644186803274
92,70,1.2900204647864615
88,8,1.3175285117966788
95,116,1.3391660047428948
54,32,1.3200949600764684
45,58,1.3066841512918472
44,11,1.3243479217801775
54,0,1.2922405345099313
81,22,1.2784739573087012
12,17,1.3303908333182335
46,4,1.3401256565536772
79,89,1.342876530119351
65,60,1.3012316673994064
90,21,1.3265066200069018
39,58,1.2879965464983667
63,113,1.3276152962020464
44,121,1.314824036189488
96,59,1.3251312119620187
93,117,1.2916913043175424
41,11,1.307405099272728
91,52,1.315077590090888
80,116,1.3296888183270181
75,104,1.3143345820052283
90,92,1.3242980667522974
14,81,1.3249181413224764
19,89,1.3390945600611823
33,35,1.3232569960611207
73,116,1.3411399402788706
93,57,1.3014576264790125
79,100,1.3178943714925222
65,92,1.3026039323636465
10,6,1.2804269593741213
63,83,1.3297888966543334
10,85,1.294059943407774
44,83,1.3425605190651757
85,103,1.2933450234787804
3,115,1.3376381642052106
91,115,1.3288041896053724
88,105,1.2824851987617356
96,100,1.3211938036339623
58,4,1.3375080579093523
85,116,1.3360850236245565
81,112,1.3004283628293447
62,35,1.3151813681636537
58,88,1.3293084757668632
49,36,1.3377442711165972
57,21,1.3318393315587724
63,88,1.3251661732792854
50,88,1.3160139950258392
94,99,1.3021226865904671
33,109,1.3147481860859054
54,23,1.3226936576621873
46,115,1.3275517991610937
34,63,1.338670043008668
14,88,1.3253954883132661
26,88,1.321493468114308
47,105,1.2950102527226721
26,51,1.2996145582624845
81,99,1.3150534289223808
40,89,1.3247751013508864
17,88,1.3449924662709236
45,59,1.3210564287645477
58,63,1.3296233836029256
38,99,1.2949665316513606
94,112,1.3007261689220155
93,24,1.3077554277011327
83,54,1.321869473372187
23,85,1.2871851603101407
83,35,1.3384579217859678
91,89,1.337216466665268
61,121,1.316961258649826
90,32,1.3269996770790644
48,21,1.3368670525295394
14,59,1.3109387489301818
14,63,1.323480522526162
20,7,1.2619108829115118
43,21,1.3315521031618118
10,113,1.3292637744120188
19,50,1.3272626070039613
7,60,1.287628214274134
93,6,1.2958664510931288
44,100,1.317725922380175
10,47,1.2884534107787269
34,4,1.3464501883302415
20,81,1.3245918644326073
63,97,1.3010391252381461
41,21,1.3271359838545322
40,83,1.3283401136951787
92,90,1.30282639924969
65,9,1.3134089931845665
69,36,1.3462697182382857
62,83,1.3280258221285683
81,17,1.3345110607998711
75,109,1.3023056877510888
47,4,1.3542914582150323
89,112,1.2959308890359742
32,50,1.314454014812197
63,89,1.325785520885672
4,63,1.3399808555841446
62,99,1.3055794739297457
20,59,1.3107810499412673
20,88,1.3238690144249372
42,78,1.308969609439373
32,100,1.3046887176377433
44,8,1.3247477561235428
96,32,1.3338757093463625
10,76,1.2809636646083422
76,89,1.348716846534184
74,81,1.3480170901332582
93,98,1.3260391162974494
42,25,1.309573667390006
94,54,1.3140958430511611
96,21,1.3310295790433884
54,41,1.323735311627388
90,41,1.3341155775955744
62,25,1.3072683342865534
86,112,1.291412232177598
54,54,1.31326540772404
39,99,1.2885559467332703
44,39,1.3287272176572256
20,21,1.312153380896364
24,89,1.3252946787646838
10,50,1.311658796455179
10,80,1.2740459974323
96,64,1.3044992344720023
96,11,1.3267698298607553
88,56,1.2844491941588265
91,112,1.3093602976628713
79,81,1.3414345979690552
79,105,1.284120503280844
34,83,1.3409015089273453
61,92,1.3324246044669832
36,21,1.3351109682449274
76,58,1.3015838850821768
20,50,1.3132655684437071
73,88,1.3486799853188651
81,78,1.3135205102818353
90,85,1.306035010942391
83,31,1.2656479648181371
83,36,1.344364124749388
72,36,1.3510193611894334
48,113,1.3456853340779031
32,36,1.321142383984157
39,54,1.2994217340435301
39,23,1.3089929052761622
37,89,1.3464447749512536
86,115,1.3425383461373193
54,112,1.2941556125879288
58,99,1.304106280207634
16,11,1.3058916934366738
24,32,1.3140578951154436
92,20,1.285094684788159
23,58,1.2849085228101882
91,109,1.325198729123388
26,35,1.3129548909408706
48,63,1.3483961309705461
64,9,1.3372708644185747
40,0,1.2784406462950366
7,4,1.3414287652288164
44,19,1.2954757841570037
89,32,1.3207216944013322
44,52,1.3062363692692347
74,17,1.3439334481954575
75,113,1.3295238337346487
20,63,1.3255747040467603
14,115,1.3192346724016326
36,11,1.3079300400401865
4,121,1.3014605577502931
94,21,1.3168011062911578
48,85,1.306697232382638
33,85,1.3017281208719527
57,83,1.3506175492491042
11,81,1.3462333615337099
15,25,1.3276730882269996
39,45,1.2891558105392116
0,35,1.3416495748928614
89,50,1.3174614959529467
34,41,1.329087930066245
42,29,1.2645903761897768
90,83,1.3396502435207367
44,108,1.300104331757341
13,36,1.330618133502347
10,12,1.2895953016621726
64,17,1.3406564816832542
63,4,1.3318303929907935
91,121,1.3197397312947683
83,109,1.3169981666973658
49,50,1.324929220335824
24,82,1.2787350865213998
45,36,1.329235315322876
89,82,1.2898009440728597
46,88,1.3349589886409896
42,99,1.303845735532897
90,104,1.32330152711698
91,14,1.3043858004467828
14,113,1.3292890297515052
76,81,1.3479748687573843
14,121,1.2926911945853914
96,82,1.3114299369709832
51,116,1.3429596892424993
40,14,1.2779002514268671
63,54,1.3075409957340784
58,9,1.3300615357501167
76,23,1.3402348597134863
89,121,1.3046715940747942
63,28,1.273312860833747
90,4,1.3410038160426276
50,82,1.2731377870908804
81,109,1.314587876200676
45,25,1.3143458547336715
69,116,1.338774146778243
33,92,1.3208989288125719
33,50,1.3191683409469468
54,105,1.2839135751128197
15,21,1.3351886006338256
63,50,1.3149827367493085
62,103,1.2975234147161245
96,63,1.346966722181865
12,104,1.3114281562822205
96,121,1.3176389847482954
64,60,1.3041945983256613
41,88,1.3405564831835883
62,63,1.3332445488444395
41,4,1.348185956478119
3,72,1.2392068143401826
32,97,1.3005895369819231
63,115,1.321330257824489
70,116,1.3429239754165923
44,44,1.291498982480594
8,17,1.3481212322201048
14,92,1.3133603526013238
34,47,1.2741519989711898
76,41,1.3388447335788183
65,115,1.3066981392247337
54,113,1.3368688694068365
81,21,1.3279776158077377
52,115,1.3481608501502447
91,54,1.3254103373203958
62,45,1.2946107760071754
91,23,1.3307391703128815
90,63,1.340163184063775
28,36,1.3422325806958335
93,27,1.2845501857144492
75,83,1.3359205829245704
50,97,1.2929134352930955
45,88,1.3336948943989617
83,89,1.3470519057341985
93,118,1.2920027460370744
12,32,1.3120270743966103
48,81,1.348158985376358
94,103,1.304034486413002
26,11,1.3060625972492355
26,58,1.2950941632900919
17,116,1.3383520628724779
6,59,1.3369743930441993
23,92,1.313384275351252
17,89,1.3444399046046394
3,88,1.3425587032522475
82,59,1.3309562738452638
94,65,1.3043391300099236
74,89,1.3484745195933752
1,99,1.3109898790717125
92,85,1.2951410774673735
34,50,1.3232272160904748
39,28,1.269045106534447
50,104,1.3057454260332244
67,23,1.3415923512407713
75,85,1.2933947177869933
81,9,1.3334205086742128
48,100,1.3234442419239454
77,81,1.3480664055262293
74,36,1.3476113666381155
86,106,1.2406749916928155
72,89,1.35165236890316
61,4,1.3506032590355193
88,98,1.3188463577202387
44,4,1.3436205898012434
93,29,1.2861249319144659
40,17,1.320109126823289
58,82,1.289400052279234
44,104,1.3298068014638764
94,45,1.3068042754062585
91,9,1.3379325973136085
26,99,1.294558082308088
42,9,1.3267332868916648
45,109,1.3160790801048279
63,92,1.314701609313488
10,49,1.2807361196194376
45,54,1.3173603968960899
67,25,1.3245913035103254
5,55,1.2160705450390066
58,92,1.3196221824203218
65,45,1.2912079681243216
33,105,1.285017378628254
57,88,1.3455350462879454
15,83,1.349951827100345
58,25,1.3121154883078165
89,58,1.3069483190774918
65,19,1.2787843676550048
88,28,1.2919296122023038
4,116,1.336185255220958
48,116,1.3412654985274588
0,81,1.3489809547151839
74,116,1.340441603745733
84,89,1.339547801230635
28,83,1.3478094946060861
20,41,1.3148686641028948
50,0,1.2750848952148641
32,45,1.299866832792759
63,6,1.273665533534118
48,5,1.2421334721148014
15,41,1.333356452839715
12,22,1.2346081140318088
40,82,1.2775554653988885
96,19,1.3019903834377016
96,39,1.33122632758958
45,11,1.316131588603769
72,113,1.3445762204272407
63,108,1.2782499194145203
26,85,1.2917527460626193
64,88,1.3442052964653288
94,11,1.3137882937278067
57,81,1.3456353672913142
70,54,1.3181646785565786
92,44,1.290690885058471
45,65,1.3007118520992142
13,121,1.2817259239298957
54,104,1.3184789610760552
88,15,1.2903050418410982
68,25,1.3229872935584612
27,4,1.348192379942962
29,116,1.338045715221337
23,81,1.3248062724513667
4,44,1.2425175909219044
43,32,1.3205012721674783
57,17,1.3411816880106926
4,47,1.2513562531343527
82,115,1.3378695313419615
42,32,1.319018236228398
13,17,1.3279425842421395
14,89,1.3259494709117072
7,89,1.3300984789218222
16,17,1.3363611006311007
23,17,1.3220162216041769
76,113,1.3453926209892546
81,45,1.3072421231440134
26,112,1.2845731100865774
94,10,1.2977012672594614
45,97,1.3124634676745959
58,24,1.2904599968876158
63,35,1.3181864768266678
58,97,1.3055527082511358
92,22,1.2942555706415857
61,41,1.3437097753797258
92,51,1.3027935102581978
89,8,1.316503365124975
34,0,1.2921566856758935
15,88,1.3471393883228302
45,100,1.3136210920555251
75,14,1.2691828800099236
85,89,1.344635356749807
77,35,1.3414072596601077
32,117,1.2666188980053579
42,121,1.3034144597394126
44,99,1.3173013042126382
61,50,1.3310260346957616
23,84,1.2310333555298192
32,107,1.2815866033945764
44,59,1.327133797109127
34,89,1.33647058904171
57,89,1.3453453481197357
16,63,1.3383877527500903
12,23,1.3258889402662004
65,109,1.299409192587648
48,35,1.341422245970794
64,89,1.3437976219824381
90,89,1.3351365391697203
34,82,1.297980627843312
95,36,1.3462734775883811
85,93,1.2311700843274593
39,51,1.2919368680034364
36,23,1.3417989781924657
81,11,1.3177715497357505
69,113,1.3405096914087022
28,115,1.339071388755526
64,25,1.3267452716827393
58,105,1.2850098748292242
15,54,1.3236466156584876
26,104,1.3134714482086045
45,35,1.3252060668809074
89,40,1.2730475557701928
79,39,1.3051431168402945
46,116,1.3264704112495695
93,87,1.3120395711490087
62,59,1.3136328480073385
40,45,1.297441833785602
48,59,1.339240024132388
26,6,1.2721799846206392
96,28,1.3028191136462348
37,81,1.3467880295855659
88,112,1.292528169495719
90,45,1.3106488436460495
10,32,1.3145890885165759
21,110,1.201812032610178
95,106,1.2356912036027228
52,116,1.346712765949113
64,59,1.3340563007763453
65,11,1.3001773985368865
43,17,1.3418198664273535
81,115,1.333009394151824
63,9,1.3202092019574982
4,115,1.3385224172047205
47,92,1.333363035959857
49,97,1.3016249782272749
48,4,1.3567032366991043
42,0,1.290838646037238
83,92,1.335828953555652
93,18,1.2929785358054298
70,81,1.350662655064038
83,113,1.3471389881202154
69,81,1.3462178430386953
13,59,1.3211567444460732
41,81,1.3404544091650419
45,32,1.3248728726591383
86,104,1.3248238563537598
89,100,1.3080818663750375
13,92,1.3202386519738607
33,9,1.3304958471230097
34,80,1.254098349383899
94,0,1.3001647974763597
42,63,1.3314022847584315
54,12,1.2925233777080263
14,41,1.310923466725009
50,105,1.2686310894787312
38,83,1.329262264072895
10,2,1.273387471480029
32,0,1.2868356385401316
46,100,1.3087143216814314
26,102,1.2667747427310263
46,36,1.3317952219929015
75,89,1.3302322179079056
31,116,1.3352200048310416
57,116,1.3377747407981329
24,78,1.3025533237627573
41,83,1.3452025715793883
50,100,1.296702257756676
75,23,1.3213390878268652
83,4,1.3563503239836012
61,88,1.3436251154967718
90,68,1.2851296471697944
90,12,1.292895579976695
66,81,1.3501302557332175
90,121,1.307343263711248
49,92,1.326453481401716
49,99,1.3032411666853088
23,83,1.3280413198683942
2,109,1.298211857676506
79,78,1.3092104601008552
62,4,1.3304061740636826
42,105,1.2825969266039985
45,51,1.3114711024931498
82,4,1.3506369388529234
15,116,1.3409171892063958
49,17,1.3350108180727278
92,14,1.290085839373725
7,49,1.2253249298248972
83,59,1.3348090393202645
63,11,1.3097436470644814
20,45,1.2985733933746815
26,115,1.3158178254961967
47,89,1.3439330064824648
62,50,1.3125783971377782
92,8,1.3178768966879164
71,35,1.333959094115666
32,105,1.2770734998796667
10,51,1.3022709542087145
43,36,1.345026055616992
44,82,1.3020161730902535
44,63,1.3465171067842416
88,44,1.2899176361305373
89,78,1.3113195768424444
36,92,1.338042326271534
47,9,1.3433138983590263
40,50,1.3135136674557413
7,0,1.2676664952720915
50,9,1.3148308066385133
75,92,1.3196913951209612
37,85,1.2962153160146304
75,10,1.2624856872217995
39,24,1.2783533047352518
14,112,1.2769867032766342
35,100,1.3170656125460352
93,71,1.2996899751680238
94,104,1.318737686744758
65,44,1.2764772586524487
69,51,1.2959511652588844
46,63,1.3333784778203284
94,60,1.317527779511043
74,88,1.3482249357870646
39,105,1.270494787820748
43,81,1.3459673353603907
26,10,1.2736535466143064
26,0,1.2840519430381911
84,115,1.3365624036107744
42,58,1.300545570041452
27,21,1.3259980675897427
86,44,1.2481735944747925
77,76,1.2210921722996448
90,115,1.3288523448365075
63,60,1.3054363493408476
63,12,1.282481136066573
81,59,1.3248850107192993
31,89,1.3441848552652769
19,92,1.3300768775599343
38,50,1.314414381980896
65,105,1.2762205568807465
49,9,1.327550443155425
81,14,1.2798254234450204
90,78,1.314674542418548
47,17,1.3422718133245195
65,104,1.306931690445968
96,62,1.2972699701786041
20,32,1.3149128407239914
62,39,1.3112998264176505
56,116,1.3418320736714773
47,34,1.2694077619484492
47,36,1.3404220672590392
63,25,1.3081143221684866
54,60,1.3146486644233977
54,100,1.3090853190847807
96,52,1.313627422920295
45,19,1.2843229472637177
70,92,1.3396402820944786
84,29,1.2239867011085153
89,51,1.30637911600726
39,121,1.2933498982872282
88,19,1.294462148632322
14,35,1.3168078809976578
96,117,1.2943727437938963
20,92,1.313641865338598
50,102,1.259180468640157
16,97,1.3071733617356844
65,97,1.293794888470854
32,32,1.3158922344446182
75,100,1.3045985134584563
86,59,1.3364339875323432
95,54,1.3126858238662993
63,21,1.3152436848197664
57,9,1.3368896203381675
95,109,1.308665388396808
38,85,1.2816275134682655
48,9,1.3391470270497459
33,45,1.30540212563106
75,4,1.3398057669401169
4,25,1.321625493466854
23,116,1.3172483704984188
2,83,1.3493035158940725
65,6,1.2760653761880738
91,20,1.2970568452562605
67,83,1.3542529993823595
4,99,1.3068375810980797
41,41,1.3237238175102644
82,88,1.3418286315032415
75,32,1.3159949502774648
94,39,1.3253344212259566
16,36,1.3373738356998988
23,63,1.3215872734518987
81,93,1.256589195558003
27,63,1.336854589836938
89,87,1.303475090435573
88,52,1.3036175615021162
72,30,1.2150947818798679
85,17,1.3408236769693238
95,88,1.3463532030582428
4,17,1.3406705324138914
7,17,1.327769748866558
33,59,1.318778745830059
58,104,1.3185931156788553
81,24,1.2833957310233797
6,71,1.2231463216511267
51,41,1.3320779928139277
83,39,1.314900353550911
32,7,1.26669066292899
14,23,1.3168428071907587
62,109,1.3052437071289336
92,66,1.2779350578784943
57,4,1.3528250796454293
14,99,1.2923372004713332
34,99,1.3114541151693888
54,102,1.2796726790922028
13,21,1.316273003018328
32,104,1.312575405197484
19,81,1.3403773680329323
33,102,1.269695210669722
31,17,1.3404134746108736
7,83,1.335005878337792
73,81,1.3487216723816735
65,121,1.2986664005688258
85,19,1.257977384541716
26,109,1.306559954370771
39,103,1.2869998650359256
7,21,1.3185926755624158
41,89,1.3411248826554842
28,100,1.3184537259595734
95,81,1.3467896857431956
84,106,1.2333807812205382
79,88,1.343776592186519
45,99,1.3088234130825316
54,50,1.3184145944459098
22,85,1.2896942155701774
80,54,1.3020874889833587
96,0,1.313762556229319
35,25,1.3217108292239053
17,41,1.3262294317994798
14,82,1.2813371105917863
75,50,1.3218003192118235
58,59,1.3156651726790838
79,60,1.2999949540410722
64,41,1.3343130073377065
93,10,1.3010424098798208
20,98,1.300087527504989
54,63,1.3307130304830415
50,11,1.2998452897050552
47,78,1.3170108976108688
4,81,1.3440067512648446
3,81,1.3425683336598533
77,89,1.349406116775104
93,1,1.289371792759214
96,8,1.330355195062501
47,115,1.337628765829972
28,2,1.2279608494469099
34,9,1.3339187800884247
57,63,1.344731721494879
94,28,1.2943977766803332
16,81,1.3402834673013007
61,21,1.3332658037543297
86,32,1.3252994077546256
65,14,1.277312264910766
75,25,1.314902846302305
88,101,1.2884574777313642
48,115,1.344816925270217
50,54,1.2992151688252176
93,19,1.2988899137292589
47,35,1.3360741074596132
54,78,1.3110537614141191
17,36,1.3455286143081528
62,60,1.3045610498104776
91,85,1.312824730362211
79,36,1.3424484580755234
62,95,1.252963341240372
41,63,1.3362638971635274
75,9,1.3248257615736552
65,103,1.2914137212293488
7,63,1.3293771967291832
58,121,1.3073201498814992
63,121,1.301514059305191
52,25,1.3283792148743356
83,0,1.2982825168541499
35,81,1.3441562354564667
47,63,1.345786074442523
96,65,1.318286691393171
49,83,1.3435119571430343
15,63,1.3439986950584821
10,77,1.2738584758979934
65,18,1.2719943385039056
63,77,1.263104624514069
62,78,1.3054290562868118
75,103,1.2877842666847366
48,17,1.3453985963548933
42,92,1.317382623042379
75,51,1.293997300522668
38,25,1.3036352874977248
95,21,1.3354440544332777
20,100,1.306624127285821
86,83,1.3529474522386278
51,35,1.343333707324096
81,110,1.2700156654630388
91,97,1.316659335579191
71,89,1.3410897191081728
65,117,1.2710913366505079
1,59,1.3370774984359741
48,51,1.3061230682900973
32,41,1.3192109486886434
93,111,1.2922289020248823
47,99,1.3160565005881446
34,59,1.324215135404042
45,50,1.3248066359332629
67,63,1.3453449218400888
80,83,1.3425632523638862
89,63,1.3339751133961337
33,121,1.311338601367814
57,85,1.3015481808355875
84,116,1.3316350600549154
65,77,1.2701952766094888
81,0,1.2996711709669657
94,25,1.3090639965874808
13,63,1.327942670988185
58,41,1.3220316405807222
82,89,1.3405267596244812
82,17,1.3370904528668948
54,109,1.3127440533467702
88,90,1.3016253496919359
16,92,1.3281903490424156
39,41,1.3080066133822714
64,92,1.3334954977035522
65,112,1.2860315729464804
49,104,1.31270525178739
7,115,1.3265521813716208
48,23,1.341049149632454
94,18,1.2883862001555306
76,35,1.3414346926978655
10,114,1.2825564848525184
40,112,1.2821094361799104
64,35,1.3369715958833694
15,17,1.3450490300144469
20,83,1.3275204662765776
10,105,1.2807736247777939
84,4,1.3491848515612739
96,103,1.3147794966186797
46,17,1.3295821664588792
84,7,1.2368630404983247
32,102,1.2666814987148558
89,11,1.3126657355044569
20,76,1.2635525869471687
47,81,1.3451260360223907
83,17,1.3439434639045171
95,17,1.3440373688936234
76,32,1.3256444899099213
34,23,1.3310035637446813
61,85,1.3105052965027946
89,12,1.2924708649516106
61,25,1.3280738357986723
62,77,1.268301831824439
4,45,1.3004284362707819
21,39,1.282756959753377
44,97,1.316385520356042
58,113,1.3370083857859885
37,35,1.339645504951477
85,112,1.2972148997443063
61,105,1.298519219670977
44,41,1.3373091433729445
34,105,1.2810130694082804
61,82,1.3124619403055735
49,0,1.2758043631911278
61,59,1.332133691225733
39,112,1.2769760372383254
7,53,1.215312787597733
81,104,1.3258154945714133
57,120,1.2284422452960695
93,2,1.290577688387462
86,18,1.2346113382705621
46,41,1.3190341794065066
90,103,1.310487994125911
82,112,1.284938283264637
50,48,1.2593703716993332
23,21,1.311927605287305
33,117,1.2736528630235366
68,103,1.2834573855756648
96,14,1.302637436560222
35,36,1.3439755822931017
46,59,1.324241993682725
93,7,1.297025160065719
52,36,1.3539654165506363
24,9,1.3217891060880251
76,63,1.3515299276581831
81,100,1.3145192010062081
65,75,1.2794354520738125
12,85,1.2880489847489767
93,53,1.2936786030020033
16,23,1.3321605324745178
62,44,1.2753868965165955
82,83,1.3444818066699165
27,35,1.3325032080922807
61,35,1.3360309026071004
49,35,1.3305927515029907
26,121,1.2989776326077325
44,10,1.2975278070994787
96,12,1.3044288626738958
88,86,1.2850808479956217
85,59,1.334847201194082
90,99,1.311596930027008
90,35,1.3262087170566832
57,14,1.2733778559735842
39,71,1.265355795621872
43,88,1.3465131191270692
49,116,1.3304593722735132
24,51,1.2996868938207626
80,21,1.3245530043329512
96,77,1.2983526438474655
65,61,1.265829442867211
10,121,1.302541813680104
93,13,1.298370969082628
12,58,1.2899855534945215
50,78,1.297634824046067
26,103,1.2925716106380736
82,54,1.3079244217702322
16,88,1.3406798371246882
37,9,1.332682334950992
80,89,1.3386132280741418
81,41,1.3337520084210805
79,0,1.2890324464866094
79,23,1.3339547834226064
34,117,1.266743802565283
75,69,1.2496928455574172
38,115,1.3185040493096625
73,23,1.3400542161294393
91,103,1.3158605386103903
38,35,1.316801778972149
42,97,1.3049278259277344
24,58,1.2949318529239722
88,87,1.3060002539839064
12,121,1.292328723839351
58,10,1.278782888182572
70,89,1.3507548804794038
36,113,1.3438452311924525
85,45,1.3012272619775362
8,81,1.3517867167081152
93,114,1.2998975664377213
85,83,1.348810259784971
85,114,1.2470649613865785
44,32,1.3296859828489167
67,36,1.348478367286069
20,114,1.2637933577810014
23,115,1.319109246134758
7,92,1.3200693343366896
65,8,1.3052464010460036
20,35,1.3165976256132126
34,92,1.327535365309034
7,43,1.2315772066691093
45,70,1.2900945767760277
19,59,1.3303118784512793
75,60,1.2983931047575814
92,58,1.3035173160689217
82,76,1.2392734635089124
86,54,1.3146637518491064
84,81,1.3390792714697974
52,50,1.3414601013064384
10,54,1.308787936610835
34,113,1.3421356741871153
81,50,1.3258736921208245
43,92,1.333558654146535
74,115,1.3438352516719274
45,78,1.3152785471507482
39,57,1.265361452209098
84,17,1.3353690952062607
90,24,1.3044378736189433
70,51,1.3063460545880454
79,4,1.3521674605352538
50,85,1.2863418497145176
63,45,1.2963706223028046
6,58,1.2942197370742048
85,92,1.3330857242856706
49,21,1.325373892805406
46,28,1.2410716168316347
25,100,1.3226276742560523
74,103,1.289964986698968
91,98,1.3335423235382353
85,54,1.3158714026212692
61,100,1.3208940093006407
50,12,1.278384987797056
73,89,1.348537000162261
44,45,1.3105912613017219
15,50,1.3357121422886848
31,88,1.3440661526152067
39,39,1.3058046783719743
15,92,1.3367994746991567
83,51,1.307928635605744
62,13,1.2749166233198983
51,36,1.3499227123601096
87,21,1.3313755057752132
65,78,1.2983662145478385
45,0,1.2980960479804449
24,59,1.3117743049349104
20,104,1.3126342403037208
16,89,1.3407137393951416
12,35,1.3259301632642746
94,14,1.2939602711371012
79,9,1.3336994073220663
25,83,1.3582884051970072
46,105,1.2754552438855171
49,39,1.2938875332474709
96,60,1.3257481242929186
85,24,1.267553265605654
93,61,1.2873414882591792
48,103,1.297835722565651
81,92,1.3266705955777849
83,100,1.3249583542346954
49,113,1.3353578448295593
95,85,1.3010057998555047
42,117,1.2762308189911502
48,45,1.3066357214535986
49,59,1.3280279327716147
33,11,1.3111876079014368
94,85,1.3010155239275523
5,36,1.3451117372938566
32,24,1.281535885163716
83,78,1.316841842872756
24,99,1.296466669866017
54,48,1.2782574881400381
78,116,1.338766879269055
47,88,1.3438400370734078
22,78,1.2990837799651282
57,50,1.3329416747604097
92,16,1.2834853721516473
4,6,1.2490172678870815
37,63,1.34259851702622
27,99,1.3039085630859648
20,11,1.3057760154562337
52,17,1.3499156811407633
13,4,1.3401470492993082
67,35,1.3427820929459162
5,83,1.351624726184777
10,100,1.3024759579982077
93,119,1.2867772462112563
42,104,1.3181669105376517
27,116,1.3317219391465187
44,50,1.329625285097531
62,100,1.3028852588364057
46,35,1.325150697359017
41,36,1.3401867129973002
10,78,1.303012843642916
10,14,1.2846138695521014
33,107,1.2878084262566907
40,11,1.3033738697745971
26,100,1.302940414420196
93,94,1.3009196860449654
94,66,1.2794365659356117
85,113,1.3412910870143346
95,78,1.3086855432816915
65,39,1.3093730637005396
69,83,1.3521545210054942
14,85,1.2863018012472562
79,17,1.33891704252788
58,8,1.3123397071446692
13,50,1.3166620241744178
56,83,1.3551871255040169
10,109,1.3083899138229234
58,112,1.2936398738196917
43,4,1.353732308106763
67,21,1.3347486438495773
5,21,1.331569314535175
75,54,1.3060342222452164
67,41,1.3316300734877586
82,92,1.329040759376117
75,63,1.3390526920557022
52,4,1.3616242515189307
36,35,1.3420985894543784
43,11,1.312135986983776
49,41,1.3213511183857918
52,35,1.348867077912603
51,21,1.33700824582151
51,83,1.356546321085521
20,73,1.2663610242307186
80,50,1.3233376698834556
43,105,1.2743616657597678
51,115,1.3463967889547348
95,104,1.3232959019286292
96,44,1.3039954762373651
61,14,1.2922814041376114
65,12,1.2818493960159165
84,78,1.3016751876899175
44,60,1.3225139890398299
12,92,1.3222696291548865
46,68,1.2282393965870142
54,97,1.3063073690448488
39,97,1.291669441120965
42,54,1.3115295703921999
6,4,1.3552229755691119
61,113,1.3464649000338145
79,112,1.2916914969682693
88,102,1.2908985135810715
67,115,1.34459311408656
83,9,1.34051436824458
96,10,1.3044766336679459
34,11,1.3127724858266967
83,114,1.2650381018008505
70,23,1.3419141939708166
86,63,1.3489800308431898
13,82,1.2847908791154623
33,100,1.311653010547161
42,85,1.2959592906492097
12,89,1.3356684233461107
82,21,1.3287090510129929
4,21,1.329874343105725
70,113,1.3465108594724111
49,23,1.3302948730332511
64,98,1.2945096652422632
5,0,1.276850911123412
95,58,1.3025911120431763
70,99,1.3183539445911134
5,43,1.2309342258875924
91,12,1.305687594626631
95,51,1.2978274864809853
90,11,1.3191148553575789
20,10,1.2669620630996568
82,36,1.3404720255306788
64,4,1.3520687041538102
32,60,1.3045049139431544
93,31,1.3021367426429475
95,39,1.3025579409939902
89,105,1.2870762518474035
10,68,1.2726515015321118
85,21,1.3320608618003982
84,54,1.3079785257577896
38,9,1.3186100167887551
82,35,1.3331179097294807
31,23,1.33700416130679
65,98,1.3085167642150606
80,4,1.3460428331579481
75,45,1.2966941499284335
75,57,1.259670333138534
32,99,1.3013971682105745
90,105,1.2946714152182852
75,17,1.326296413583415
10,43,1.2869001456669398
39,104,1.3018817688737596
27,81,1.3396214214818818
12,115,1.3284768951790673
20,58,1.2931633091398649
58,51,1.3052978515625
57,115,1.3398574037211282
37,116,1.3385602533817291
48,92,1.3379782704370362
20,99,1.2964038508278983
83,108,1.274980298110417
84,14,1.263863714677947
93,68,1.2898663974234037
26,97,1.2997138862098967
61,51,1.3149120169026511
63,32,1.314974816782134
94,82,1.2949679738708906
96,108,1.3081869908741541
4,50,1.3280885858195168
43,23,1.3382142707705498
86,4,1.355729999286788
88,107,1.2889585106500558
73,17,1.3452624870198113
64,29,1.2434787460203682
46,21,1.3200571204402618
67,81,1.3493540436029434
89,65,1.2988932526537351
75,39,1.3032484075852804
85,87,1.2648919065083777
68,81,1.3459413370915823
65,5,1.2754472472837992
43,115,1.3417665255921227
74,23,1.338929248707635
44,77,1.284525528550148
5,4,1.3534577659198217
85,0,1.2913070363657815
90,82,1.2982487423079354
42,112,1.294187149831227
10,97,1.2984761872461863
41,115,1.335428302841527
61,63,1.350383150790419
23,121,1.2960030095917838
31,25,1.3183245286345482
70,88,1.349780029484204
84,103,1.2870932929217815
73,58,1.2982505868588174
7,81,1.331060386129788
20,105,1.2779578300459045
75,108,1.2657866914357458
52,89,1.3540649392775126
80,92,1.3250113289271082
61,45,1.316369652748108
7,44,1.2265094213985972
24,100,1.3066619804927282
10,7,1.2804489178316933
83,105,1.2910067939332552
88,29,1.279920610998358
89,74,1.2801249719091825
93,96,1.2922438840780939
71,88,1.341029045837266
17,6,1.2312558556108602
4,83,1.3490199467965536
94,68,1.286921147789274
76,36,1.3486994834882873
89,113,1.3344474583864212
42,108,1.2837984061666898
58,14,1.2851767178092683
68,17,1.342659508543355
19,17,1.337034408535276
12,83,1.3387448298079627
84,83,1.3440809984292303
27,83,1.3447764750037874
61,78,1.3213845938444138
5,112,1.278276125235217
20,9,1.3230147840721267
14,9,1.3212336440171515
51,17,1.346486719591277
40,105,1.277103163834129
77,23,1.3393980722342218
41,59,1.3297820059316499
31,82,1.2906992579145091
68,116,1.3385240488818713
43,25,1.3226931659238679
93,64,1.3003726580313273
84,92,1.3282590519104684
6,36,1.3462051419275147
83,24,1.2826736580048288
54,99,1.3036218860319682
47,116,1.3381443044969015
46,95,1.2055144219526224
48,32,1.3252931641680854
50,71,1.2625486164220743
45,108,1.2892375066876411
65,58,1.2921771625322955
62,121,1.3026447210993086
57,25,1.3249851550374712
85,52,1.2764907021607672
84,10,1.244256925370012
60,116,1.3417867720127106
33,99,1.3062382340431213
86,39,1.3038416377135686
92,60,1.3162847118718284
63,85,1.296546146273613
44,70,1.3008298378969942
69,121,1.2958302668162756
48,82,1.3059755457299096
22,89,1.3426799231341906
25,81,1.3530197963118553
85,50,1.332130613071578
71,59,1.3313568064144679
33,58,1.302923287664141
52,121,1.3045790536063058
33,70,1.2856747593198503
45,12,1.2961060223834855
71,116,1.3342153312904494
81,117,1.2708874940872192
14,54,1.3018358392374856
29,83,1.3522317537239619
96,94,1.3067993894219398
92,91,1.2860941599522318
96,41,1.3417062269789832
22,17,1.3391570459519113
20,121,1.2985576433794839
32,51,1.2984768939869744
45,60,1.3163638029779707
78,54,1.3091741406491824
27,92,1.3285966270736285
83,97,1.3161462864705495
46,51,1.291168609900134
32,12,1.285746814949172
42,11,1.3109123185276985
86,113,1.3437115720340185
52,59,1.3447450739996774
45,39,1.3233731474195207
83,103,1.3024503402411938
16,60,1.2977637265409743
94,117,1.28985729600702
93,55,1.2899720349482127
69,4,1.356135762163571
15,0,1.2921937203833036
0,116,1.3414626866579056
50,37,1.2732203528285027
34,51,1.307775303721428
62,41,1.3253246641584806
10,42,1.2688177307801587
95,40,1.2157241446631295
81,8,1.3094324937888555
44,12,1.3010071792772837
45,107,1.2859103818024908
57,113,1.3448069159473692
80,81,1.3372903274638313
63,55,1.2638244325561183
65,26,1.268379739352635
90,52,1.3061478052820479
34,112,1.2882953605481557
23,78,1.2963455973991327
73,92,1.3375836568219321
95,4,1.35710751584598
93,102,1.2955454055752074
24,112,1.282517478934356
71,113,1.3355408885649271
80,17,1.3336784126503127
88,24,1.30265297634261
86,17,1.3437656004514014
50,98,1.2978875594479697
81,87,1.28656989974635
83,44,1.2698826523763793
26,14,1.2787590846419334
50,60,1.303195289203099
70,121,1.3040576321738107
47,21,1.3323485760816507
71,32,1.3132473837052072
73,70,1.2620529127972466
92,55,1.2839637217777116
93,26,1.289888818349157
14,0,1.2760750683290618
44,67,1.275130798774106
83,10,1.27164262426751
47,50,1.3344288915395737
25,35,1.3458552094442504
45,8,1.3156110346317291
91,78,1.3209576159715652
93,110,1.3023953842265266
18,89,1.3448257616588049
93,48,1.2964437242065157
54,45,1.3070365030850684
44,103,1.3141340613365173
44,31,1.294066189655236
47,94,1.2793611548841
81,120,1.2573311903647013
10,44,1.2786165034132344
75,98,1.2910162210464478
6,83,1.3520919818963324
10,9,1.3205321803689003
94,86,1.2870946952274867
8,21,1.3374095186591148
94,77,1.2878812498279981
72,25,1.3292228536946433
35,4,1.3529823826892036
48,88,1.3488945726837431
33,54,1.3139686297093118
45,104,1.321912863424846
58,87,1.2908951799784387
7,52,1.2567519757098384
27,58,1.2936325035989285
10,45,1.3005611944411481
47,97,1.3187561950513296
10,107,1.286787952695574
95,60,1.297183235841138
86,78,1.3104533467973982
47,37,1.2845653327448028
33,32,1.3224412958536829
96,46,1.304378247686795
64,113,1.342766387122018
47,77,1.2709249721041747
63,2,1.263537969972406
22,109,1.2989068212253707
95,89,1.3463222639901298
57,102,1.2524598129093647
47,45,1.3181286416947842
33,12,1.2919956424406596
94,114,1.295486439551626
81,56,1.2609804230076926
33,24,1.2874686526400703
93,86,1.2918403829847063
33,112,1.293617723243577
86,14,1.2711276901619775
84,23,1.3308570704289846
85,4,1.352705608521189
75,59,1.3203912058046885
65,102,1.275276002074991
62,97,1.3001767269202642
96,40,1.2904699678931917
90,55,1.285148765359606
27,115,1.3343582493918282
21,41,1.3206768238118716
6,21,1.3317852493907725
96,70,1.3090397555913245
23,52,1.2688598949462175
94,108,1.2997688012463706
96,78,1.3215918370655604
17,115,1.3419623619743757
95,50,1.334434945668493
80,36,1.3383024302976472
81,106,1.2649892483438765
16,85,1.2965771901820387
94,55,1.2869785513196672
11,33,1.2040126278464283
92,118,1.2858008572033472
43,75,1.2462498931480306
43,83,1.3518415976847922
63,44,1.2707545911627156
12,11,1.3006930729108197
15,4,1.3578919278723853
92,98,1.3206434888499123
35,116,1.3354471347161703
42,77,1.2706265226006508
45,14,1.2883287348917551
31,99,1.3062898995620864
47,112,1.305843509733677
79,50,1.3298558965325356
24,54,1.3060478163616998
65,30,1.2728932265724455
77,36,1.3496498029146875
66,116,1.342199798141207
40,59,1.3098552418606622
22,58,1.2897911907306738
93,101,1.2962869107723236
93,106,1.2918047181197576
57,23,1.3391601656164442
1,79,1.211752905643412
43,35,1.3389532236116273
94,44,1.2944629469088145
8,83,1.3574671617576055
83,85,1.3066836233649934
52,81,1.3544611079352242
91,45,1.316777387900012
93,5,1.2972452289291792
80,9,1.3237373711807388
44,78,1.319566752229418
24,113,1.3306615352630615
65,87,1.2920127074633325
38,63,1.3249753777469908
23,50,1.309630600469453
83,32,1.3319121694990568
68,83,1.3514951467514038
84,88,1.340399471776826
71,54,1.303732460098607
93,66,1.2848163789936475
67,116,1.3412165652428354
52,21,1.3422125354409218
24,98,1.2981623145086425
7,116,1.3238414345043046
25,88,1.3532014787197113
95,45,1.299437515437603
28,92,1.3328387662768364
34,97,1.3083743995853834
92,75,1.2932278630988938
51,61,1.2141873857804708
59,116,1.3385315697107996
96,119,1.2888161976422583
40,100,1.3053618946245737
26,105,1.2760626365031515
58,78,1.310124322772026
66,4,1.3586067365748542
34,60,1.3105433817420686
45,6,1.279452668769019
42,98,1.3098401980740684
19,58,1.291095968335867
50,44,1.2643287455929177
67,17,1.3451675027608871
53,115,1.3405082459960664
19,88,1.3400090294224876
7,23,1.323357763034957
50,58,1.2906511292925902
54,121,1.3068330926554543
58,68,1.2670196842934405
27,89,1.339990490249225
76,44,1.245514609850943
57,100,1.3198880808694022
83,87,1.2824565885322434
36,4,1.3583734344158853
67,4,1.3557166340095657
47,44,1.2766352540680341
45,10,1.2852418454630035
96,90,1.3175303637981415
43,63,1.343058196561677
10,102,1.2756035418382712
88,26,1.282309437436717
72,17,1.3476787613970893
23,11,1.2976144473733646
40,113,1.3306483174008983
92,106,1.2867016451699393
20,25,1.3078388241784913
63,109,1.3053073223148073
30,17,1.338132877435003
48,78,1.3143252496208464
49,75,1.234528364081468
66,92,1.338072549019541
94,90,1.3068623979176794
80,25,1.3159591385296412
90,112,1.3024928058896745
58,85,1.2996078740273203
82,82,1.2989798315933772
44,58,1.3152771975312914
33,104,1.318826979824475
86,89,1.3483623819691795
86,46,1.2398041231291634
48,50,1.3340717841471945
75,58,1.2960461984787668
15,9,1.3432027186666216
84,39,1.2975288406014442
12,59,1.3222675770521164
20,14,1.2761942808117186
24,60,1.3043757464204515
89,22,1.2908929384180479
6,115,1.3423669338226318
93,15,1.2986565487725394
26,60,1.3072988837957382
84,21,1.327872475343091
85,60,1.3008386620453425
39,19,1.267601992402758
11,115,1.3418628392474992
96,106,1.2963362016848154
15,113,1.3516770111663001
91,44,1.3047763258218765
15,45,1.3133743958813804
70,58,1.306583862219538
85,10,1.2557584206972803
14,104,1.3112458607980184
76,83,1.353655600122043
74,82,1.301896542842899
63,98,1.3021792322397232
80,113,1.3313950353435107
90,107,1.295747728220054
29,35,1.3393945917487144
90,44,1.2935145603758949
31,59,1.3315567608390535
42,52,1.2930940559932165
10,39,1.3181023076176643
32,61,1.2543139894093787
92,28,1.2929963884609086
83,21,1.336271386061396
42,103,1.2986821574824197
27,17,1.3362677608217512
77,100,1.320258996316365
15,23,1.3408592556204115
65,24,1.2883118529404913
22,81,1.3428417891263962
45,121,1.3133244514465332
89,45,1.3021259377045291
74,4,1.3568964217390334
96,99,1.3210197814873286
86,35,1.3400491241897856
26,78,1.303146311214992
90,117,1.292992732354573
35,21,1.3303715480225426
5,41,1.326681022133146
39,52,1.2820989446980613
81,105,1.287518071276801
81,32,1.3253860920667648
34,58,1.3044588970286506
22,35,1.33589219301939
38,88,1.3259460755756922
24,102,1.259743943810463
88,2,1.2827111706137657
28,88,1.3416961154767446
24,50,1.3148374961955207
46,89,1.334863149694034
89,103,1.3027517590671778
36,115,1.3451463707855769
58,11,1.312790880245822
20,84,1.25158935838512
50,52,1.2813135518559389
47,11,1.3203345675553595
61,115,1.3401396508727754
96,3,1.2908353911978858
49,88,1.338523427290576
75,99,1.3080302413020815
29,63,1.3423992171883583
83,14,1.284380598792008
69,39,1.296889110335282
21,85,1.285520170948335
50,45,1.2915221601724625
45,45,1.3066701282347952
50,113,1.3228873743542604
78,35,1.340162843465805
76,82,1.306755144149065
15,99,1.3158856864486421
13,99,1.2933189155800002
20,51,1.2982881803597723
20,6,1.2651842976255077
93,37,1.3078531111989702
78,100,1.318323784640857
43,104,1.32414082969938
96,58,1.3194959930011205
14,26,1.235996707475611
85,100,1.3189876228570938
40,102,1.2579331259642328
79,35,1.335216726575579
85,78,1.3097368734223502
79,54,1.3134727041636194
96,26,1.2949409729668073
40,32,1.3136685543826647
41,25,1.318760713296277
38,11,1.2957197036594152
85,86,1.235604821571282
58,28,1.2798501423427038
93,3,1.2872904879706246
68,100,1.3177072969930512
42,60,1.3109018015010017
15,100,1.3275353184768133
96,5,1.3012408316135406
91,108,1.3107878352914537
10,90,1.29705461114645
13,81,1.3315685167908669
61,24,1.2948848562581199
20,112,1.2846149089080947
69,115,1.344403237104416
35,63,1.341415676687445
20,60,1.3029551293168748
57,104,1.3240900923098837
39,70,1.273457738437823
78,50,1.3312435671687126
16,104,1.3177919196231025
86,23,1.3393418256725584
26,5,1.269682349903243
47,60,1.3190464292253767
67,88,1.3501945808529854
68,9,1.3316487765737943
57,82,1.2990258165768214
45,105,1.2897020940269743
75,115,1.3266015925577708
91,28,1.3040939175656863
23,41,1.3097904143588883
83,88,1.347247404711587
50,19,1.2684910808290755
94,106,1.2878692405564445
92,52,1.3044007942080498
63,95,1.2480211023773466
84,41,1.3295487335750036
67,82,1.2977541525449072
86,9,1.3361609067235674
86,100,1.3216056610856737
58,53,1.2692392372659274
31,115,1.3381902575492859
61,112,1.3097909688949585
47,23,1.3384159260562487
16,58,1.2938725985586643
42,14,1.284729924585138
92,117,1.288696723324912
26,55,1.2650202086993627
92,80,1.2853074286665236
7,109,1.2940973086016518
54,51,1.3079829045704432
20,47,1.2714720698339599
68,41,1.3294536992907524
83,41,1.340596976024764
55,89,1.3435232894761222
4,102,1.2460192537733488
32,108,1.276664290044989
67,92,1.3371199454580034
10,33,1.2745840581400054
83,50,1.3345271902424949
63,31,1.2725594214030675
84,50,1.3275772705674171
63,112,1.2918562825237
30,36,1.3405845569712775
13,41,1.312818675168923
17,35,1.3395888188055582
92,53,1.2873708925076894
83,63,1.3497763552836008
86,11,1.315356858074665
10,108,1.2869928287608283
21,116,1.3298782195363725
92,19,1.2948070870978492
94,29,1.2827051771538598
35,92,1.3335934419717108
63,117,1.2691875967596258
79,63,1.3477036846535546
96,24,1.3112472955669676
82,63,1.3438037931919098
76,88,1.3498354745762688
54,73,1.2869065680674143
48,14,1.2737327702343464
67,89,1.3508852698973246
16,82,1.2948476573718446
63,8,1.3064147638423103
25,6,1.237645949636187
86,36,1.3468187877110072
46,75,1.2439664216446025
88,75,1.2926018365791865
54,39,1.3218157078538622
48,58,1.3061640741569656
29,59,1.3377888170736176
74,83,1.3533112044845308
96,29,1.2897479704448156
96,7,1.302326639848096
57,45,1.3047699832490511
85,14,1.2717569470405579
29,82,1.294766460678407
26,7,1.2705843597650528
52,23,1.3462175684315818
38,32,1.309097412441458
6,88,1.3470337029014314
58,109,1.3127484640904836
46,54,1.3040801680513792
70,63,1.3513138304863657
89,44,1.2877730056643486
84,44,1.240949303710035
85,63,1.3480613338095802
84,100,1.312925296170371
41,8,1.2879005521535873
42,7,1.2747362745659692
81,77,1.2666466374482428
61,103,1.3109092925276076
61,22,1.289253446672644
94,12,1.2951707765460014
48,60,1.3058733226997512
69,9,1.3327403771025794
74,92,1.3364782854914665
18,36,1.3457704580255918
27,23,1.3328797221183777
46,112,1.2839753425547056
85,11,1.3139326093452317
81,98,1.3077357815844672
24,105,1.2733155669910567
76,50,1.335558505994933
73,36,1.348862505384854
52,104,1.3299647378070014
94,5,1.29329352080822
