PortOfLading,ShipmentDestination,dist
132,115,0.9987482247608048
218,17,0.9417941181787423
127,83,0.9405934864522091
169,9,0.953962675162724
218,116,0.9456733694033963
218,21,0.9564496928027698
48,100,0.9644814069781985
218,83,0.9369112786038646
169,81,0.941320826964719
218,54,0.9758230852229255
48,88,0.9535323823136943
246,25,0.9444481464368957
246,83,0.9194438967055508
246,92,0.9377703214330333
48,83,0.9458596847419228
169,113,0.9497709551027843
246,81,0.9232536235025951
218,89,0.940667233296803
246,17,0.9246904280568872
169,23,0.9519742833716529
218,35,0.9548199980386666
246,116,0.9292387781398637
246,23,0.9329691257859979
218,9,0.9547831075532096
169,4,0.9394326359033585
233,81,0.9848708467824119
244,81,0.9433970014963832
48,89,0.9505384431353637
218,81,0.9395955758435386
218,59,0.9569009747356176
218,23,0.9507671748953206
48,25,0.9703711441584996
189,81,0.9828114999192101
244,116,0.9499471762350628
218,92,0.9553955665656498
235,58,0.9920731484889984
48,92,0.9657811267035348
218,88,0.9435948918440512
130,0,0.995917335152626
64,21,0.9612337180546352
246,36,0.9331421261387212
246,97,0.9391537212899753
169,17,0.9449738434382847
42,50,0.9319606338228498
221,36,0.9420014577252525
246,89,0.9239279535998192
48,116,0.9543659559317997
169,36,0.9517657128827912
246,88,0.9270899607134717
244,35,0.9616787119635514
114,89,0.9378720519265958
235,35,0.9564587723995958
218,36,0.9495160297623703
235,81,0.9400930622858661
48,59,0.9690896357808795
114,17,0.9382038244179317
169,116,0.9472615271806717
218,121,0.9748859006379332
74,54,0.9870391828673226
235,36,0.950412460735866
218,78,0.9557082535965102
74,81,0.9652982503175735
169,59,0.9620971961745194
246,9,0.9353909396699497
218,104,0.9389907121658325
48,54,0.9867377302476338
169,121,0.9736469361398902
48,21,0.9657611091222081
169,115,0.9471463720713343
235,82,0.987591952085495
48,81,0.9484810062817165
246,8,0.9704361174787793
246,113,0.9320052899420261
169,83,0.9386594819703272
114,92,0.952209047973156
94,92,0.9363975099154881
159,60,0.9818340374955109
218,113,0.9509301659251962
235,17,0.9433814111564841
169,89,0.9429029699947152
235,116,0.945878936776093
218,4,0.9383960600410189
235,89,0.943122138934476
218,25,0.9611945966524738
43,68,0.9392289434160505
94,36,0.9294346092002732
220,116,0.9600496371941907
27,36,0.9249164057629449
194,59,0.9992521793714592
32,88,0.9424404134707791
152,21,0.9360350269292083
152,83,0.9177617324250085
42,41,0.9273695940417903
221,17,0.9328665914280074
243,92,0.9572145938873291
138,17,0.9763859840376037
246,4,0.9215942227414676
138,89,0.9769450037607125
141,17,0.9435972673818469
136,4,0.919620540525232
126,88,0.9311773158343775
211,4,0.9675511664577893
231,81,0.9584087851856437
32,81,0.9359468445181847
58,42,0.9518178871699742
221,59,0.9514687944735799
141,115,0.9416571906102555
88,4,0.9434916009860379
42,23,0.919212322149958
98,4,0.9696380038346563
53,21,0.9451188445091248
236,88,0.9387020388884204
42,92,0.922340744308063
90,81,0.9613432503039283
89,81,0.9612821441675935
158,36,0.9571988838059562
166,17,0.9546670913696289
114,9,0.948625424610717
127,23,0.9538924342819622
169,51,0.9775503767388207
127,116,0.9503092771129948
237,89,0.9193830458181245
11,36,0.9891374036669731
174,99,0.9526880646922758
243,17,0.943326400326831
72,83,0.9373002871870995
48,104,0.9491994210651943
114,116,0.9425784381372588
188,88,0.9332811816462449
42,59,0.92509203138096
221,115,0.9371969859514918
148,36,0.9227333696825164
23,81,0.9649976373517087
243,25,0.9602057827370507
127,4,0.9447808489203453
169,88,0.9451125407857555
27,113,0.9309309412326131
141,36,0.949537036142179
27,41,0.9265542424150875
122,36,0.9574505127966404
114,0,1.0010110405938966
138,83,0.9739273919590882
42,116,0.9134694175528628
11,63,0.9790916325790542
10,88,1.003456932093416
42,83,0.9034223004377314
114,36,0.9466996602714062
114,104,0.9339050145021507
246,104,0.9210126101970673
155,36,0.9422965113605771
126,36,0.937505230307579
238,21,0.9408714579684394
32,116,0.9402696027287415
243,81,0.9422741244946208
221,100,0.9462489783763885
169,97,0.957190967564072
27,21,0.9273154756852559
246,103,0.9519684729831559
202,115,0.931195185652801
243,58,0.9937402755022049
148,14,0.987944710467543
32,25,0.9573128819465637
130,82,0.9794811329671315
221,83,0.929531072399446
138,116,0.9794478017304625
169,104,0.9400740372283118
136,63,0.9297749016966138
221,25,0.9528644521321569
202,36,0.9360001512936184
221,88,0.9372254626027176
114,83,0.9351933714933693
215,35,0.9756137906972852
246,59,0.9427095409482718
42,17,0.9099777505866119
218,50,0.960679004234927
243,113,0.949400187603065
158,11,0.9599214430366244
113,89,0.9496528133749962
246,12,0.9504957667418888
130,115,0.9568670498473304
127,121,0.9775732287338802
113,88,0.9516350094761167
181,99,0.9755332725388663
127,9,0.9593387804925442
243,35,0.9590280300804547
246,35,0.9392236939498356
136,100,0.9390723630785942
132,92,1.0085859586085593
166,21,0.9641495953713145
138,35,0.9937461584673396
42,36,0.9157731575625283
113,9,0.9565155703042235
127,45,0.9573464984340327
141,59,0.9566780129181487
221,4,0.9301481406603541
246,115,0.9283423881445613
113,25,0.9656390781913485
158,51,0.9742944176707949
9,36,0.9663551428488323
243,116,0.9478477793080466
42,21,0.9211852646299771
125,36,0.9751910695007869
130,17,0.9540846283946719
53,89,0.9354213824761766
125,9,0.9614800023181098
126,23,0.9361238888065729
236,59,0.947768898414714
243,36,0.9527987843113286
25,21,0.984315851437194
215,21,0.9685763993766159
125,21,0.9739343699600015
113,59,0.9663277300340789
221,92,0.9465447632329804
185,54,0.9792535198586327
1,36,1.0076202394972955
230,4,0.9444666621940476
215,25,0.9674276275826352
69,32,0.9843438948903765
48,109,0.986758828163147
230,83,0.9417945900931954
114,32,0.9708285565887179
133,41,0.9982304088771343
182,38,0.9383084124752453
246,21,0.9407463172184569
228,116,0.9593689364514181
243,70,0.9975427580731255
103,81,1.0050586062882627
188,81,0.9303517559809344
109,115,0.9196117429861
237,83,0.9146717503400785
136,92,0.9355185010603496
44,63,1.0178674746836935
27,81,0.9174010146941457
27,4,0.914247239274638
96,81,0.953102130975042
94,83,0.9177333644724318
141,4,0.943431760317513
127,89,0.9451026913842985
211,115,0.9739441243665559
130,23,0.9655365917299475
244,9,0.9571665823459625
88,21,0.9579631084842342
27,59,0.9342655284064156
109,36,0.9254968246178967
243,21,0.9581981668514865
243,9,0.9514932637768132
243,88,0.9457811574850764
164,63,0.9797154090234211
64,83,0.9425508680620364
185,36,0.9697121168885913
113,81,0.9492897657411439
221,12,0.9615530680332866
5,63,0.9245582052639553
125,92,0.9745850701417241
103,105,1.0047747450215476
246,54,0.9560354852250644
53,83,0.9309645183384418
96,115,0.9587585510952132
131,81,0.9885195483054433
113,36,0.9599494327391896
202,59,0.9477748253515789
223,36,0.9698296157377106
126,113,0.9335219003260136
230,81,0.9439183021230357
221,21,0.9485325792006084
152,63,0.9343945064714977
114,59,0.9540589217628751
42,0,0.9863183072635106
42,115,0.9055421724915504
216,23,0.9995855794155172
235,21,0.9571603629738092
218,58,0.9948896382536206
235,104,0.9398833385535649
244,23,0.9539273828268051
90,23,0.9723456717495408
114,88,0.9407570835735116
48,115,0.9539909022194999
243,100,0.9557526335120201
218,97,0.9554990806749889
64,116,0.951887434348464
114,81,0.9366814116282123
152,99,0.9299168943294457
169,35,0.9575482085347176
20,113,0.9602101200393268
48,60,1.000216791672366
244,89,0.9460801067096847
246,82,0.9709793542112622
218,85,0.9460963511041233
235,60,0.9910852057593209
246,109,0.9576289802789688
169,109,0.976260037294456
244,36,0.9545516467520169
74,25,0.9872273313147681
136,36,0.9285543837717601
136,59,0.9349507694797856
94,59,0.9367278851568699
102,83,1.0227560478129558
53,92,0.9478419529540199
235,59,0.9575256801077298
218,12,0.9703196468097823
237,88,0.9226753679769379
109,4,0.9203879274427891
192,59,0.9629632112170968
148,83,0.913172614893743
221,116,0.9376228153705597
37,63,0.9855039678514004
5,17,0.9177511941109385
185,25,0.9720205600772586
53,85,0.9379406230790275
127,115,0.9473354970770222
231,23,0.9683167982314315
5,36,0.9246753603219986
138,88,0.9812897135104451
191,15,0.9533557040350777
221,23,0.9423395256911006
129,116,0.9766506797501019
208,35,1.007255527914302
144,4,0.9450167609112603
221,35,0.948679981487138
9,35,0.9699352623096534
20,115,0.9665899910032749
109,54,0.9515407447304044
114,35,0.9528904067618507
0,36,0.9745702748852116
217,116,0.957075967320374
158,9,0.9516532623342105
158,115,0.9507754998547691
125,116,0.9683249896126134
151,116,0.9650433851139886
88,115,0.9488108551927975
169,54,0.9756991213985852
130,21,0.9692960565111467
222,50,0.9846044156168189
9,23,0.9643829464912415
113,116,0.9547834545373917
9,89,0.9544375294021198
236,23,0.9454937323794833
148,59,0.9298772875751767
109,25,0.9468662962317467
177,81,1.0233687699905463
9,21,0.9630824880940574
246,52,0.9994803805436406
219,17,0.9549005126048412
126,9,0.936469443009368
46,99,1.008361046867711
237,72,0.9940929639020136
42,113,0.9249091685882637
188,4,0.9287475709404264
88,36,0.9563950459871974
141,81,0.9422665884984391
42,4,0.9069600429918084
5,115,0.9178371291075434
129,82,1.0158080116712622
96,4,0.950128758592265
129,9,0.9787872891340937
216,14,1.0231704546936922
236,63,0.9380555923229882
125,88,0.9656427912414074
48,32,0.9879859015345573
114,21,0.953660113470895
243,115,0.945603401533195
114,23,0.9460938817688397
228,83,0.9533875301214201
221,81,0.9317683290158
185,115,0.9607534834316799
64,25,0.9614024191562619
136,17,0.9244636275938579
88,41,0.954662741294929
56,112,0.956491523555347
243,83,0.9403854519062277
152,92,0.9362191777410251
98,36,0.9914468941943986
42,60,0.9661747777302351
230,50,0.9607921679105077
130,99,0.9682060780801943
42,104,0.9085663413362843
98,23,0.9850475388978209
221,113,0.942470443035875
154,41,0.9703780359455517
118,17,1.0205923664117498
158,82,0.9855898310031209
223,92,0.9723941896642957
162,81,0.9997846063758645
53,36,0.9440963129912104
20,81,0.954625948199204
218,60,0.9947786309889385
218,107,1.0048613010772638
90,4,0.964209473741773
244,54,0.976911652301039
48,51,0.9865271310721125
88,59,0.9622375470186982
218,115,0.9448584733264787
246,85,0.9298326719020095
48,0,1.0164627603122167
169,21,0.9589320442506245
130,112,0.9740602118628365
75,116,1.0041172315499611
48,113,0.9599051539387021
114,121,0.9642773377043861
42,103,0.932959013751575
90,9,0.9713076169469527
243,54,0.9728928676673344
152,41,0.9366530328989029
218,105,0.9860837145575455
218,109,0.9762663458074842
202,17,0.9298557692340442
88,92,0.9605382052915437
200,36,0.9718031308480671
79,35,1.0204591913414853
114,25,0.9565828038113457
23,9,0.9659353083531771
169,92,0.9569921727691378
149,17,1.0113347481404031
138,97,0.9836142343868103
48,23,0.9604204041617257
152,17,0.9249693024238306
11,81,0.9764400252274105
72,115,0.9435261871133532
231,115,0.9651520475745201
138,23,0.9792105028671878
48,105,0.9905943966337613
158,17,0.9474262403590339
152,23,0.9322749847280127
166,36,0.9674940769161496
217,17,0.9542424144622471
215,92,0.9703064745824251
113,92,0.9634180409567696
166,4,0.9515444274459567
148,17,0.9205393567681313
9,92,0.9661546264375959
113,78,0.9565657920071057
23,116,0.9697882908928607
216,25,1.0027881458933865
185,41,0.9587404983384269
245,81,1.000156098444547
18,88,0.9739092712157539
113,23,0.9594811131911618
202,23,0.9414692318865231
48,65,1.0044292264751025
185,92,0.9692806463156428
230,21,0.9582747694637094
243,23,0.952761037009103
223,83,0.958469634609563
94,78,0.9373096179749284
94,89,0.9247690263603415
55,44,0.9607725510639804
109,92,0.9313130463872638
211,63,0.9740533466850009
148,21,0.9319632596203259
11,23,0.9897160375756877
27,75,0.9926675142986434
140,116,0.982280762067863
185,23,0.9685823374560901
127,97,0.9634876091565404
178,9,0.9412887900003365
53,4,0.9284765518137387
152,116,0.9266283309885434
244,113,0.9534718032394137
109,78,0.9282363333872387
94,23,0.9324284994176456
88,82,0.971111213522298
127,81,0.9438556217189346
202,92,0.9403925399695124
88,25,0.9616559392639569
19,83,1.0071947202086449
32,83,0.9320279567369393
72,36,0.9542373887130192
53,99,0.9462526158562728
127,92,0.9603959396481514
64,36,0.9556381925940514
235,83,0.9369705959356257
20,97,0.9653021512287003
246,58,0.9745924834694181
235,0,1.0107775362474578
48,11,0.9765500160200256
244,17,0.9449979279722486
235,9,0.9544321021863392
244,83,0.9419044639383044
89,9,0.9604584058480603
169,100,0.9567879704492432
144,51,0.9681541089500699
48,9,0.9629377275705338
136,35,0.934113764337131
235,100,0.9573470487126282
94,28,1.0059292944414275
174,115,0.9617202170193195
202,109,0.9696216998355729
127,113,0.9544896286513124
30,89,0.9694512380020959
5,4,0.9125533593552453
10,81,0.997189172144447
87,116,0.9861037699239594
72,21,0.9520508881126132
231,41,0.9596803294760841
109,23,0.9292658854808126
130,35,0.9676480378423419
0,4,0.9544894828328064
90,83,0.9591290501079389
48,35,0.9656855932303837
173,81,0.9875321111508778
166,115,0.9583974991525922
235,110,1.0460537666721004
158,92,0.9595225900411606
103,59,1.0306772970860558
64,97,0.9564534391808722
113,17,0.9494699729340417
215,36,0.9732147348778588
244,8,0.9884522589189666
217,90,0.9532519834382194
243,97,0.953220051846334
220,76,0.9649385208530086
246,117,0.9990833550691605
11,11,0.9810514875820705
217,115,0.9587559013494423
35,88,0.9731118561966079
127,36,0.953304648399353
105,17,0.9674695448151657
113,115,0.9523968952042716
129,65,0.9919106885790825
221,97,0.9498099964112043
158,54,0.9732493492109435
27,50,0.9395274839230946
91,99,1.0074238431240832
243,39,0.9827978132026536
218,100,0.9539917558431625
5,50,0.9240981979029519
237,36,0.9308426773973874
147,58,1.014303486262049
126,81,0.9279231783002615
107,36,1.0027078688144684
187,17,0.9821065792015621
127,17,0.9455943160823413
185,63,0.9614762238093785
114,100,0.9525454768112728
141,0,1.000553418483053
218,65,0.9949245740260396
234,116,0.9756017476320267
114,113,0.9437418047870908
64,59,0.9616267957192447
174,59,0.9665179007819721
235,23,0.9525377063878945
114,11,0.961902243750436
144,21,0.9597853768084731
48,8,0.9981273556394237
94,35,0.9354512063520295
234,39,0.984927447778838
169,50,0.9637586602142879
20,50,0.976886300104005
144,23,0.9581184898103986
12,36,1.0132946403963226
27,115,0.9150919073394367
218,11,0.9655288223709378
243,107,0.9928190324987684
231,17,0.9621833211609295
147,75,0.9708418750337192
223,17,0.9627055653503963
27,17,0.918825418821403
216,92,1.0031485480389424
244,45,0.9528312837438924
20,116,0.9623186327517033
141,83,0.94036447070539
56,0,0.9653956464358738
236,50,0.9526534474321774
158,35,0.9613759155784335
132,116,1.0004967461739267
74,59,0.9833697208336422
158,113,0.9496151751705578
215,115,0.9652195051312447
23,36,0.9768060412856617
166,82,0.9732288579855647
53,82,0.9610263598816735
158,60,0.981607778995697
126,17,0.9270138323440084
158,89,0.9500781260430813
221,85,0.9379139973648957
148,116,0.9209088812183056
72,35,0.9577382728457451
71,77,0.937809556722641
165,44,0.943176906555891
197,4,0.991001546382904
221,9,0.9453643773283277
221,51,0.9677458618368421
109,35,0.9323084971734455
194,63,0.9804314130118915
243,11,0.963812802519117
143,4,0.9668262717979295
125,17,0.9627211498362678
190,73,0.9185328504868916
221,89,0.9343149550259113
216,41,0.9799537105219704
236,115,0.9377156549266407
94,116,0.9271788974957806
225,83,1.0127399446708816
27,121,0.9544603005051613
178,21,0.9480619813714709
246,78,0.9372636792915208
218,112,1.0016552646245276
218,70,1.0095365302903312
218,45,0.950191223195621
244,65,0.9951592023883548
235,51,0.9827560069305556
75,81,0.9984771983997364
250,83,1.01621523918584
244,21,0.9614340162702969
246,32,0.9587165117263794
48,36,0.959007553756237
74,9,0.9723993177924838
202,116,0.932873858405011
27,23,0.9286371426922935
212,82,1.025125871545502
236,17,0.9386234864442875
48,121,0.9751060418784618
216,63,0.9879050622028964
221,104,0.9326392790036542
130,36,0.9590792171657085
216,21,0.998017555102706
186,36,1.0259998773357697
166,92,0.9677163788250515
222,116,0.980565242934972
136,103,0.9483170541269439
202,35,0.9424792400428227
114,85,0.9410104687724795
27,82,0.9572143022503171
236,82,0.9689219226794583
136,78,0.9386412565197263
35,71,0.9420653398015669
136,23,0.9332798181899956
113,4,0.9451604208775929
158,100,0.9560759897742953
235,97,0.9570571982434818
51,35,1.012848117521831
164,36,0.9946133590170315
159,116,0.9879493064114026
46,112,0.9985895210078785
35,35,0.9807451633470399
178,116,0.9501673212008817
158,78,0.9511798779879298
246,121,0.9526276694876807
91,59,1.0338874706732375
208,63,0.9899414942732879
91,63,1.0159823798707552
176,63,1.0190588725464684
53,41,0.9414257188992841
20,12,0.9674846961029938
152,115,0.926411156209984
72,81,0.941141138119357
126,32,0.9550122151683483
0,92,0.9697410017251968
88,0,0.9935725544180188
103,46,0.9887654557824135
20,23,0.9685876992131982
218,82,0.9878160666142192
244,58,0.9930143569196973
246,51,0.9598892288548606
235,50,0.9651030067886625
114,115,0.9412210690123695
186,23,1.013911020409848
235,115,0.9449951366654464
216,36,1.0005150793918542
235,113,0.9522809732173171
188,36,0.9407372501279626
5,21,0.9269063536609922
236,117,0.9950202277728489
236,60,0.9833846698914256
236,11,0.9516997837594577
23,92,0.9768132884055376
69,36,0.9878520310989448
189,58,1.0123762488365173
238,82,0.9481960045439857
20,17,0.957324926342283
136,81,0.9222860655614308
222,81,0.976107670060758
185,21,0.9662790245243481
148,11,0.9294614185179982
94,103,0.945872962474823
202,78,0.945977761809315
151,89,0.9646252947194236
127,60,0.9995818207306522
11,115,0.9793800498758044
246,11,0.9504913293889591
48,52,1.0278033454503332
243,45,0.9434545934200287
138,9,0.9803981025304113
237,116,0.9281339198350906
148,78,0.923085474409163
244,109,0.9765162521174976
129,39,0.9821903801390103
127,58,0.9973228275775909
35,36,0.9809213259390422
174,4,0.9574344738253525
169,103,0.96775121986866
218,39,0.9881685982857432
20,92,0.9707098709685462
169,12,0.968784986063838
64,4,0.9450646104024989
173,50,0.9910151128258023
74,109,0.986192409481321
127,21,0.9613761853958879
193,63,1.0045131407678127
96,63,0.9546891440238271
236,4,0.931925186920645
64,81,0.9459322855940887
76,92,0.9879749843052456
231,83,0.954865967056581
126,92,0.9403723876125046
185,102,0.9996239181075778
23,113,0.9613878501612427
152,75,1.0043778575158544
159,21,0.9970286142613206
8,92,0.9616637719529015
159,83,0.9849323731447969
243,109,0.9723779090813228
141,35,0.9549731143883297
218,32,0.9767423474362918
94,115,0.9241265633276531
217,81,0.9516728538354593
51,36,1.0105516538023949
158,22,1.0027281471661158
36,59,1.0167908359851157
129,83,0.9711263871618679
127,109,0.9814848314438548
228,23,0.9613768508923906
94,50,0.9428193207298007
112,77,0.9755605260974595
112,59,1.02094818385584
32,97,0.9550708697310516
211,36,0.9870614973562104
243,89,0.943363731727004
21,35,1.023894800139325
114,65,0.9842892204012189
236,92,0.949290846873607
189,88,0.9863619495715413
202,89,0.9319241584411689
129,54,0.9924543883119311
230,59,0.9598816909960338
188,50,0.9484348233257022
27,109,0.9553952408688409
169,32,0.976709637258734
188,108,0.9771673775144986
228,9,0.9660642546202455
246,65,0.9756476836545127
218,51,0.9784877193825585
20,88,0.9613445313381297
89,104,0.9314439203590155
234,83,0.9703990135874067
64,92,0.9614913181534835
235,12,0.9733894094824791
169,14,1.0221524786736285
114,97,0.9514683772410665
48,87,1.048175664352519
147,121,0.994419834443501
87,36,0.9938912625823703
56,99,0.9565432401640075
158,52,0.9983293467334339
246,60,0.9755408444574901
178,23,0.9509876551372665
42,35,0.921820401081017
112,81,1.0005677438208036
112,112,1.0090412401727267
213,63,1.002296400389501
114,4,0.9361701059554305
166,81,0.9536940572517258
204,99,1.0017477901918548
230,9,0.9536946261567729
11,78,0.9763677961059979
215,63,0.9593822708619493
127,100,0.9609495092715535
127,32,0.9818113978419986
235,92,0.9564595930278301
188,23,0.9411877122308526
127,54,0.9795808664390019
164,83,0.9787724002131394
11,41,0.9728738761373928
94,17,0.9240972990436214
53,116,0.9387921792055879
122,51,0.963165317262922
211,35,0.9902360976806709
15,54,0.9925753037844386
119,4,0.9425183396254267
64,35,0.9607659631541797
122,9,0.947049945060696
75,54,1.0036835622574602
187,36,1.0024127002273286
158,59,0.9668267566178527
19,81,1.007966002183301
244,100,0.9596433442618165
90,89,0.9662788975983858
136,21,0.9349198032702718
37,59,1.0024923535371013
104,39,0.948594552265214
243,103,0.9657100534864834
0,115,0.9615745084094149
209,116,1.0119560108120953
136,83,0.9157167728990316
230,88,0.9482029101678303
92,81,0.9869731526289668
208,115,0.995804490255458
136,70,0.9919232704809734
217,88,0.9600595489942602
235,45,0.9528716142688479
114,28,1.0131681747734547
41,59,1.038798743060657
64,0,0.9962273500859737
114,109,0.9678066968917847
169,11,0.9686995425394603
51,63,0.9937571563891002
236,36,0.9453387100781713
125,115,0.9630610857691083
14,17,1.0120550096035004
5,35,0.9299746177026204
194,17,0.9858708386974675
169,0,1.012509714279856
53,58,0.9767443729298455
221,82,0.9785929322242737
174,21,0.9715640475707394
9,115,0.9538631311484745
114,58,0.9868246263691357
112,44,0.9877987615764141
230,113,0.9504360663039344
158,21,0.9583960234054497
200,21,0.9606245633746896
15,36,1.011930880269834
126,116,0.9323262843702521
154,52,0.9594513002250876
243,104,0.9361680181963103
72,32,0.969127716762679
48,85,0.9502890056797436
152,104,0.9196360324110303
42,45,0.9271897872063813
243,32,0.9750376684325082
48,17,0.9511192462274006
90,113,0.9610783393228692
53,63,0.9400582648813725
210,36,1.0095734601574284
64,23,0.9572254322203142
246,100,0.9381082350654262
249,78,0.9680803258504186
235,4,0.9404052032956055
94,21,0.9361201498125281
151,85,0.9491447316748756
229,17,0.9838625283113548
54,105,0.9966230947923448
93,35,1.030881004541048
8,116,0.9513385796121189
135,57,0.9495607997689929
152,36,0.9319186069603477
246,45,0.9319330411297935
114,82,0.9797721590314593
127,41,0.970654122531414
221,78,0.9456930948155267
154,81,0.9761059465152877
208,116,0.9941122066229582
72,88,0.946011694414275
105,23,0.9767850235636745
11,58,1.005140480186258
218,22,1.0329048843788249
144,116,0.9500713210020747
235,11,0.9693819295082774
218,8,0.9902062948260989
20,21,0.9754301522459302
200,92,0.9674006519573075
192,63,0.9487608059176377
244,60,0.9932785789881434
72,25,0.957545810512134
228,11,0.9736640549131802
18,81,0.9703438683812108
9,6,1.0034325101545878
132,89,1.0032836039151465
74,23,0.9756903616445405
126,4,0.9281928595155478
243,51,0.97788305580616
42,63,0.9249280228146485
230,17,0.9448058168802943
207,41,1.0109116530844144
114,12,0.9608877796147551
129,23,0.9779279652450766
223,35,0.9737428538501263
48,12,0.9776601599795478
244,52,1.0168702155351639
169,85,0.9487293181674821
219,83,0.9525053964129516
114,105,0.9842584548251969
144,83,0.9457757230848074
233,17,0.9881351688610656
20,36,0.9683452174067497
169,25,0.9644086435437202
42,88,0.9132430047861168
202,32,0.9704329233084407
220,23,0.962638438812324
190,11,0.9752950327736991
32,36,0.9471197298594883
125,35,0.9779256731271744
18,89,0.9699371036674295
236,35,0.9486302815909896
57,17,0.9980578603489059
185,58,0.9889443985053471
125,0,0.9902531935700348
236,81,0.9349966316616961
221,22,1.0195375553199224
221,8,0.979280096079622
152,35,0.9389921479991504
122,115,0.9517501544739518
154,83,0.9784973694809845
32,17,0.9385597072541714
96,21,0.9638123852866036
113,35,0.9650258368679455
23,115,0.9686501288254347
80,60,0.9913813935085533
27,0,0.9827769547700882
9,83,0.9509405041379588
42,81,0.9085357119994504
129,45,0.9668093845248222
151,83,0.9608399389045579
247,83,0.9889966157996761
243,78,0.9519344781126294
236,58,0.9750841004507882
114,51,0.97398349323443
218,52,1.0191439964941569
74,116,0.9710414899247033
96,23,0.9655857522572789
188,115,0.9314580251063619
72,17,0.9443450580750193
221,45,0.9406325553676912
94,57,1.0183901802769728
9,116,0.9571377475346837
185,6,1.013751429106508
52,36,1.0264988445809908
126,85,0.9259050169161388
114,112,0.9977863335183689
126,25,0.9428904806928975
150,116,1.0089902350945132
48,103,0.9761991969176701
74,115,0.9746681824326515
235,109,0.9751954791801316
218,0,1.0108055940696172
74,103,0.9815510958433151
138,36,0.986593094255243
193,59,1.0229613951606942
201,42,0.9506024441548756
236,21,0.944454558858914
127,104,0.9443636967667511
127,88,0.9482468347996473
88,63,0.9557714510176863
27,116,0.9216118188841003
236,109,0.9668440765568188
7,21,0.9898266228181976
108,23,1.0213240065744944
233,83,0.98427571782044
69,23,0.9783839085804564
237,105,0.9765082528548581
127,51,0.9832716232963971
151,99,0.9702582540256637
141,21,0.9550850808487407
248,4,1.0271310635476507
64,104,0.9385655056685209
223,115,0.9634413285447019
194,21,0.9902093868170466
99,59,1.0437266885169916
246,24,1.026749396962779
244,88,0.9486944547721318
155,21,0.9382867666759661
96,36,0.9669175371527672
65,42,0.9420173796159881
187,59,1.009081925132445
200,17,0.9562706468360764
75,7,1.005089140364102
216,35,1.0037710926761585
148,88,0.9198813241507325
200,113,0.9505559461457389
236,113,0.9460774468524116
148,70,0.9735568357365472
158,23,0.9554571679660252
158,6,1.020101717540196
215,47,0.9635355644194143
232,41,0.9967608973383904
112,63,1.0007107257843018
74,113,0.9700899486030851
136,54,0.961473673582077
202,60,0.9776435908196228
85,36,0.9972478662218366
230,90,1.0122157377856118
129,100,0.9826941237385783
75,88,1.0046169703294123
156,92,1.0153351489986693
27,58,0.960103628890855
136,50,0.9394275439637048
53,59,0.9472356491855213
138,60,1.0008291804364748
125,59,0.9788517111114093
148,23,0.9266500582120248
169,60,0.9928966249738421
243,12,0.9623434022068977
113,113,0.951465901519571
237,76,1.017596767417022
200,23,0.9665718770452908
172,89,1.0150245385510581
57,115,1.0017528193337577
185,35,0.9744809488100665
42,78,0.9243182087583202
113,50,0.9668321343404906
124,113,0.9380101345346442
246,98,0.9835026966673988
200,41,0.9465881745730128
72,41,0.9433613110865865
64,113,0.9510809824402843
148,92,0.9329148115856307
235,25,0.9628955732498851
32,41,0.9472652194755418
136,14,1.0111484367932593
158,103,0.9539821978126254
94,100,0.9387158049004418
136,58,0.9720845499208995
127,8,0.995080233684608
230,39,0.9749595033270972
137,63,1.0056367103409554
200,4,0.9564461729356221
138,92,0.989164497969406
69,12,0.9546737229185445
188,92,0.9452950177448136
96,50,0.9660416884081704
215,80,0.9626065346279314
246,64,1.0219191259571485
23,11,0.9629770384303161
48,7,1.0480178610554762
48,82,0.9944925127284867
169,56,1.0488263411181313
244,105,0.994889959692955
169,58,0.9953051975795201
244,104,0.9417640119791031
126,70,0.9751064053603581
94,82,0.967420933502061
233,78,0.973030794944082
127,85,0.9520338614072118
148,35,0.9298333334071296
48,31,1.0553431979247503
57,81,0.9978587914790426
38,63,1.014384220487305
247,21,1.001906553815518
9,17,0.954571823988642
78,92,1.0138427067015852
191,63,0.9994764381221363
122,17,0.9466079803449767
53,17,0.9356115039970193
114,103,0.9629559282745633
48,58,1.003517719251769
219,36,0.967951418166714
72,50,0.9602174056427819
27,11,0.9386797706995692
122,35,0.961528373083898
215,32,0.9732803138239043
136,20,1.0337058358958788
223,58,0.9876047713415963
221,58,0.9837482401302883
42,105,0.9617736504546234
45,14,0.9789892546832561
148,89,0.9184084410912224
51,116,0.9983180495245116
166,0,0.9885100115622792
71,63,1.00938638964934
85,81,0.9818505634154592
192,82,0.9600943598364081
125,25,0.9690972907202584
244,19,1.0094814077019691
126,52,0.9863657210288304
109,17,0.9209034368395805
120,92,1.0111850377704417
235,39,0.9859606165971074
229,36,0.9999899401196412
202,11,0.9517168296234948
136,85,0.9324336828930038
225,81,1.0115173145064287
27,92,0.9298913776874542
236,45,0.947092814637082
141,29,1.0413561194602932
199,63,1.0041119677147694
147,35,1.026871333048413
78,50,1.0106106347271375
114,108,1.0105047241917677
234,17,0.9740929922887257
101,88,1.0309267225010055
156,17,1.0040674124445235
127,59,0.963113486500723
125,83,0.9640068826930863
221,70,0.9981223706688199
9,25,0.9668870610850198
53,35,0.9485179366809982
152,121,0.9475727167778781
112,82,1.0188246832362242
66,83,0.9923228648092065
215,41,0.9524103541459356
113,85,0.9481177883488792
235,54,0.9764729418924877
244,12,0.973327583234225
122,92,0.9583863536162036
76,109,0.9742387229842799
216,115,0.991329080558249
65,25,1.0135750698723964
87,23,0.9909171728151185
230,23,0.953488862408059
166,23,0.9679571070841381
126,59,0.9474352752523763
246,50,0.9470941435013499
122,103,0.9395975789853505
9,63,0.9591136415089879
0,35,0.974964344075748
124,81,0.9420550321894032
157,36,0.9614932638193879
125,81,0.9628035048288959
42,107,0.9765059367886612
158,109,0.969832426735333
136,88,0.9230872802436352
49,21,0.9601928421429226
246,70,0.9880073283399854
5,92,0.9306792872292655
106,35,1.0147496925201267
9,41,0.9531708508729935
196,92,1.0193409322361862
166,35,0.970703295298985
23,100,0.9722429851868323
127,52,1.022341071494988
90,116,0.9689462770308767
35,115,0.9715231949729579
155,9,0.9236089821372714
114,8,0.9796221437198775
50,116,0.9927588598802686
109,41,0.9345498622528144
92,36,1.0004703301404203
144,54,0.9734315829617637
20,83,0.9556462451416466
234,100,0.9793777763843536
169,45,0.9498218803533486
48,27,1.0648734818345733
127,103,0.9703984473432813
109,113,0.9355523219066006
159,89,0.9882735822881971
188,78,0.9331058774675641
155,118,0.9396703637072018
103,116,1.0100647886948926
137,4,1.0121071860194206
152,32,0.9560845329293183
132,103,0.9641050802809852
243,85,0.9473707931382316
32,11,0.9554979311568397
244,85,0.9530390655355794
20,58,1.0022183507680893
244,32,0.9806811373148646
124,23,0.9542745766895158
208,23,0.9988559223711491
186,17,1.0109075024457914
230,11,0.9615841912371772
141,104,0.9400184186441558
200,115,0.9611760266125202
243,8,0.9836440629192761
92,103,0.9395884334641907
127,65,1.0005422489983695
42,87,1.0112339481711388
8,89,0.9503514644290719
58,99,1.00831910249378
126,35,0.944660160690546
234,89,0.9742969987647874
9,104,0.9411840891199452
74,88,0.9733105450868607
20,9,0.9667554199695587
218,106,1.0459664165973663
219,116,0.9601035468679454
218,98,1.0033662702356065
49,17,0.9561977636601243
72,99,0.9508423070822444
208,4,0.9888280646077224
126,78,0.9309803705130305
48,29,1.0680720007845335
8,21,0.9519570315522807
126,89,0.9293670334986278
227,50,1.0171538325292724
76,115,0.9809257505195481
93,36,1.0306424597012145
234,23,0.9775391902242389
235,88,0.9456292247133595
244,97,0.9630715858989528
151,121,0.9821223552737918
76,35,0.9900775743382317
223,116,0.9668126010469028
15,109,0.9834916804518018
148,85,0.9176506990832942
119,21,0.948832036129066
125,23,0.967395759586777
55,59,1.0316618655675225
60,49,0.9398559382451432
168,55,0.9271322595221656
136,115,0.9238291042191642
114,45,0.9421152908887181
25,99,0.9782958030700684
126,58,0.9689129889011383
114,19,1.0010454314095634
234,28,0.9990962679897036
15,92,1.0086825309055192
200,82,0.9665007005844798
149,41,0.9948522916861943
235,6,1.0467800652342183
144,89,0.9487062607492719
169,5,1.0452441519924573
72,23,0.9553635610001427
186,21,1.0159851988511426
187,23,0.9868925937584468
152,22,1.0044121984392405
223,21,0.9716382984604154
166,63,0.9619492771370071
235,19,1.005810362952096
42,100,0.9259395844170025
150,81,1.0050487305436815
129,109,0.9892147790108409
202,21,0.9405975075704711
35,21,0.9698670314890998
158,63,0.9654417570148196
9,4,0.9527014674884933
246,39,0.9697732371943337
247,78,0.9621683321893215
216,11,0.9897654354572296
209,108,0.9270635939070156
20,89,0.9575224124959537
57,116,1.0032762895737375
200,35,0.9717431856053216
221,54,0.96558136173657
71,44,0.9548331036099366
221,65,0.9849608253155436
246,15,1.0393405609897204
64,17,0.9473070675241095
109,51,0.9562409722379276
208,36,1.0055729730853014
5,59,0.930156983435154
45,21,0.9952269659510681
135,81,1.0109511789466654
126,21,0.9443840432379927
48,112,1.0157530967678343
67,47,0.951069069228002
222,78,0.9590635171958378
27,12,0.9528473738048758
230,82,0.9843702954905373
127,35,0.9606267761971269
159,36,0.9997762399060386
48,45,0.9575162136128971
162,11,0.9988491646945477
132,10,0.9898417062525239
42,85,0.9250727786815592
94,24,1.0282038333160537
143,21,0.9783259614237717
127,22,1.0372721627354622
114,70,0.9991675530161176
230,51,0.9744316669447082
112,25,1.0170335588710648
32,59,0.9548709775720324
36,23,1.0024465492793493
216,100,0.9951945108228496
114,14,1.0162687711417675
59,81,0.9852750024625233
218,117,1.016217635146209
235,32,0.9775761429752622
74,65,0.9897261102284703
49,36,0.9735497310757637
45,82,1.000271346952234
25,82,0.9809619720493045
198,84,0.9334460188235555
251,23,1.0227917501968997
200,63,0.9536440553409713
247,54,0.988306919911078
127,29,1.0646214376902208
194,23,0.9937375741345542
75,36,1.0138168374874763
244,92,0.9596153316753251
216,4,0.9890574727739606
42,82,0.9541050908820969
164,35,0.9939712445650782
53,23,0.9479797056743077
155,116,0.9333306838359151
73,112,0.9930775580661637
243,112,0.9972193092107773
69,92,0.9867703611297267
34,21,0.9724515295986619
27,83,0.9127287013190133
202,50,0.9553327092102596
34,35,0.9855766344283309
21,36,1.0234881211072206
208,59,1.0115543507438685
94,11,0.9446268592561994
127,57,1.0449554121920042
221,107,0.9931230247020721
220,83,0.9563563849244799
31,93,0.9419208951294422
236,51,0.9724870058042663
35,83,0.9637941920331546
218,103,0.9714086992400033
90,58,1.0014801384615046
53,104,0.9260770604014397
76,23,0.9831067132098334
114,40,1.0426660643092223
94,104,0.9196058816160075
221,103,0.9620921675648008
243,65,0.9818814183984484
48,39,0.9917158782482147
209,87,0.9394803542111602
119,45,0.9280124900064298
69,17,0.9741556388991219
154,32,0.9813740604690143
246,28,1.0048140361905098
74,83,0.963687597640923
64,41,0.9701191343899284
234,59,0.9866053887775966
160,38,0.9543611399297204
76,17,0.9752132253987449
231,32,0.9765400301132884
69,113,0.963877586381776
243,59,0.9595038028700011
223,41,0.9662461153098515
122,23,0.9524151267749923
221,110,1.0363387763500214
234,51,0.9885545830641475
163,17,0.9881259838917426
244,106,1.044361344405583
49,11,0.949106080191476
186,115,1.0148942369435514
125,104,0.9369776158460549
54,83,1.025901070130723
42,97,0.9326883612998894
68,59,1.0176588274272425
24,21,1.0067598473812853
120,17,1.000478648979749
130,59,0.9618374572268554
144,82,0.9795484266110829
218,18,1.0496604894953114
103,83,1.004547571497304
159,78,0.9663513063320092
178,18,0.9451966450682708
125,85,0.9369342284543174
112,35,1.0187741917158877
230,54,0.9738188236951828
126,97,0.9411381312779018
243,24,1.0381555610469408
144,59,0.9653820741389479
202,4,0.931558931512492
247,81,0.9881471152018223
0,59,0.982455703829016
94,63,0.9362327797072274
221,109,0.9684529176780156
140,105,0.973900246833052
11,82,0.9999159425497055
122,32,0.9684880397149495
23,35,0.9801393180553403
76,36,0.9907701217702457
230,35,0.9592274789299283
189,2,1.0218817043517316
247,113,0.9812649403299604
152,102,1.0104936728520053
110,59,1.0347232505113684
235,78,0.9547297943915639
151,41,0.9582934986267772
129,104,0.9583544773714883
174,92,0.9704167326646191
185,78,0.9608475619128772
9,100,0.9654534836964948
113,83,0.9477880386236522
244,11,0.9706070816942624
161,81,1.00553087165047
144,9,0.9540775237338883
8,4,0.9489987668182168
75,89,0.999381064836468
188,63,0.941000226352896
204,68,0.9483273125120572
9,32,0.9750315057379859
219,113,0.9508195778221956
136,11,0.947616987994739
139,36,1.0304108254079307
126,45,0.9256693944334984
127,78,0.957689775952271
221,11,0.9593082198074886
129,113,0.9734411958072867
126,11,0.9463677874633244
222,88,0.9803827396993127
74,51,0.9896489615951266
74,36,0.9787073986870902
87,17,0.9831103384494781
22,36,1.0285571435732501
240,35,1.021691873162386
224,99,0.9921479291681733
127,117,1.023092049573149
202,88,0.9348266454679626
27,32,0.9563675544091633
236,89,0.9386948375031352
122,11,0.9516080607260976
132,36,1.010466748050281
112,115,1.0080979870898383
95,112,0.9857762668813977
72,11,0.9512587296111243
158,116,0.9520900111113276
162,21,1.0155371225305967
45,51,0.9740173635738236
138,115,0.9815123260486871
202,41,0.9475120593394551
126,50,0.9519004853708404
61,50,1.0075655660725065
246,10,1.030133065368448
236,24,1.0238524537001337
179,36,1.030792764787163
20,32,0.9858498977763313
148,100,0.9327129567308086
220,89,0.9605899591531072
78,81,1.0005168308104788
221,71,1.0346370562911034
91,44,0.9564076140522957
234,85,0.9707602517945426
36,21,1.0036382403756892
216,10,1.0178500131836958
230,58,0.9884806424379349
129,51,0.9875457638076374
164,54,0.9915840200015477
90,36,0.9771851923433132
246,63,0.9465622492134571
90,54,0.9885625373572111
157,9,0.9389398598245212
174,100,0.9722591505518982
230,116,0.9501865788229874
230,36,0.9549224296850818
109,89,0.9242582603224686
138,14,1.0285213076110398
230,78,0.9481442304594176
248,17,1.0237033883708395
124,9,0.9470698415700879
127,62,1.049620381157313
76,11,0.9591319763234684
27,78,0.9317485115357808
27,35,0.9308255878942353
90,39,0.9826000778536711
69,82,1.002200421478067
122,21,0.9549841734447649
112,34,0.9935648269020021
123,92,1.0061644507305962
99,63,1.0247862775410925
169,52,1.017270335129329
48,19,1.0188952428953988
87,59,1.0008514603333813
126,83,0.9271965967491269
125,100,0.9692625696105617
113,65,0.9789156509297234
162,116,1.0102952899677413
244,82,0.9913612018738475
35,92,0.9792445621320179
87,83,0.9781913991485324
169,19,1.0084170518176896
118,36,1.035111784190771
148,9,0.9335807976978165
114,117,1.0086070224642754
113,97,0.9572537261992693
202,97,0.9531403387497578
233,59,1.0048350740357168
238,0,0.9516295396855899
230,92,0.9577796448554311
244,51,0.9811555413263184
74,17,0.9690702823655946
202,105,0.9792148137598166
94,97,0.9396028795412609
94,54,0.9599076892648425
202,45,0.9465707045580659
159,4,0.9869357666799
45,25,0.9990265082035746
189,23,0.9927166210753577
244,25,0.9680843033960888
49,23,0.9655898468835014
155,6,0.9496585843818528
30,41,0.956082535641534
31,41,1.001483970454761
132,39,0.980892915012581
45,36,1.0051356979778834
113,21,0.9629462888198239
169,39,0.9856519773602486
53,14,1.007934691650527
71,36,1.0259681224290813
90,115,0.9735581715192113
246,30,1.0361255737287658
132,59,1.015304681445871
233,113,0.9811562336981297
158,70,0.9892555384763649
114,24,1.0371967229459966
223,113,0.9697033592632839
88,35,0.9625942504831723
76,71,0.9539520453129496
244,115,0.9494768024555275
169,82,0.9914920926094055
218,7,1.040549028132643
218,14,1.0252417182283742
13,0,0.9909049559916768
90,100,0.9737281011683601
121,35,1.031787277332374
247,45,0.955502742103168
202,113,0.9457613080739975
157,21,0.9528656420963151
129,66,1.0357729153973716
127,108,1.0233155936002731
188,21,0.9422883684081691
27,104,0.9158608865525041
113,100,0.9617743343114853
149,4,1.0151238763438803
216,102,1.0037552426968301
247,51,0.9846514082912888
166,99,0.9670479521155357
64,100,0.9611280305044991
236,103,0.9489695051951068
164,81,0.9817326994878905
157,92,0.957423899189702
49,89,0.9617411531507969
202,100,0.9454903442944799
223,54,0.9853816490088191
221,106,1.033843096345663
20,117,1.0048596720610345
28,36,1.0180664876742023
65,99,0.9997374372822898
156,21,1.0087127265121256
121,36,1.0312371226027608
90,50,0.9828314690717629
221,32,0.968133705002921
222,83,0.9761562464492661
20,60,0.9932661961231913
122,0,0.9939639823777335
64,109,0.9747240969112941
8,35,0.96283412804561
223,63,0.973167992063931
114,60,0.988167794155223
127,10,1.0537627993949823
120,98,0.9279920219310692
23,17,0.9646428893985493
9,11,0.9619681132691247
53,78,0.9447725574885096
202,51,0.9663294681480953
61,81,0.9980197618050235
188,1,1.0014297781246049
53,115,0.9346879071422985
75,9,1.0056413114070892
192,21,0.9590096957981586
20,35,0.9728109613060951
109,116,0.9242237646664891
218,15,1.0594789401761122
223,81,0.9633419183748109
148,51,0.949408084154129
90,88,0.9688493542905364
235,117,1.0142242216638155
234,101,1.0124557742050715
9,54,0.9739873664719718
127,39,0.990897319146565
223,50,0.9819360343473298
165,59,1.0235930139731084
119,63,0.9445046197090831
9,88,0.9593103719609124
114,54,0.969580488545554
136,116,0.9274344731654439
152,59,0.9356605889541763
185,100,0.9714259127421039
48,78,0.9631053911788123
69,60,0.9784956079508577
218,95,1.0647660214453936
74,92,0.9828517820153918
20,59,0.977180718843426
96,17,0.9568837785295078
29,36,1.0410045364073344
94,4,0.9220811953502042
34,17,0.9684735903782504
244,78,0.9565836723361697
216,51,1.0103013145604305
64,65,0.9863232352903911
138,100,0.9806546930755887
141,23,0.9564991291346294
96,92,0.9700362033077649
132,17,0.999114881668772
136,82,0.9675931494150843
165,77,0.9255406782031059
55,18,0.9498042251382556
16,77,0.9373187465327126
48,97,0.9653687636767115
74,121,0.981389901467732
69,35,0.9894221292010376
15,11,0.9727491214871407
174,36,0.9701357228415353
164,21,0.9898975512811116
138,109,0.9966194246496473
129,28,1.0047803686133452
88,99,0.9630617094891412
20,54,0.9809595548680851
96,88,0.9569480983274323
75,92,1.0125693049547928
64,19,1.0001389629074506
113,12,0.9597637057304382
246,110,1.0297789903623717
59,83,0.9891017861664295
169,117,1.0142611839941569
27,70,0.9792525363819939
202,54,0.9660812446049282
94,51,0.9629294191087995
129,21,0.9868761343615395
15,111,0.9452364859836442
188,59,0.9482453875243664
27,97,0.9378007772777762
8,81,0.947793501828398
119,82,0.9551240737949099
221,60,0.9833877959421703
69,11,0.9649623504706791
11,83,0.9755501108510154
113,54,0.9755522502320153
141,92,0.9564300642481872
218,41,0.9669090897909233
169,78,0.9560550877026149
228,21,0.973992188660694
202,58,0.9687403791717121
98,100,0.9771949409374169
154,23,0.986961381243808
146,99,1.0070746232356345
233,88,0.9891253848161016
20,85,0.9569089614919254
127,25,0.9676884290363107
141,58,0.9836105906537601
174,17,0.9615920574537345
51,4,0.9952439059104238
94,58,0.9723783476012093
109,50,0.9469487901244845
126,90,0.996206841298512
236,78,0.947878072304385
15,113,0.9795042646250555
1,35,1.0083602736038821
230,115,0.9463044181466103
165,112,0.9877409104790006
246,0,0.9944540687969753
156,35,1.0204521816756045
132,23,1.004374474287033
70,35,1.0450590252876282
48,114,1.0468437962367065
235,112,1.001103289425373
122,116,0.9512201387967382
8,36,0.9638159461319447
98,35,0.9906954211848122
27,90,1.012058368750981
188,83,0.9260968075000814
53,105,0.9758926427790097
91,36,1.0292799440877778
103,35,1.025211038200983
127,50,0.968755549618176
249,103,0.9452208706310817
177,23,1.0306133424829957
49,116,0.9642433784902096
127,7,1.0452574118971825
15,17,0.9963016738849026
122,45,0.9261221068778208
102,81,1.020052528541003
221,39,0.9776343352028302
144,97,0.9511226341128349
104,83,1.006580752719726
136,109,0.9607286708695548
112,87,0.9870767894067934
104,116,1.0089918917843275
163,41,0.9749594735247749
90,11,0.9806400098438773
122,78,0.9445828273892403
217,23,0.9605327986979059
57,92,1.014271498790809
247,23,0.9945404922057476
221,50,0.9563387685588428
91,4,1.017329276140247
64,53,1.0271181464195251
36,35,1.0127090109246117
243,4,0.9409157511379037
217,4,0.9554452470370701
137,59,1.0282252202076572
80,17,1.0262489326165192
59,113,0.9744489661284855
246,120,1.0380039087363653
218,2,1.0499519077794892
233,92,1.0039133030389036
159,18,0.97656381928495
188,35,0.9451903498598507
221,41,0.9566959536501339
234,104,0.9525656944939068
71,112,0.9950358250311443
47,35,1.0321990153087037
247,82,1.017832261111055
114,48,1.0384213128792388
160,89,0.9841458850673267
189,54,1.0097841854606355
163,35,1.0050187818040806
0,100,0.9616306497316275
109,58,0.9540491146700723
63,92,1.0150010766727584
246,14,1.0069572159222193
43,99,0.9972334940518651
222,17,0.9764713437429496
249,25,1.0183952623712165
138,81,0.9740988878267152
63,36,1.0193636209837027
118,115,1.0244270414113998
59,116,0.9897031065608773
114,7,1.0307243232216154
42,25,0.9323171174951962
27,45,0.9301234345350947
78,83,1.003632791340351
169,10,1.04724971683962
144,78,0.9485205156462533
45,63,0.9878318160772324
169,98,0.9980018394333976
132,53,0.9728323859827859
13,99,0.9878277129360608
64,9,0.9548965455698115
230,45,0.9454795950358468
155,92,0.9392658360302448
217,92,0.9673289874834674
114,78,0.9501036767448697
9,82,0.973889237003667
214,99,0.973867437669209
218,10,1.0494817442127637
189,32,1.0062284427029746
109,86,1.0185137023883206
236,116,0.9403299070628626
36,63,0.9973181028451238
188,58,0.9641661622694561
73,113,0.9812337734869548
171,59,1.033279589776482
236,71,1.0173609065158027
195,83,1.0141930341986674
247,9,0.9828943671392543
32,23,0.950224254812513
92,92,0.9973764291831425
125,89,0.961310751470072
234,21,0.9874039281691823
45,92,1.0027862563729286
27,61,1.016549994370767
47,115,1.02036907098123
138,59,0.9987107812027846
217,59,0.9716248927371842
169,13,1.0329624052558626
32,58,0.9767760762146541
141,78,0.9499774958406176
187,103,0.9314158683908837
150,17,1.0072210053248065
0,17,0.9586435058819396
47,17,1.0183832622133195
102,113,1.0079769917896815
152,89,0.9238684108214719
138,39,0.9927858603852135
96,97,0.9592121735747371
48,41,0.9734960496425629
244,28,1.0225216043846947
127,69,1.0557728808905398
2,7,0.9174491475735392
217,83,0.9551517085305282
188,97,0.9514419489673206
78,116,1.0048809120697635
204,36,1.0295137951948814
236,104,0.930523335401501
48,10,1.0567211830722434
116,36,1.017753396981529
109,11,0.9384995188031878
247,104,0.9575814697891474
169,114,1.0363121942750044
159,114,0.9700264462402889
158,32,0.9760240124804633
23,109,0.9750011701669011
159,50,1.001646219619683
136,114,1.021970504096576
154,59,0.9999605733901262
170,21,1.0176146573669809
152,100,0.9371667174356324
59,92,1.0018338039517403
164,24,0.9925612897745201
160,43,0.9521574653419
85,83,0.9831086748412677
113,58,0.9961858455623899
87,89,0.9818078939403806
219,9,0.954823342351509
152,25,0.9429284264998776
166,54,0.9790991970470974
125,58,0.9812709002622536
109,6,1.0055407658219337
149,23,1.0158632421599967
126,100,0.9404550402292183
23,25,0.9775911065350685
48,50,0.9771635340792793
51,23,1.002717756799289
62,23,1.0052486368055855
141,109,0.9745957063777106
73,81,0.9923026189208031
109,57,1.000347865479333
222,21,0.9891210074669549
11,35,0.9948029087058136
186,100,1.0084235503205232
169,6,1.0494834945670195
96,82,0.9796366159405027
177,9,1.016501312809331
129,103,0.97316182830504
221,28,1.0126343997461456
127,11,0.9720413024936404
178,83,0.9451270837868962
88,17,0.9482287360089166
83,36,1.0330869140369552
85,0,0.990118852683476
5,85,0.9152879635138171
165,36,1.0233401044138841
235,98,0.9986093917063305
167,113,0.9946300057428223
126,109,0.9529535220935941
6,4,1.021574854850769
113,0,1.0032033994793892
36,41,0.9865645979131971
158,45,0.9348862732627562
118,14,1.0003121053533894
9,12,0.9617598110011646
155,115,0.9369551656501633
233,23,0.9910339050527129
114,39,0.9785923489502498
205,92,1.0105943532128419
13,4,0.9974275002522128
229,21,0.98907323527549
18,83,0.973577586135694
189,83,0.9788998812437057
164,82,1.0005123242735863
85,4,0.9845419387732234
222,115,0.9797559079847166
108,83,1.0212238058447838
221,112,0.9927015560013908
73,89,0.9950180910527706
78,59,1.0220329027090753
138,113,0.9783714190125465
27,85,0.9289170908076423
57,23,1.000778106706483
32,35,0.9542372162852969
176,99,1.0122762194701604
90,35,0.9820496871003083
211,113,0.977561534515449
162,23,1.0113555906074387
184,41,0.9805224559136799
99,4,1.0286600294389896
154,14,0.9840406637106623
217,113,0.9522706999310425
8,17,0.9489772484770843
101,105,0.9918976434107337
42,39,0.9616629140717643
108,17,1.0197970638317722
48,24,1.0559327495949609
219,21,0.9710227789224258
5,99,0.9317706897854805
138,21,0.9910731299647263
156,36,1.018886275589466
250,35,1.0299436463309186
217,60,0.9469165847237621
177,83,1.0252564888713616
249,116,1.0131666136107274
78,9,0.991272006716047
218,24,1.0462813103305442
202,83,0.92374480089971
124,4,0.947852757360254
158,50,0.9701727660638946
8,82,0.9587309435009956
30,105,0.9535950927862099
56,92,0.985801559473787
5,78,0.925458584512983
221,52,1.005696673478399
218,48,1.049060954047101
103,63,1.0047095753252506
141,88,0.9486265663456704
23,21,0.9765413621706622
246,62,1.0260423863572734
42,19,0.9835861963885171
120,70,0.9625780136723604
114,50,0.9608290589281491
243,16,1.0439664939684528
226,23,1.0265155602911753
105,36,0.9825144090822765
45,6,0.9602966372455869
166,11,0.9648333277021136
127,14,1.0319115365190166
153,83,1.0302853315536464
126,0,0.9864270075091294
118,52,0.9735534518424954
204,35,1.02915618834751
21,25,1.0153782842680812
156,82,1.0111177042126656
88,100,0.9639366939663887
244,119,1.0497220754623413
30,85,0.9421861711889505
136,32,0.9602869153022766
122,59,0.9699714279600552
40,100,1.016013574387346
155,4,0.9281215412276131
126,14,0.9987455617104258
119,17,0.9435852968267032
135,107,0.9644655383058957
223,23,0.9741669967770576
220,45,0.9113535327570779
36,115,1.004606117095266
178,36,0.9590853867786271
127,94,1.053768622688949
166,51,0.9856403352958816
178,17,0.9460990620510918
169,28,1.0205347671040468
120,41,0.9874684895787921
75,112,1.0194649390344108
11,109,1.000374817422458
74,89,0.9714609661272594
185,82,0.9747799837163517
83,116,1.0194162859448366
138,29,1.0477295379553522
74,12,0.9750467466988734
244,117,1.0158484727144241
131,17,0.9918015769549778
169,112,1.006191158933299
129,19,0.9955994295222419
125,78,0.9456383184130702
107,4,0.9986326449683735
234,25,0.989447469157832
49,92,0.9704126401671341
246,19,0.9940682819911412
247,4,0.9878305144208882
215,102,0.9641698503068515
136,97,0.9404328965715
73,92,1.0008870480316026
73,35,1.0072862979556834
234,36,0.9849370813795498
158,81,0.9470061074410167
74,78,0.9705634681241853
188,116,0.936254447059972
203,35,1.025227787571826
243,82,0.9821080203567233
122,113,0.941991252558572
111,35,1.0205329826899938
149,11,0.9800104179552623
142,35,1.0430781503341027
226,81,1.0207209588427628
221,63,0.9542610400489399
65,68,0.9479660668543407
243,14,1.0186598737324988
233,35,1.002648257450866
123,36,1.0121221052748817
27,60,0.9693743490747043
132,4,0.9992661699652672
188,54,0.9632787768329892
236,83,0.9315410586340087
235,102,1.0424532288951533
92,17,0.9858790997947965
159,10,0.9858421487733722
109,83,0.916596594402498
129,60,0.9970893929047244
236,114,1.0096129508955138
166,25,0.9709247978670257
81,63,1.0145281154130186
5,23,0.9273712901132447
173,4,0.99000797527177
151,59,0.9832952176885945
63,116,1.0051298854606492
23,59,0.9815764856923904
144,17,0.9495170510240963
108,36,1.036413578050477
230,85,0.9425940633352313
144,81,0.944935851331268
36,54,0.9945637892399516
155,17,0.9307350564215865
129,87,1.0191699622997217
157,45,0.9045492698039327
64,78,0.9567496031522751
40,35,1.0359339575682367
48,90,1.0471935799079282
20,100,0.9665366006749017
169,8,0.9906560959560531
157,59,0.973406886914745
200,99,0.9548946315688747
183,43,0.9330888092517853
5,11,0.9348072132893971
236,10,1.0150505953601427
22,35,1.0254611253206218
42,11,0.93272929000003
75,50,1.0225391976003135
218,31,1.0487191493489914
233,21,1.0003904303801912
28,115,1.0051229544686586
138,54,0.9956115111708641
126,115,0.9306597951799631
233,115,0.9946431179663965
180,68,0.9396886197584016
202,12,0.969858316970723
130,92,0.9650013744831085
162,54,1.0092649145850114
157,6,0.9355837053486279
222,35,0.9920951069465705
135,104,0.9754138883269791
59,11,0.9720881102340562
88,23,0.9597194540713515
64,60,0.9907850197383335
244,98,1.0006764722721917
90,17,0.9653610359611255
159,57,0.9759063098047461
36,100,0.9988483020237514
83,108,0.9436561667493412
74,60,0.9978038966655731
221,14,1.0145486029131072
178,92,0.9583596773445606
162,83,1.0021679688777243
100,59,1.0389139439565562
40,63,1.0197348099734103
186,103,0.9649972793247018
211,102,0.9913380369544029
221,18,1.035715109535626
179,58,1.0083880690591676
69,100,0.9716143964656762
148,103,0.9306945199412959
57,100,0.9963644029838699
27,51,0.9572489570294108
177,92,1.0382981529193265
20,24,1.0278633226241385
223,11,0.9668779617973736
236,108,0.9921683658446584
221,19,1.0016988792589732
106,99,0.9872358813881874
199,92,1.0183118303539231
9,97,0.9580982476472855
96,83,0.9522300777690751
182,43,0.9379383400082588
23,50,0.9792255788509335
246,108,1.00248527101108
131,36,1.0075322049004691
48,107,1.0129225855427129
234,7,1.013094822210925
114,29,1.050756904429623
20,39,0.9870204702019691
169,87,1.0366406568459101
159,87,0.9818128354714385
189,21,0.9991455381470067
246,5,1.0276324017239469
165,63,1.0062848584992545
34,4,0.9699027982673475
75,17,1.003402327985636
247,108,0.9534565753170422
223,88,0.970807029732636
70,112,1.002342318849904
152,29,1.0336810355739934
246,6,1.032294012606144
235,108,1.0202185256140572
88,45,0.9501284041575023
159,108,0.9666141127901418
219,35,0.9722760916421456
48,4,0.9490490630269051
6,82,1.0206596702337265
103,21,1.0152821240148373
189,45,0.9804503161992345
42,89,0.9121623885418687
154,7,0.9493008294541921
218,99,0.9712333200233323
15,32,0.9950047683502946
243,29,1.0510843761398323
64,54,0.9781432279518673
189,104,0.9648987565721784
129,11,0.9808365878249917
132,74,0.9863697929041726
159,100,0.9848674647510052
158,58,0.9859070501157216
51,17,0.998719579407147
221,96,1.0344582801418645
195,116,1.0158268415502139
243,98,0.9917628339358738
217,21,0.9673044272764985
79,17,1.006737611655678
72,97,0.9508857552760414
129,32,0.9988783427647182
78,32,0.9997840044753892
107,59,1.0122566960219825
64,39,0.9835138863750866
243,22,1.0209359712898731
140,21,0.9898229110985994
169,107,1.0028543887393815
148,63,0.9245187209120819
90,32,0.9900566251017153
51,115,1.0006692819297314
202,70,0.9929336394582476
244,103,0.9732581472822598
77,36,1.0322755849254983
184,115,1.0034732028309787
244,22,1.0310203725738185
122,50,0.9703586548566818
11,112,1.0064739467842239
44,23,1.0227670366210597
73,9,0.9836974245096956
223,60,0.9860055084739413
210,115,0.9991038718393871
179,92,1.0271312264459473
105,115,0.9723537367369447
233,89,0.9889455128993306
72,59,0.9583875100527491
32,115,0.941101077411856
53,88,0.9359689562448433
234,109,0.9845988345997674
221,64,1.0271702760032244
219,92,0.9692966868834836
0,25,0.9686976586069379
221,95,1.0503776485898666
57,59,1.0196781605482101
190,21,1.0111338631915194
32,71,1.0129584968090057
88,81,0.9459887104375022
238,4,0.9388334548899105
126,112,0.976405276783875
76,45,0.9516763474260058
17,116,1.014837199289884
69,4,0.9738043770194054
86,116,1.0116640047303267
78,17,1.0037292162222522
217,82,0.9768397286534309
20,121,0.9792264364659786
82,21,1.0196964429425341
113,109,0.9734924584627151
9,0,0.9841490909457207
21,59,1.02482645586133
189,82,1.026890315647636
243,60,0.9919763287263257
156,6,1.0020330942102842
117,21,1.0131864824465342
242,63,1.0141640912209238
107,50,1.0093006789684296
105,63,0.9737761659281594
239,108,0.9350173686231885
125,90,0.9669362434319088
242,21,1.0200298616130437
113,104,0.9402676490800721
64,115,0.9523309184504407
156,41,0.9920228272676468
239,88,1.0160403618855136
42,58,0.9568237247211593
5,54,0.9457798898220062
88,11,0.9628031530550548
247,105,0.9798067244035857
64,50,0.9647038291607585
107,35,1.0091835992144687
143,81,0.966805429330894
61,12,0.9446733353127327
210,116,1.0003901382109948
48,117,1.0266690403223038
88,54,0.978822090796062
236,54,0.966037891805172
155,23,0.9322866513310666
82,94,0.9585735909640789
218,91,1.0530878183032786
114,41,0.9624512908714158
220,9,0.9466190316847393
8,63,0.9479044260723251
164,92,0.9929422693593162
219,109,0.970353265958173
7,82,0.9933205928121295
32,92,0.9501795800668853
157,115,0.9557672832161188
73,115,0.998479673905032
59,23,0.9903491527906486
94,107,0.984991288610867
239,55,0.9453584988202367
151,105,0.9805402078532747
152,4,0.9235367152307715
126,54,0.9532257691025734
234,45,0.9498358368873596
20,109,0.9826858203325953
166,37,0.9960226576243129
62,59,1.024113797715732
113,82,0.986141178224768
154,21,0.9871530751032489
60,42,0.9370322456317288
246,40,1.0347001696271556
65,63,1.0069596937724523
200,32,0.9649058867778096
202,0,1.0020462066999503
178,107,0.9301391531314168
166,104,0.9432160018810204
135,89,1.0172354765236378
23,83,0.9664447241063628
237,55,1.0235960824148995
239,26,0.9507181921175548
74,4,0.9676441262875285
27,63,0.9308136499353817
230,89,0.9458227200167519
5,116,0.9209942540952137
234,113,0.970114426953452
96,58,0.9795248167855399
119,115,0.9494764011885438
200,102,0.9484592638909817
74,35,0.9820326747638839
144,100,0.9579298389809472
87,11,0.9725257733038494
12,23,1.0026054142841272
113,51,0.9804806826370103
159,17,0.9854189865291119
233,9,0.9891776820378644
66,81,0.9931861736944744
132,32,1.0058252524052347
112,88,1.0062549508043699
238,36,0.9577415330069405
3,99,1.0052709116467409
185,97,0.9633897994977555
48,14,1.0328167147402252
127,70,1.014351480773517
49,58,0.9685652282621179
7,63,0.9908553031938416
112,55,0.9829647690057755
60,43,0.9395487388329846
237,26,1.0369137807616167
75,83,0.9981584274210036
102,23,1.0237986643998218
75,67,1.019241398466485
114,22,1.0235767949904715
84,50,1.034479326435498
49,35,0.9725753920418876
247,89,0.992149183260543
78,48,0.9384904354810715
126,82,0.9653612577489444
235,52,1.0160301221268517
114,31,1.0371995397976466
84,94,0.9557726745094571
127,120,1.0602978563734464
233,105,1.0017490722239017
199,23,1.0113044550110186
72,4,0.9407148850815636
175,17,1.0190127768686839
18,78,0.951536700129509
218,53,1.044149381241628
127,98,1.007739782333374
94,85,0.9333487073225635
129,36,0.9815408087202481
132,86,0.9836242550185749
87,85,0.9630577330078397
222,59,0.9909448757701155
7,36,1.0038013660481997
172,17,1.0122281153287207
11,21,0.9901601576379367
34,41,0.9534592309168407
114,107,0.9937993032591683
114,6,1.0415458154997654
11,45,0.9778702035546303
74,82,1.0102081171103887
126,107,0.9718983343669346
128,36,1.0332904232532851
20,78,0.965932483119624
84,37,0.9345802600894656
223,46,1.0080381759575434
63,115,1.0080266701323646
237,2,1.026885717042855
210,81,0.9942537572767053
130,63,0.9681768715381622
51,102,0.9653902367821762
53,45,0.939987298633371
60,81,0.9762960544654301
4,55,0.9303825827581542
246,107,0.9853560530713626
246,114,1.02015363744327
116,74,0.9211119615605899
166,45,0.9515972132129329
48,56,1.058154519913452
7,115,0.9927347784063646
217,35,0.9703495103333678
202,24,1.0321561422731196
172,86,0.9281471563237054
75,115,1.007237397134304
144,35,0.9631786734930107
235,63,0.9606610515287944
88,112,0.9919567917074475
105,92,0.9820140371365207
74,58,1.0098757264869553
28,35,1.0175481152587704
141,45,0.9522851620401654
69,51,0.9782135795269694
148,50,0.9363631680607796
39,83,1.0143748237086194
234,9,0.9732152755771365
246,90,1.018931092960494
218,19,1.012193888425827
148,12,0.9392701437962907
223,82,0.99844719682421
120,35,1.0153636672933186
234,97,0.9686169060213226
238,25,0.9521526231297425
73,17,0.9914893337658474
162,9,0.9995973195348468
221,0,1.0032375401684217
151,9,0.9726977358971324
184,21,1.0008672531694174
66,35,1.0073704877868295
237,12,0.9563982944403376
150,83,1.0063738961304938
120,36,1.016153607783573
26,116,0.9929072314075061
4,88,1.020919745521886
236,32,0.9697205919240203
162,39,0.9900032626464963
60,63,0.983367668730872
20,106,1.0290646898959364
63,4,1.0040962658822536
4,26,0.9341111332178116
244,108,1.019454347235816
82,25,1.0218846747385604
194,33,0.960939786796059
53,118,1.0122298853737968
244,41,0.9698805095893996
173,35,1.0035220751804965
88,78,0.9590168840118817
159,109,0.9829215790544238
113,14,1.018169800085681
125,98,0.9486163333058357
4,108,0.9253887055175645
94,112,0.9860719378505435
124,83,0.9442236021859571
218,108,1.022848419579012
244,30,1.0521145244794232
148,54,0.9475445002317429
16,44,0.9562086250100817
4,101,0.9183974766305515
244,7,1.0377210889543806
151,23,0.9731767433030265
119,92,0.9557560650365693
65,79,0.9415060026305062
12,116,0.9991301048014846
119,23,0.954634423234633
246,99,0.9540780160043921
124,45,0.9239992275834084
218,5,1.0476246046434556
199,82,1.0065146115209376
99,35,1.0393593731735433
166,113,0.957916579076222
114,87,1.0300537613885743
113,45,0.9456009596054044
58,79,0.951262323984078
164,115,0.9874351317329066
42,14,1.0023983046412468
247,32,0.998097723616021
127,28,1.0301631981773036
144,99,0.9658338682992118
98,50,0.9876732943313462
206,4,1.0310277425284897
155,45,0.8964814086045537
94,14,1.0098341639552797
87,88,0.9857758975454739
136,105,0.9734686341668878
205,17,0.9987470813627753
69,21,0.9797166963773114
90,51,0.983948335849813
234,8,0.9761366897395679
235,107,1.0056676353727068
48,108,1.0299104603805713
179,17,1.0158078425696917
109,104,0.9176364711352757
148,45,0.9271873810461589
154,66,0.9534996741318277
75,23,1.0070310780512435
124,17,0.9483496099710464
129,114,1.0170933194458485
114,90,1.0263896158763341
112,50,1.0151092282363348
36,60,0.9787890435795167
143,83,0.971391995038305
226,83,1.0228162614096488
246,2,1.0305504128336906
134,35,1.0146905252976077
13,21,0.9986055376274245
136,104,0.9202260023781231
119,58,0.9636965372732708
152,50,0.9520250723830291
107,17,0.9921205698379448
144,88,0.953159684581416
35,4,0.9675850740500859
49,113,0.9507891225927908
235,119,1.0487589431660516
94,70,0.9909686499408313
225,105,0.9866323734500578
218,87,1.0417809736515795
92,83,0.9854975422578198
210,113,0.9785135095672948
235,103,0.9674393875258309
119,89,0.947787877704416
11,4,0.9749343650681632
32,63,0.9480389186314174
156,78,0.9850519821047783
169,90,1.0365280179040772
235,28,1.0207320446414607
222,25,0.982797016389668
216,6,1.0232611820101738
56,21,0.9807499700358936
53,81,0.932245918150459
169,105,0.9925649533314365
44,115,1.0243286374357663
162,113,0.9934161129806723
235,8,0.9888019998158727
221,98,0.99137430531638
135,83,1.0153724260495178
49,4,0.956159165927342
20,11,0.9778687773006303
202,85,0.9409145393541881
34,92,0.9821345403657428
115,23,1.0417615293658204
5,88,0.9209237364786012
33,60,0.975124961563519
57,50,1.0143601734723364
166,58,0.9867918555225644
135,116,1.0160608018216277
206,92,1.0404911783656903
166,41,0.9567630471927779
244,39,0.9869853758386203
210,35,1.0093260323628783
90,25,0.9890192350638765
98,32,0.9884373364703996
154,36,0.9953646941908768
221,117,1.0055021569132805
186,25,1.0252431396927153
129,12,0.9798332029687506
112,26,0.9921148444658944
152,52,0.9927821063569614
12,35,1.013934385563646
92,35,1.0006273234362848
143,92,0.9835716677563531
9,102,0.9886241746800286
165,35,1.0233516421701228
5,24,0.9952742414815086
185,113,0.9601314419082233
94,41,0.9443753989679473
113,11,0.9655224648969514
106,75,0.936000329043184
127,106,1.0521549231239729
73,0,1.0019492043980531
109,60,0.9623874231640782
42,51,0.9535131326743534
159,23,0.9889115446380207
125,4,0.9655024845685277
158,104,0.9377262549740928
185,116,0.9610544357981
227,116,1.0059253466980798
18,116,0.973946390407426
42,46,1.0236017459205218
122,41,0.9580870962568692
159,58,0.9973571939127786
222,89,0.9807942094547408
154,4,0.9782077616878918
235,14,1.0248833378510815
185,60,0.9941482916474342
69,58,0.9865102054817336
173,92,1.0024399565798896
11,17,0.97987911850214
48,15,1.0669390404863017
113,98,0.9883933386632374
26,50,1.0003959557839803
11,92,0.992865765201194
155,100,0.9297395747687135
30,115,0.9749044972871032
126,39,0.9615802143567375
8,25,0.9609253853559494
169,106,1.0435332863458566
163,113,0.9734999053180218
78,78,0.9693460821041039
150,100,1.0038511149053062
63,85,0.9678611558462892
158,71,1.0169778338500433
99,82,1.0329299380204506
195,97,0.9847554391516107
137,36,1.0236989222466946
210,25,1.002578618004918
228,113,0.9639604043747697
36,52,0.9688589884234327
103,22,0.9880786080445562
109,39,0.9630911062870707
132,45,0.9579083419271878
185,11,0.9665100276470184
151,21,0.9699226575238364
246,118,1.0269813101206506
127,19,1.0168243529541152
155,24,0.9486557862588337
112,99,1.0056616855519158
129,17,0.9739848258239883
136,60,0.979328168290002
114,99,0.9649679857705321
201,79,0.9502108645226274
9,58,0.9820741042494774
32,99,0.9504392641995635
158,4,0.9451559803315571
227,83,1.0058071506874902
235,70,1.007160627416202
118,35,1.0340920048100608
32,104,0.9349943301640451
49,83,0.9578331828649554
233,10,1.0154178994042533
64,12,0.96430506903146
234,90,1.0080081905637468
216,50,1.0082858794235758
244,4,0.9437713559184756
158,14,1.0100217291287013
141,11,0.953939428286893
7,4,0.9890881180763245
169,3,1.056382939618613
42,54,0.9470343738794327
62,12,0.941980375775269
172,116,1.0124566249017204
18,9,0.9649019534034389
156,102,0.9890469198248216
127,0,1.0181215235165186
222,109,0.9775319088782582
8,88,0.9559341450887067
150,78,0.9723961954670293
109,102,0.9981351792812347
33,65,0.9410002005419561
231,102,0.9803883958874005
230,109,0.9678380478705678
154,17,0.9823255789067064
130,12,0.9733536562749318
104,23,1.009903742532645
215,100,0.9678719493427447
154,115,0.9854969005765659
230,25,0.9631883172052247
94,32,0.9624570927449635
105,11,0.9494813880217927
221,90,1.0281852600829942
113,32,0.9770900788051742
9,81,0.9524817115494183
124,21,0.9588450624474457
242,83,1.0149666862562299
221,37,1.0244402970586504
32,90,1.0194011596696717
30,102,0.9412119670638016
159,39,0.9680455055619989
32,21,0.9481071063450405
32,85,0.9380256317464435
174,23,0.9704974325639861
132,25,1.0109697431325912
211,32,0.9894315121429307
186,58,1.005445743245738
48,98,1.0126499789101737
27,100,0.933952126119818
219,23,0.9620989833160171
48,86,1.0633503879819597
218,3,1.0594115190740143
244,50,0.9689265117049217
119,97,0.9445501855973687
247,36,1.0036307948508434
241,35,1.0241983950670277
163,100,0.9851134121417999
164,59,0.9945297964981624
136,108,1.003003508916923
35,17,0.9665672906807491
60,90,0.9452277428936213
59,21,1.0004038390304362
222,36,0.9909969000145793
132,6,1.0005230163889272
74,32,0.9955985876066344
178,89,0.9478867974664483
143,36,0.9862399282199996
141,82,0.9807679387075561
160,49,0.9519184733799193
188,90,1.0006807403905051
162,104,0.9797721212837912
74,50,0.9796043570552554
125,112,0.9784314196024623
141,50,0.961309728877885
220,21,0.9691003161881652
148,105,0.9534739527319159
236,70,0.9880330583878926
49,51,0.9698787736041206
123,17,0.9970465068306241
119,81,0.9432265652077538
169,15,1.0552016337003027
126,51,0.9541387008503079
234,12,0.9673284717968532
114,5,1.0356103492501592
148,60,0.9590964296034404
148,4,0.9209834145648139
125,45,0.9383075045687812
51,83,0.9978803965662207
49,82,0.9722148265157428
235,41,0.9668350331485271
48,70,1.0202598486627852
119,19,0.9398564238633428
19,4,1.0123817377856799
159,59,1.0088151802441903
243,52,1.0129070186189242
169,95,1.0617370392595018
125,82,0.9848938084074429
119,104,0.9267656724633915
114,57,1.0295394313122546
19,23,1.020139245050294
178,32,0.9596362060734204
145,23,1.022291772333639
217,9,0.9511733476870826
244,14,1.0255293247423
51,81,0.9943363985845021
19,115,1.0154397657939367
148,115,0.9196980191128594
125,117,0.9807314979178565
59,89,0.9892538785934448
19,63,1.0099864591445242
97,43,0.9370015178407941
173,115,0.996416974812746
243,80,1.0337078624538012
205,35,1.0137228015810251
148,97,0.9302839051399913
94,19,0.994548669883183
219,4,0.9572240528983197
239,4,1.0139184269521917
245,83,1.002628049680165
235,24,1.0441198913114411
47,83,1.0193698746817452
246,3,1.0404714340610164
246,41,0.9506294184497425
48,22,1.0393954004560197
240,63,1.0126869912658418
216,99,0.994248203933239
127,12,0.9768885576299259
109,100,0.9351894270096507
236,41,0.9442305622090187
114,98,0.9937864031110492
45,102,0.9486866816878319
42,108,0.9947487094572612
94,81,0.9228572100400925
158,83,0.9449980320142848
243,117,1.011171659188611
237,81,0.9209987127355167
59,59,1.0123517593102795
215,82,0.970223281532526
137,31,0.9102822265454701
61,36,1.0195365649248873
119,36,0.9588446063654763
144,12,0.957416795194149
38,36,1.032377871817776
95,59,1.0366852570857321
20,25,0.9855882307248456
124,116,0.9508315202380929
26,81,0.9884690307080746
138,87,1.028677607221263
125,19,0.9683810437231192
38,99,1.0082364375037807
23,39,0.9788685837494475
46,63,1.0155427988086427
169,24,1.0439659346427237
113,117,1.0108772494963236
186,109,0.9986437133380345
36,92,1.0148844750864165
235,85,0.9480767984475408
57,4,1.0039726219006948
90,82,1.0121550054422446
47,81,1.014767469039985
247,116,0.9926139023154974
229,115,0.9914073895197362
143,82,0.990089268556663
6,21,1.0236659699252673
159,45,0.9587542859039137
230,60,0.9868232690330062
98,21,0.9864913634955883
61,116,1.0020503250083752
222,23,0.9864319681988231
75,32,1.0061903739614146
32,39,0.9790529821600232
178,113,0.9357791974076203
109,1,1.012315775666918
127,90,1.0426903984376363
90,97,0.9701163662331445
162,58,1.0199421614940678
75,35,1.0171392655798368
51,41,0.9819756054452488
132,100,1.0003888245139803
39,81,1.0104721263051033
158,85,0.9494933597743511
244,59,0.9661470981580871
91,112,1.0040273304496492
68,36,1.014813037057008
161,83,1.01022680369871
152,0,0.986835698464087
94,109,0.9595393261739186
0,51,0.9610759951174259
8,0,0.9611642477767808
188,28,0.9877013553466115
194,15,0.9734144418367318
132,99,1.0023531573159354
76,51,0.9776724779180118
234,53,1.0099942673529898
90,78,0.9693338293582201
8,54,0.9611292768801961
216,113,0.9913411566189357
36,36,1.0153565491948808
71,59,1.0274202999259745
59,4,0.9910000030483518
231,105,0.9780442919582129
136,41,0.9446543848940304
243,50,0.9654230251908302
178,85,0.93555630796722
211,60,0.9997030336941991
25,113,0.9749101408358131
162,4,1.0041157981114728
216,116,0.9915869180113077
78,36,1.0196895434388094
166,83,0.952790303421872
90,121,0.9812623076140881
18,50,0.9933759536860245
114,71,1.0392392011625426
73,36,1.0070894019944328
20,4,0.9580234698951244
226,7,0.9535465293696949
147,36,1.0270772674786193
122,100,0.9524464000548635
245,25,1.0122034757265024
28,23,1.007004866110427
186,4,1.0140182414158647
178,60,0.9529134104294437
147,92,1.025827030252133
208,21,0.9989405726747853
