HSCode,PortOfLading,dist
92,244,1.0075407613601004
92,217,1.0040162663374628
32,217,1.0330825767346792
95,244,1.0080730180655206
64,171,1.0124273236308778
87,217,1.0061417477471488
93,234,1.004603708428996
39,56,1.01918192420687
87,171,1.0096425882407598
92,242,1.0120252924306052
42,51,1.0315379606825965
92,171,1.0069478547998838
87,175,1.0083960284079825
78,234,1.0365204747234071
78,217,1.0430267181779658
60,78,1.0551837884954043
87,51,1.0139883469258035
92,116,1.0008391535707883
90,51,1.0132994854024477
92,77,1.0500564553907938
54,217,1.0248805220638002
54,116,1.0247682567153658
44,242,1.02694198595626
75,244,1.053618600325925
90,217,1.0069428469453539
87,244,1.009090325662068
92,234,1.0021218380757742
90,234,1.0019645648343223
92,67,1.018734831895147
93,244,1.0097723262650626
92,220,1.0099563066448485
93,232,1.0355706385203771
15,51,1.0520281823618072
90,244,1.0106461282287325
64,217,1.0101990114365305
57,217,1.0191261736410004
87,130,1.0141819790005684
89,234,1.0166370911257607
50,234,1.0241760898913657
60,51,1.0416525134018488
74,116,1.0225683259112495
92,51,1.0108161547354289
95,189,1.0131334364414215
92,45,1.0138525398714202
87,220,1.0125946892159325
60,242,1.0406177703823363
61,234,1.0299894564918108
61,171,1.0333665236830711
79,233,1.0504470350486892
92,21,1.027122704046113
39,51,1.0312633078013147
44,171,1.0237744344132287
95,217,1.007486774453095
80,51,1.027643239923886
92,133,0.9765758610197476
87,116,1.0032126467142786
33,217,1.0255024124469077
91,217,1.006790320788111
92,235,1.0239680239132471
92,130,1.011474792446409
28,236,1.0289213681327445
91,241,0.9995289860027177
39,146,1.0268763383584363
92,100,1.056899684880461
88,45,1.0314823389053345
45,149,1.0507301954286439
81,51,1.0557499836598123
93,28,1.0265147409268789
93,99,1.044719255396298
57,56,1.0145185887813568
92,141,1.012772488806929
93,116,1.0037375997219766
26,168,1.0198383874126844
92,139,1.020714586334569
42,33,1.0437656832592828
10,236,1.0029990045087678
4,108,1.0037390446523204
40,56,1.0197740441986494
92,28,1.022531468953405
39,235,1.0393532727445876
92,241,0.9985953101090023
29,139,1.1095133775046893
92,188,1.0423987954854965
49,38,1.0390935526894671
20,194,1.0141910410353117
91,168,1.008624227983611
24,207,1.0315692179969378
10,230,1.0202875839812415
91,188,1.044227774654116
57,210,1.0179502293467522
91,244,1.0102205925754137
45,45,1.0563716643622942
64,242,1.0165480385933603
82,171,1.0370441057852335
87,202,1.0357109435967036
40,154,1.0239002779126167
10,144,1.023850595312459
39,202,1.0429048729794366
63,244,1.0409034352217401
14,154,1.0332555792161398
62,160,0.9983544275164604
48,192,1.0418485525463308
91,45,1.0175331767116274
40,91,1.0214292545403754
91,116,1.0031886930976595
33,153,1.0102958125727517
92,101,1.053326915949583
91,242,1.0138870594756944
61,244,1.0363762538347925
39,45,1.0388116048915046
87,133,0.9770721468542304
10,162,1.0345892161130905
10,153,1.0110479657139098
91,220,1.011986367404461
24,26,1.0100920093911034
24,185,1.0130727621061462
91,51,1.0140068126576287
39,111,1.0436349617583411
39,33,1.0459148713520594
26,154,1.027045528803553
20,189,1.0138612634369306
60,45,1.0460506273167474
92,97,1.019080967775413
87,147,1.0403065862400191
91,150,1.031792018030371
92,111,1.0272643810936384
42,241,1.0196375463690077
91,139,1.024014128105981
92,115,1.011514071907316
92,144,1.0193242643560683
50,168,1.0129601125206267
10,75,1.0426184982061386
64,207,1.0464261046477727
64,51,1.0156370284301894
93,139,1.0241195719156946
44,93,1.0464822564806258
93,217,1.0062426243509566
80,141,1.0162973733884948
42,116,1.0237209222146444
92,160,0.990209027592625
91,115,1.0111279487609863
40,8,1.0095515251159668
47,90,1.0573355140430587
47,144,1.0525952130556107
92,221,1.0299735888838768
93,97,1.0227405620472771
54,229,1.0276440871613366
38,139,1.0676729104348592
34,215,1.0349022905741418
95,104,1.0222885023270334
50,194,1.0277548400419099
60,111,1.057384499481746
42,217,1.025019561605794
12,154,1.054404614759343
80,217,1.0250518790313177
92,216,1.0284575298428535
92,150,1.0291100995881217
92,124,0.9883010350167751
50,9,1.0261650894369398
95,242,1.0117568033082145
10,168,1.0053426048585348
72,130,1.078772681100028
93,51,1.0130532107182912
48,56,1.0489862795386995
87,124,0.9921746557312352
89,130,1.0226787818329675
87,77,1.0505588288818086
40,234,1.025704252932753
64,91,1.0139885417052679
91,111,1.0310311913490295
80,166,1.044285504945687
20,141,1.0185146565948213
87,150,1.0316381635410445
92,185,1.010672189295292
91,127,0.9914578377668347
92,229,1.006004807140146
92,58,1.051007625247751
10,214,1.0340317349348749
88,130,1.027346568448203
10,56,1.008284826363836
91,97,1.0223014525004797
87,241,0.9995278290339878
42,220,1.0306342882769448
39,28,1.040179719882352
50,91,1.0233035917793
10,189,1.0124811168227876
89,51,1.0235453067081315
92,132,1.0063068589993887
91,56,1.0084364925112044
91,171,1.0094085718904222
24,33,1.0480965205601283
33,11,1.019380981368678
88,220,1.0243926750762122
23,8,1.0208410620689392
87,154,1.0078058955924851
91,133,0.9765335353357452
91,99,1.048339425453118
33,91,1.0210038870573044
24,168,1.0138886230332511
91,21,1.0294824253235544
71,130,1.080952233501843
87,45,1.0190777874418668
92,233,1.0092760750225611
31,56,1.0341804272362165
50,33,1.0478092314941543
50,8,1.0187247161354338
93,241,1.0011786733354842
4,70,1.0194011277386121
95,171,1.0086406639644079
88,129,1.031707358679601
50,56,1.02015278169087
40,33,1.041581863803523
50,130,1.0367062421781676
26,217,1.0314455702900887
7,51,1.0779143305761474
87,234,1.0057239319596971
54,234,1.0230235244546617
77,77,1.0918663112180573
34,51,1.0432151215417045
89,217,1.0159537089722497
64,133,0.9830240607261658
92,62,1.0323107577860355
52,130,1.0686455560582024
87,242,1.014080487191677
42,171,1.0283872101988112
62,234,1.0167732355850083
90,0,1.0295575250472342
80,21,1.0349243336490221
90,133,0.9807985691087586
39,217,1.0251392221876554
54,244,1.0306089797190257
55,51,1.0889001991599798
57,171,1.021891055362565
32,133,1.0042818688920565
87,7,1.055019165788378
48,217,1.0567616309438432
44,124,0.9937161547797067
42,130,1.0335317275353841
91,129,1.0197116136550903
95,116,1.0027431143181664
33,230,1.0168408613119806
38,235,1.0524799951485224
87,99,1.0473087206482887
15,194,1.0156128140432494
10,220,1.0164304077625275
1,68,1.013118467692818
44,220,1.0275658752237047
26,185,1.02142590710095
90,116,1.0053399779966898
45,33,1.066619907106672
61,160,1.0098115535719054
10,31,1.0322211278336388
64,237,1.0283483948026384
44,217,1.0238780624100141
24,215,1.033117791371686
46,103,0.9872093951063496
48,220,1.0608314030936785
33,210,1.0232893696853094
75,219,1.0294853637959542
64,234,1.005649140902928
64,236,1.0077320475663458
44,129,1.034952990178551
31,11,1.016386662210737
89,116,1.012387857905456
10,158,1.0095258594623633
91,229,1.0068819235478128
50,153,1.0174708717635699
92,129,1.0190129743090697
91,77,1.0519250790987695
91,130,1.0146823940532548
89,45,1.0284425030861581
50,26,1.0116563141345978
80,130,1.0309950251664435
14,5,1.0395879915782384
69,227,1.0536508890134948
60,5,1.0434315162045615
95,51,1.0121708256857735
95,234,1.0040770577532905
54,130,1.0332755425146647
92,75,1.0463113529341561
54,168,1.0203467394624437
34,214,1.0382743690695082
87,21,1.0287626289895602
80,244,1.0264045617410116
24,8,1.0161213970610075
26,229,1.0285081884690694
92,93,1.0432925820350647
93,37,1.0564825502889497
88,116,1.0162679393376624
32,51,1.0409427785447665
45,185,1.042046538421086
64,45,1.0195794275828771
45,160,1.0195616387895174
62,171,1.021171693290983
92,56,1.0068447494081088
87,139,1.023273623415402
73,244,1.0722245456916946
16,111,1.0777147997702872
87,97,1.0215378478169441
92,214,1.0441304945519991
93,130,1.0119882651737757
62,140,1.0360784669007574
85,217,1.0726130886801652
80,171,1.025664281632219
10,91,1.009400139961924
92,24,0.9769351825650249
10,28,1.0253184608050756
45,215,1.056012901876654
15,109,1.0065586199717862
14,220,1.0491270476153918
33,161,1.0466752435479845
44,130,1.0293473505548068
90,139,1.023399079484599
33,45,1.0360576042107172
20,153,1.0092535487243108
91,234,1.0055398983614785
10,111,1.0287114584020205
91,175,1.009210083101477
93,220,1.0129681378602982
92,245,1.0093745605221816
54,111,1.0415829845837183
54,171,1.0289428681135178
83,130,1.0754217090351241
20,236,1.0178953664643424
54,51,1.0326162512813295
92,164,1.0179482192865439
26,51,1.036687386887414
88,171,1.0221932392035211
81,244,1.0516528263688087
54,78,1.0553763881325722
91,64,1.0379423717302936
34,217,1.033974513411522
82,164,1.0131689294108324
80,232,1.0352197768432754
26,139,1.0478285253047943
93,135,1.0483181817190987
50,51,1.033633050109659
87,67,1.0202460225139345
88,154,1.0216266853468758
90,241,1.0031866090638297
19,109,1.0041406066822154
95,241,1.0023021293537957
91,33,1.036511751157897
74,244,1.0276279300451279
57,188,1.0462208070925303
39,220,1.029917222048555
10,59,1.004789724946022
57,51,1.0260104835033417
11,224,0.9963874758354255
40,153,1.0093246474862099
89,241,1.0086103826761246
10,154,1.009271577000618
0,28,1.082968604351793
39,234,1.019856687102999
62,101,1.038078525369721
57,158,1.000099961246763
14,28,1.0534116114888872
88,244,1.023753669645105
91,67,1.02084353353296
92,222,1.0127310965742384
24,214,1.0340766182967596
54,56,1.0223960259131022
10,157,0.9948398204786437
34,133,1.0043021919471877
86,45,1.1092441901564598
10,202,1.0280862610254968
92,37,1.0627267552273614
82,130,1.0432948235954558
10,45,1.0200470026050295
82,111,1.0571711936167307
10,151,1.028346796120916
90,56,1.0108349025249481
32,130,1.0430569968053274
61,124,1.0013375213103635
92,72,1.0033326633274555
87,111,1.0325847076518195
64,200,1.0466207755463464
62,74,1.035893106300916
95,94,1.0296507296817643
10,44,1.0439812200410026
61,116,1.0294653155973978
92,179,0.9919109786195415
64,160,0.9930031017533371
10,210,1.0267318487167358
26,191,1.051474606352193
33,33,1.0411648729017802
46,139,1.0721903124025889
92,159,0.9990205094218254
24,91,1.0257201620510645
10,11,1.020114224936281
45,26,1.0333515661103385
40,121,1.005457783916167
93,141,1.0103933215141296
57,185,1.007451485310282
4,200,1.0436023197003774
44,147,1.044303834438324
26,28,1.0427008367010526
42,56,1.0213107956307275
32,45,1.0429421641996928
92,33,1.0347044893673487
32,28,1.048315350498472
54,241,1.02124288891043
20,33,1.037632173725537
50,220,1.0318540536931582
87,129,1.0203750585871083
40,210,1.0209105600203787
90,67,1.0241085557000977
34,244,1.039880437510354
87,164,1.015081873163581
93,171,1.0093080294983727
92,232,1.0377678434763635
94,244,1.0658396525042397
90,171,1.009630526815142
89,244,1.0187364529286111
45,171,1.0491201334765978
92,218,1.0297384368521827
64,130,1.016822031566075
92,92,1.0032097878200668
64,244,1.0135981344750948
89,171,1.019243830016681
87,62,1.0289531983435154
60,244,1.0374116461191858
90,147,1.0387672505208425
83,244,1.0708536324756486
64,67,1.02346337054457
87,143,1.0494586953095026
87,5,1.0257907307573728
88,217,1.0202525822179658
4,28,1.0718869279537881
88,79,1.0666287347142185
64,235,1.0270070071731294
60,130,1.0399990166936601
44,116,1.0196224333984512
95,164,1.012340028903314
33,51,1.0341076254844666
64,124,0.9862401517374175
87,166,1.0548160640256745
62,244,1.0224628459130014
14,75,1.05533181982381
50,154,1.0236674611057555
44,241,1.0159742395792688
40,230,1.0206113404461317
93,45,1.0162239010844911
54,235,1.0397889933415823
20,220,1.0314767083951406
90,242,1.0143653601408005
82,133,1.0047882593103818
33,59,0.9995500722101757
90,20,1.0389305970498495
89,91,1.0194108411669731
32,26,1.024233415722847
87,48,1.0386347770690918
87,215,1.0386166285191263
39,130,1.0340035940919603
42,78,1.0480979830026627
30,139,1.110414913722447
54,45,1.0323293677398138
88,157,1.0030933235372816
92,135,1.0551858246326447
82,220,1.0416325639401163
92,39,1.0527426387582506
91,245,1.0057798655969756
44,244,1.0254585977111543
91,202,1.0344267370445388
92,156,1.0527657493948936
95,130,1.0096626675554685
92,157,0.9968818596431187
84,51,1.0604903591530663
44,141,1.017302552504199
66,33,1.0698732254760606
92,8,1.0304374056203025
23,229,1.0456164181232452
13,28,1.0901130586862564
87,93,1.0441953114100866
56,244,1.070935702749661
48,171,1.0576765963009425
39,147,1.0438719200236457
33,234,1.0223601971353804
10,234,1.0089382965649878
69,51,1.0750338754483633
69,171,1.068231733781951
45,217,1.0477601098162788
32,234,1.0308201972927367
82,217,1.0376587446246828
78,130,1.0471201719982284
45,68,1.0574289868984903
91,24,0.9759954224739756
45,28,1.060849120574338
60,220,1.0403333923646383
26,158,1.0193824608411108
1,201,1.0071708565311772
33,188,1.052180792604174
64,56,1.0110688209533691
39,91,1.0218048627887453
38,130,1.060413779956954
91,107,1.0700712970324926
64,157,0.9940616467169353
24,9,1.025636507996491
92,202,1.0302045728479112
32,202,1.0471878775528498
54,194,1.0402328659381186
92,227,1.0241499479327882
93,235,1.0265449583530426
88,67,1.0329607693212373
14,130,1.0569739448172706
64,75,1.04817376605102
64,93,1.0429334406341826
7,220,1.0746980149831091
20,51,1.0331016310623713
57,168,1.0057687312364578
80,233,1.0140602152262415
82,244,1.0377693963902337
16,202,1.0760083815881185
92,57,1.0498510460768427
80,133,0.9951559720294816
10,94,1.030625969171524
4,49,1.0041662348168237
10,98,1.036425915147577
80,234,1.018765767770154
10,33,1.0348595146621977
92,175,1.0076304386769022
88,222,1.0225581425641264
50,214,1.0345918504255158
13,5,1.061530928526606
72,244,1.0746754982641764
57,111,1.0361838383334023
95,124,0.9824049520705428
39,171,1.0281808972358704
34,168,1.0208439805677958
69,241,1.0567620226315089
17,109,1.0083345159904897
42,11,1.0294106198208672
32,111,1.0490539616772108
87,115,1.010916579514742
32,21,1.0496769015278136
50,171,1.0316799581050873
45,126,1.0663389095238276
62,217,1.0204869817410196
50,147,1.0459571395601546
62,51,1.026741043797561
80,107,1.0531880387238093
70,217,1.081878097993987
44,139,1.0418927328927177
57,93,1.0474639300789153
87,232,1.035985151571887
64,220,1.0158406836645943
26,52,1.0330047602100032
76,233,1.0395871454051562
32,56,1.0295789263078146
40,185,1.0087365582585335
95,67,1.0218627197401864
61,51,1.0399476481335503
61,217,1.033338532916137
43,235,1.060958547251565
50,38,1.0448657614844186
91,5,1.0254536675555366
26,220,1.0351783473576819
54,28,1.0382615668433053
64,168,1.009725300329072
44,234,1.0189484655857086
39,8,1.024519865001951
87,1,1.0411968789994717
91,235,1.0269520027296883
93,150,1.0306538130555833
92,5,1.024084020938192
14,133,1.0115831813641958
26,116,1.0289622800690787
91,218,1.0309190228581429
47,28,1.0674332359007426
22,8,1.0228157453238964
29,97,1.1025697301541055
61,130,1.0393119401165418
26,33,1.049907671553748
39,197,1.0409274234303407
95,208,1.050032767866339
87,114,1.029765319611345
75,220,1.054921998509339
91,154,1.0080313182302885
39,244,1.0290639655930656
10,99,1.0405028270823615
44,28,1.043951463486467
57,33,1.0368013339383262
91,91,1.0096512553947312
26,75,1.0573398066418511
88,160,1.001358405819961
60,21,1.0473360887595586
95,233,1.0062329534973418
84,217,1.056384482554027
26,21,1.049365147948265
52,171,1.0627156857933318
60,171,1.0360091435057777
74,217,1.0260136627725192
44,21,1.0380202478596143
78,244,1.0429037809371948
81,217,1.050828863467489
62,116,1.0167208079780852
83,116,1.0672042997820037
32,11,1.0366879414234842
45,241,1.0413945146969386
95,141,1.0040338252271925
10,133,0.981248431972095
57,91,1.0157262746776854
92,26,1.0281822585633822
60,160,1.014748479638781
33,139,1.044596097299031
52,227,1.0529353618621826
40,11,1.0195753734026636
14,91,1.0335742980241776
48,244,1.059916720858642
84,161,1.0451906296823705
90,97,1.0220082881195205
45,244,1.0511862827198846
92,60,1.0438668983323234
40,214,1.0286074898072652
32,75,1.060654267668724
7,234,1.065083306814943
87,24,0.9759719909301826
89,5,1.032644011080265
93,132,1.0007142541663987
75,161,1.035341425133603
90,222,1.0087104993207114
26,144,1.041822407926832
43,141,1.0380843036941119
38,220,1.0511792706591743
45,144,1.0547106202159608
92,226,1.0460319912859373
82,84,1.0296990371176176
80,202,1.0431881153157778
14,129,1.0523357061403138
92,204,1.0327239084456648
16,20,1.0336637081844466
28,56,1.031413374202592
45,141,1.0435379009161676
7,84,1.0246931182752763
61,93,1.054180417742048
71,171,1.0752599952476365
50,77,1.0653908955199378
26,171,1.0336998254060745
54,21,1.044865301677159
69,244,1.0690969654491969
82,51,1.0408739990421705
90,93,1.0404998872961317
78,116,1.0379751952631133
60,157,1.0031964305256094
15,236,1.0377729460597038
24,75,1.0511756198746818
10,5,1.0247359446116857
44,51,1.0290768625480788
4,38,1.0216476230749063
40,235,1.0375712780015809
50,185,1.0137240279998099
85,116,1.0689093683447157
45,229,1.0474493322627885
80,175,1.0258203755531992
64,116,1.0071895835655076
33,235,1.035420152757849
34,171,1.0382861782397543
50,75,1.0517148886408125
50,139,1.046332064483847
92,194,1.0389944123370307
93,115,1.0147569594638688
90,111,1.029318084674222
54,202,1.0405208585517747
32,214,1.048092884676797
26,129,1.0421825860227858
54,18,1.0521691728915488
92,15,1.0421125968652112
92,223,1.0479473753699236
64,28,1.0284032608781541
91,236,1.0031094221132142
3,202,1.0922675493306346
57,236,1.014080217906407
89,175,1.0199182065469878
92,154,1.006018548139504
46,220,1.0584338477679662
93,188,1.0458062163421087
91,132,1.0092395001224108
91,221,1.0284903326204844
23,220,1.0576253607869148
10,165,1.0245458127132483
42,154,1.0232863277196884
23,56,1.0418928755181176
24,154,1.0274600663355418
20,235,1.0332862819944109
10,160,0.9947190561464855
64,33,1.0388758416686739
93,77,1.0491446043763841
92,91,1.0086772441864014
73,217,1.070189350417682
90,130,1.0150394971881593
50,244,1.0318729185632296
82,242,1.0412302687764168
90,175,1.0109468879444259
74,51,1.0321584077818053
62,242,1.0245962185519082
54,242,1.0336087197065353
43,51,1.0643812354121889
39,236,1.021608476127897
26,130,1.0396582590682166
40,31,1.0289687791040965
4,194,1.0136223041585513
50,210,1.0291415580681391
42,141,1.0226279773882456
26,210,1.0377838462591171
38,28,1.060455548976149
3,236,1.075103857288403
50,11,1.027433652962957
38,116,1.0475443601608276
44,160,1.001943630831582
16,33,1.0746503887431962
91,144,1.0225355593221528
20,111,1.0375545706067766
20,202,1.0345725023320742
10,10,1.0344483543719565
73,130,1.0769418254494667
80,220,1.0294965792979514
87,91,1.0097427357520377
37,217,1.083757113133158
81,77,1.0661127205405916
92,153,1.0195433422923088
90,45,1.0153223712529456
30,222,1.037799053958484
34,45,1.0477681372846877
89,67,1.0302684041006225
10,200,1.0402697580201286
92,114,1.0314279262508665
64,98,1.0409653782844543
93,27,1.0701352602669172
36,95,1.0002061033488385
42,244,1.0292200488703591
64,192,1.0534555880086762
54,222,1.0175536242978913
82,129,1.0474698266812734
92,99,1.0471997069461005
75,130,1.057290042085307
82,233,1.0203558579087257
90,150,1.027594509933676
54,147,1.052191203194005
57,126,1.0379828927772385
87,56,1.0082865027444703
20,5,1.0272485805409295
23,28,1.0608659056680543
43,210,1.0236974443708147
33,144,1.0339708934937204
20,157,0.9896966176373618
34,56,1.0311118949736868
36,111,1.096605308353901
10,204,1.0210296479719025
80,77,1.0554703303745814
40,175,1.0212586202791758
10,175,1.0108631274529867
88,51,1.0265958713633674
91,185,1.0108380626354898
54,75,1.0576853666986739
50,188,1.0592408648559026
92,107,1.072599626013211
54,128,1.053313632096563
40,168,1.0097977263586861
64,18,1.0437428254101957
75,229,1.0439656440700804
10,197,1.0408449337950774
91,223,1.0439015147941453
10,208,1.0516519652945655
24,11,1.0258310682007246
64,8,1.026398021195616
80,154,1.025162578693458
21,220,1.0915297184671675
24,56,1.024416704263006
54,157,1.0023057812026568
33,215,1.0290342037166869
32,188,1.0623239598103933
50,222,1.0184149646333285
45,234,1.0420222793306624
75,77,1.0711629656808717
91,122,1.0465783093656813
83,234,1.0654114580580167
54,11,1.0357875653675623
64,188,1.0478147672755378
15,185,1.02237902368818
39,143,1.0366815669195992
62,130,1.025608436337539
73,242,1.0718020892568998
33,154,1.0235027287687575
88,15,1.0417997312865086
56,150,1.074925524847848
26,133,0.9998511693307331
75,202,1.0688044567193304
57,139,1.0378987384693963
6,91,1.0707949729902404
93,114,1.0273874274321966
92,74,1.0483084475355489
57,235,1.0295473507472448
64,214,1.0417532005480357
14,235,1.0484042231525694
14,188,1.0638989614588874
20,168,1.0104003527334757
4,48,1.010213709303311
93,227,1.0221556457025665
54,33,1.0461263337305613
92,76,1.0133209169975348
38,234,1.0431119352579117
41,217,1.0705183052590914
33,218,1.0418899868215834
50,217,1.028500388775553
62,220,1.0253079267484801
89,21,1.0370780272143227
62,93,1.0395958774856158
94,222,1.0283223443797656
87,132,1.008065287555967
24,217,1.0338057449885778
84,220,1.0601468959024973
26,67,1.04425077353205
20,28,1.0366804248520307
23,185,1.0301665727581297
10,79,1.0576922473098551
61,157,1.004971377817648
87,160,0.9927735802318368
62,157,0.9908745311466711
26,91,1.026798467550959
92,149,1.0409727234925543
76,219,1.0363942531070538
64,149,1.0373721388833863
87,213,1.022119051111596
92,237,1.0324977019003458
88,179,0.9956048109701702
56,51,1.0732876674405165
54,100,1.0587070382067136
42,21,1.0422767443316323
80,132,1.0071228689381055
45,235,1.0583930217794009
92,196,1.060321755707264
87,50,1.022022096240627
10,9,1.0216292717627116
89,202,1.045639926833766
32,220,1.040211945772171
26,114,1.034010452883584
78,241,1.0330548446093286
74,161,1.0280124624925
27,45,1.096297059740339
94,217,1.0656791127153806
93,147,1.0387704585279738
41,78,1.0626236921442407
93,107,1.0687487764017922
61,220,1.03884029175554
92,79,1.0650553804423128
89,220,1.0219799876213074
89,139,1.034731819161347
92,193,1.0604585856199265
48,157,0.9988110553406712
76,45,1.0929990304367883
92,52,1.0320512003132276
74,0,1.016631823831371
95,45,1.0166170873812266
54,106,1.0500074593084199
90,166,1.0515609788043159
10,51,1.016649752855301
10,63,1.0423577693956239
33,111,1.0418192031128066
80,116,1.0206604887332236
15,220,1.0514267768178667
45,148,1.0480025809790408
35,45,1.0900103087936128
33,105,1.0443663565175874
24,210,1.0276906075222152
95,28,1.0270433340753828
92,84,1.0620332349623953
57,220,1.0239471942186356
52,242,1.0668887762086732
90,75,1.0458252962146486
42,234,1.0212824110473906
93,67,1.0204203948378563
87,218,1.0301715194114618
26,234,1.0274634339979716
61,227,1.0379903795463699
57,244,1.0227098997150148
90,28,1.0244481680648667
33,56,1.0214128025940485
88,241,1.0124783611723356
32,154,1.0319424292870931
45,220,1.0526874523077692
45,188,1.0778931656054087
81,219,1.026014648461049
19,236,1.0524806970996516
62,194,1.0309660136699677
24,153,1.016449365232672
68,171,1.064887439565999
94,242,1.0676478754196848
45,157,1.0123302340507507
84,144,1.067785484450204
62,124,0.9882943422666618
60,93,1.0503439626523428
24,121,1.0123879558273725
26,78,1.0563418066927366
89,115,1.0184438207319804
45,84,1.0619874431618623
92,94,1.0426722174244267
45,49,1.0537573993206024
62,168,1.017951984490667
31,105,1.0267899871936865
31,230,1.0104275542710508
34,210,1.0307010007756097
26,161,1.0623068394405502
93,33,1.0380704243268286
92,9,1.0268124299389976
78,84,1.020792939168002
88,234,1.0191998066646712
57,242,1.0255389767033714
91,232,1.036416226199695
61,188,1.0703994461468287
41,56,1.055685824581555
91,28,1.0257936056171144
31,33,1.0478078776172228
48,139,1.076793328991958
92,90,1.0628143878919738
95,77,1.0485742028270448
26,153,1.025457243834223
56,215,1.0535471556442124
54,207,1.0517503640481405
91,160,0.9927815715117114
24,202,1.0476925575307436
26,221,1.0417890144245965
93,21,1.0282643884420395
85,17,1.0226396175899677
92,88,1.0417735608560699
92,1,1.0462413957076413
23,139,1.0688436882836478
67,51,1.09197152006839
10,185,1.0072749597685677
26,149,1.0408975811941283
7,162,1.0331969064261233
42,236,1.0206250537719046
95,132,0.9934605285525322
73,132,1.0334398224949837
24,237,1.0183275767735072
61,152,1.0623752022428172
81,84,1.0111545895758485
75,171,1.0508359553558486
33,92,0.9982393788439887
82,232,1.039373638374465
20,175,1.0200359374284744
54,190,1.0555186282311166
57,45,1.0316321615661894
26,188,1.0605310329369135
10,130,1.0188380139214652
33,207,1.0263547727039881
64,210,1.0306071255888258
31,229,1.0364899156349046
7,130,1.0792880547898156
80,227,1.0243476714406694
42,188,1.0530054441520147
50,133,0.9947621439184461
40,9,1.0196501059191567
87,205,1.0397718639246054
40,51,1.0374965486781937
54,154,1.0241957189781326
93,160,0.9910855117653098
26,127,1.0137126711862428
64,215,1.0342010717306818
64,83,1.0459578957940852
50,237,1.0197960947241103
24,236,1.030190534889698
54,36,1.0738532372883387
87,52,1.03289809184415
90,164,1.0185617772596223
92,127,0.996207043794649
31,5,1.0420621197138513
91,200,1.049786990242345
75,217,1.0506551547774248
89,242,1.0225364182676588
52,217,1.0609405360051565
82,116,1.0331163970487458
90,77,1.0515924713441305
57,92,1.0001229952488626
74,171,1.0264292220984186
10,188,1.0431486772639411
64,79,1.0592388633106435
48,210,1.038833030632564
72,67,1.0781161774482046
26,105,1.0656754683171
1,61,1.0236880243090647
62,241,1.0139013794916016
60,116,1.0322540796228818
48,116,1.0559760353394918
54,214,1.0478922895022802
54,9,1.0339006100382124
15,96,1.0061158632327403
44,91,1.0265668353864126
45,129,1.0600462843264853
89,188,1.0532609075307846
44,229,1.0240172381911958
92,166,1.0563061854669027
88,242,1.0267720595002174
34,242,1.0417182413595063
23,51,1.0595003983804159
92,143,1.0508350442562784
45,51,1.053635882479804
92,126,1.0498767782534872
87,78,1.0552602740270751
60,141,1.0239488429256849
43,33,1.0582302957773209
45,192,1.0690212611641203
88,141,1.0228827819228172
91,227,1.0271968628679002
20,75,1.0448593986885888
10,21,1.0311599671840668
10,72,0.9976454111082214
26,45,1.0397072178976876
41,171,1.0740185507706232
92,46,1.050320862127202
92,95,1.039259304425546
39,9,1.029906612421785
50,116,1.0259435496159963
93,222,1.0083421053630965
91,50,1.0222868578774589
57,36,1.0504043591873986
45,64,1.0435324553400278
66,171,1.0707843431404658
61,242,1.0393295660614967
46,28,1.069014651434762
95,186,1.0148103045565742
10,149,1.0331192378486906
13,188,1.089456238916942
92,219,1.0376597254404
93,175,1.011533945798874
80,219,1.0294113153857845
64,202,1.032322189637593
16,99,1.0517568641475268
14,67,1.0588912101728576
40,171,1.034841543861798
64,58,1.0463943140847343
62,67,1.0315541146056992
52,236,1.050976217857429
20,130,1.0354553971971785
45,245,1.0241718829742499
15,91,1.0367139066968645
19,189,1.0333055036940746
93,129,1.022689158895186
54,218,1.0470824901546751
93,242,1.0128745074783052
64,37,1.0555500302995955
64,147,1.0384423583745956
39,105,1.059626352574144
62,45,1.0297723785042763
50,21,1.0477396100759506
91,75,1.0470035799912043
19,56,1.0499736272862978
42,242,1.0319728148835046
32,229,1.0343663500888007
45,121,1.0402198774474007
91,18,1.0408086691583907
50,144,1.039737982409341
14,9,1.0297109090856142
45,194,1.0476214497217111
39,154,1.0225965976715088
32,242,1.0415730753115244
84,233,1.0339155995420046
42,210,1.03104567527771
32,210,1.0403151448283876
68,51,1.0712535407926356
56,190,1.038059429930789
43,56,1.0428149423428945
19,5,1.056022314088685
75,51,1.0561509047235762
95,93,1.0334728956222534
69,21,1.0709363935249192
75,45,1.0673068804400307
49,45,1.1024456758584296
74,227,1.0209759335432733
92,0,1.0300679089767593
87,200,1.0502110719680786
92,18,1.0428429969719477
82,229,1.0325723748121942
64,140,1.0463930693055903
38,97,1.0625327655247279
84,130,1.0626460537314415
32,215,1.0451142617634364
10,235,1.0258505195379257
64,154,1.0128888594252723
20,154,1.0190288871526718
74,21,1.035575884793486
70,244,1.0832804409520966
73,21,1.0738172456622124
15,217,1.048898461673941
91,0,1.025061975632395
49,217,1.08585658456598
42,67,1.040220441562789
82,218,1.0422627766217505
24,72,1.0017036753041404
32,241,1.0295343441622598
40,217,1.0316245492015566
55,28,1.0956668566380228
64,26,1.0201547678027834
54,127,1.0141371520502227
69,12,0.9980389513075352
87,60,1.0432788564690523
92,208,1.0637406238487788
30,45,1.1095803028770856
66,91,1.05545396144901
44,150,1.0423255977886063
89,132,1.0130518877080508
50,192,1.0513740118060793
92,29,1.0668389509831155
64,153,1.0192424367581094
77,116,1.0748647664274489
90,104,1.028487280011177
23,217,1.054574395929064
73,171,1.0702406231846129
87,227,1.0256521350571088
31,210,1.017030238040856
62,77,1.0560187920928001
48,72,0.9943180170043239
91,233,1.010400811476367
16,28,1.079362833074161
90,218,1.0318118408322334
12,56,1.0490675419569016
64,49,1.0447887278028898
25,185,1.0508723418627466
93,111,1.0279236020786422
85,150,1.08139803899186
50,81,1.0629381526793753
14,191,1.0296612733176775
64,0,1.0290706540857042
61,67,1.0455328854066985
84,234,1.0500167948859078
64,232,1.0383637739079339
44,227,1.0305082404187746
38,51,1.0561264625617437
24,175,1.0258736919079507
87,222,1.0176003559359483
42,28,1.0372025381241525
15,189,1.0211275187986237
16,45,1.083146302827767
23,97,1.0634886281830924
87,188,1.0450199416705541
45,222,1.0311910563281603
38,221,1.027972084070955
10,119,1.0623050811035293
88,202,1.0475852563977242
84,132,1.0264571090894086
54,215,1.0415027716330119
45,195,1.0720494932362012
80,28,1.0433148560779435
64,21,1.0296380051544733
57,116,1.0183178378002984
56,234,1.0618307239242963
89,97,1.0337967446872167
57,100,1.0396050331848008
94,28,1.079954027065209
24,171,1.0364407343523843
24,51,1.039065845310688
90,233,1.0119385964104108
10,50,1.0199065863021783
64,48,1.035092535827841
45,75,1.074825610433306
51,11,1.0448132178613119
91,179,0.9927919022738934
94,21,1.0675790469561304
92,31,1.0499224114630903
50,242,1.0342361714158739
92,215,1.0377611922366279
85,244,1.074217258819512
70,45,1.1008283953581537
69,130,1.0736420154571533
12,33,1.069131928895201
45,164,1.042332733316081
14,33,1.0524364007370812
64,161,1.0546168237924576
14,228,1.0146369359322958
20,109,1.0069642130817686
62,141,1.0158544714961733
45,67,1.0598424736942564
26,187,1.0456906578370504
56,168,1.0454857870936394
40,107,1.0553830489516258
10,146,1.0310241744986601
92,123,1.0545333969805921
57,130,1.0265940023320062
50,6,1.0221237912774086
87,12,1.026993255530085
87,28,1.0270590037107468
57,202,1.033436801816736
57,200,1.034201709287507
42,229,1.02431927302054
69,160,1.032725380467517
92,41,1.0467773292745863
90,129,1.0265411287546158
92,152,1.0678829247398036
63,116,1.0378333894269807
26,244,1.035883903503418
37,9,1.055970309568303
88,115,1.0237169393471308
24,220,1.0373587203877312
90,141,1.0127662888595037
91,222,1.0162468275853567
73,111,1.0866658378924643
47,171,1.061362930706569
45,116,1.0449472101671355
39,175,1.021007277071476
64,72,0.9981611722282001
13,235,1.0779064712779862
90,220,1.014290377497673
39,168,1.015178565468107
80,72,0.9925314023026398
10,174,1.0280498244932719
33,28,1.0389097673552377
42,45,1.0343563982418604
95,100,1.043874979019165
64,126,1.0438955564584051
88,235,1.040372976234981
87,92,0.9999588616192341
26,5,1.0399954659598214
40,236,1.0251592291252953
93,56,1.0099183395504951
69,175,1.0598438829183578
92,200,1.0504333568470818
38,229,1.0374202557972498
72,171,1.0735958612390928
69,220,1.0718435634459769
91,74,1.0449257966663157
92,134,1.0520093653883253
33,75,1.0465912840196065
93,168,1.0101483230079924
31,144,1.048275311078344
26,11,1.0342410930565424
50,28,1.0424810807619775
92,192,1.0587549699204308
33,99,1.0375570101397378
80,218,1.0359732774751527
84,45,1.074251196214131
93,100,1.052262275346688
10,171,1.0146307370492391
60,217,1.0351973048278265
83,171,1.070240383701665
69,217,1.0673608407378197
4,158,1.0011552758514881
34,130,1.0439735384924071
23,33,1.0611826969044549
91,237,1.0322350838354655
57,28,1.0339034487094199
92,59,1.0158615804144315
7,99,1.0554950961044856
27,175,1.0670440393899168
10,229,1.0106157319886344
87,79,1.0623331756464072
92,105,1.0665754835520471
33,202,1.03959751448461
54,220,1.0317228904792242
42,168,1.0154104381799698
7,28,1.0843494960239954
49,108,1.0191124017749513
62,99,1.0463506004640035
50,207,1.0373711692435401
89,9,1.0368716142007284
26,56,1.0248327382973261
10,76,1.0098567764673914
24,234,1.0283819543463844
44,78,1.052579059132508
78,242,1.0451089888811111
22,217,1.080699892980712
35,154,1.0605582115905625
20,185,1.0112475667681013
68,244,1.0666312756282943
46,244,1.0557370356151037
10,74,1.0381670109927654
31,235,1.049034251698426
33,116,1.0259259513446264
56,188,1.0849705934524536
23,45,1.0629357972315379
33,74,1.027131452624287
68,217,1.0641851499676704
42,92,1.0070275834628515
20,217,1.0285112921680724
75,164,1.0188496401533484
90,78,1.0483059138059616
43,26,0.9941703709108489
92,42,1.0751344130507536
32,20,1.042163694543498
93,202,1.0321747320038932
81,130,1.0561203520212854
39,144,1.0345433088285583
50,198,1.0419174948973315
92,168,1.0077313025082861
46,144,1.0589220805891923
82,234,1.0300796117101396
43,244,1.0603646029319083
54,153,1.0259026097399848
92,199,1.0659271627664566
80,67,1.0342591521995408
26,215,1.041209027171135
26,54,1.0326893308332987
62,56,1.0214038427386964
44,67,1.0355964175292425
23,202,1.060052708855697
64,159,0.9930590907377856
89,133,0.9882596944059644
7,20,1.0426446098302091
50,129,1.0382516964205675
80,129,1.0375042967498302
48,97,1.0726196340152196
82,235,1.048800714313984
69,200,1.0569229136620248
88,56,1.0212575676185744
93,98,1.0403460085924183
57,9,1.0171354476894652
88,168,1.0206590465136938
90,62,1.0276049050901617
45,77,1.0809668781501907
54,232,1.055052467754909
29,217,1.0920304538948196
89,141,1.0194901249238424
20,230,1.0140628697616714
47,188,1.0694115183183126
75,233,1.0245079972914286
95,227,1.0172814588461603
29,150,1.0895197646958488
64,175,1.0140039910163199
14,229,1.0365211686917715
93,74,1.0430812942130225
73,114,1.027842572757176
87,58,1.047605121774333
87,74,1.0445648085858141
47,153,1.0380874031356402
54,115,1.0350917939628874
41,52,1.0256336105022845
92,182,1.040937072464398
57,20,1.022846290043422
88,97,1.0373633514557565
92,243,1.0494255742856435
46,21,1.059549210327012
22,51,1.0874978830771787
15,28,1.0571325655494417
73,241,1.0591049918106623
92,180,1.0779045798948832
3,210,1.0455274640449457
14,127,1.0075415133365564
39,97,1.0412907557828086
54,185,1.0220439348902022
10,129,1.0264877847262792
87,229,1.0071770453027316
95,237,1.027016058564186
95,114,1.0199359261563845
75,19,1.0099540879683835
32,244,1.0394766288144248
50,55,1.0372671596705914
50,215,1.0350502229162626
20,91,1.0197095211063112
26,235,1.0418166262762887
87,235,1.0280456958072526
90,92,1.001141335283007
56,130,1.0751500012619155
95,144,1.0242503913385528
32,174,1.0285874200718743
45,130,1.054463549384049
91,60,1.0424036671008383
82,114,1.0192802335534776
72,132,1.0303130250956332
89,107,1.071512551179954
71,97,1.0896985254117422
95,40,1.0412956731660026
38,217,1.050206001315798
62,227,1.0261545308998652
26,200,1.0507276356220245
42,235,1.0344081393310003
85,156,1.036999081327979
45,159,1.0005339260346122
14,187,1.0216585376432963
55,202,1.0916164645126887
64,94,1.0361049765987056
75,111,1.0660722383431025
93,154,1.0094305106571742
17,171,1.0693733149341174
90,124,0.9897192716598511
76,130,1.0805333533457346
4,192,1.03631514949458
77,217,1.077280571418149
45,15,1.043922151571938
10,215,1.030560931989125
91,213,1.0231327712535858
39,210,1.0323771217039652
7,217,1.0718806896890913
16,51,1.080866027623415
82,202,1.0591814241239004
80,242,1.0300959348678589
32,185,1.0258107951709203
92,228,1.0431976839900017
64,11,1.0271363843764578
78,164,1.0129473277234606
71,135,1.043361752160958
61,233,1.0289795334850038
92,71,1.0591031344873565
7,63,1.0308765349909663
90,202,1.0303863052810942
64,139,1.0275558254548482
91,159,0.9991173100258622
89,28,1.037381884242807
14,11,1.0322578911270415
33,171,1.0294306640114104
95,220,1.0133865347930364
32,163,1.0325467975011893
49,111,1.0975445897451468
89,160,1.0012727470270224
5,168,1.046986733164106
50,59,1.003858975001744
38,91,1.0355467945337296
90,235,1.0249332508870534
87,26,1.0260413044265337
44,207,1.047429813870362
40,242,1.0376751614468438
62,92,0.9927667091999736
15,105,1.0440788444663798
10,213,1.0156447451029504
32,33,1.0527194695813316
36,202,1.0943364277482033
0,45,1.0868835800460406
87,237,1.03201300278306
88,229,1.0190662166901998
92,98,1.0476382513131415
50,143,1.0333528380308832
64,135,1.0503319310290473
83,220,1.0746861488691397
57,218,1.0336651865925108
10,244,1.0154881786022867
82,78,1.0445778598742825
45,242,1.0529427485806602
60,235,1.0524035968950816
50,236,1.023122092442853
56,185,1.0452416677560126
34,222,1.0153310596942902
82,81,1.047944358416966
80,164,1.0138861792428153
60,241,1.0289706768734115
47,236,1.0513966977596283
6,189,1.055576918114509
28,189,1.0172386512692486
88,93,1.054217598267964
43,220,1.058905924005168
54,91,1.0266003928014211
4,56,1.0452161090714591
61,92,1.0099659913352557
50,58,1.0426107868552208
20,11,1.0208581068686076
31,45,1.0620479849832398
0,111,1.0802817536251885
87,135,1.055225897048201
88,22,1.0465433347438062
93,58,1.046365611255169
48,168,1.0365228482655116
88,159,1.0018370047743832
49,164,1.0498681898627962
78,133,1.0116106000329768
12,75,1.0721526688763074
36,222,1.036994546385748
80,79,1.0463242371167456
95,72,0.9935295321047306
45,202,1.0616170774613107
31,116,1.048205706690039
88,114,1.0352752969733305
83,58,1.033843351494787
84,114,1.0285864190331526
20,144,1.0324536710977554
90,182,1.0359255692788534
57,11,1.0182069433586938
10,36,1.063589517559324
92,78,1.0547855592199735
42,133,0.9976830269609179
41,130,1.078193320227521
88,180,1.076344654496227
26,150,1.0467870278017861
88,14,1.05720472282597
33,244,1.0308693221637182
45,86,1.0624829530715942
40,241,1.0236592910119466
39,26,1.0179272251469749
24,37,1.0496800201279777
24,150,1.048023602792195
92,177,1.0559117645025253
80,167,1.016190896875092
95,133,0.9812589702861649
42,9,1.027489263032164
78,51,1.0461425280996732
48,75,1.0727729914443833
60,227,1.0336077766759055
64,227,1.0237916963441032
14,51,1.0530372772897993
32,115,1.0425344492707933
40,35,1.021489133792264
85,130,1.0785906336137228
40,133,0.9982945791312626
43,217,1.0574903722320284
66,93,1.0750431237476212
44,77,1.0603980762617928
62,139,1.0387704436268126
16,130,1.08063589568649
15,5,1.04404388155256
39,241,1.0189089391912733
90,99,1.0454480488385474
74,141,1.0179026808057512
41,91,1.0604370151247298
20,225,1.013841487467289
31,217,1.0500949993729591
20,171,1.0302846048559462
26,92,1.0170316706810678
20,234,1.022186958364078
92,189,1.0222176015377045
14,217,1.048929146357945
90,5,1.0231478214263916
31,168,1.019314563700131
26,26,1.0212672799825668
39,242,1.030368936913354
80,32,1.019276493095926
26,59,1.0134635312216622
56,116,1.0648865518825394
88,5,1.036667073411601
57,240,1.0219892290021693
74,130,1.0318804904818535
91,182,1.0402596486466271
92,147,1.0394378208688326
92,140,1.053474171353238
45,71,1.0578174681535788
5,171,1.0805667713284492
85,186,1.0168342739343643
40,59,0.9953982372369085
39,116,1.022509487611907
93,200,1.0484154203108378
78,161,1.0307126710457462
64,185,1.0118193179368973
46,111,1.0673207800303186
15,144,1.0517369391662734
42,37,1.0481123157909937
4,244,1.0620007057275092
92,167,1.044732635042497
50,67,1.0396367268902915
24,242,1.0395542521561896
26,9,1.0332384322370802
5,28,1.093800232878753
34,153,1.0178013890981674
34,9,1.030456852700029
10,225,1.038742839225701
45,56,1.0415060999138015
32,72,1.006993838186775
69,77,1.0835679631148065
39,5,1.0337170639208384
62,84,1.0462024701493127
23,235,1.0526307289089476
92,47,1.0642361268401146
91,141,1.0138897193329675
88,133,0.9896104782819748
44,81,1.0613025607807296
33,114,1.019586450287274
95,62,1.0188697283821446
62,126,1.0354243032634258
61,133,1.0065101832151413
49,28,1.09989541928683
14,141,1.0357521261487688
89,180,1.0744986116353954
19,157,0.9998111006404672
10,20,1.0350080004760198
54,97,1.0416000144822257
90,189,1.0216766084943498
18,109,1.016729733574071
81,241,1.0400105501924242
45,190,1.0642633901110716
68,77,1.0764470749667712
42,232,1.0492623097130231
61,141,1.029104780937944
43,11,1.0261997186711855
46,161,1.0354307677064623
57,159,0.9827417310859475
26,18,1.046690930213247
31,202,1.0549360130514418
64,105,1.0633719659277372
24,130,1.0421768448182516
64,229,1.0131277324897903
62,28,1.0390960989253861
47,202,1.0621561982801981
39,75,1.053914678948266
43,175,1.041333175131253
93,149,1.0360897300498826
44,56,1.02481176171984
24,244,1.036444403231144
46,114,1.0168330139879669
57,5,1.0257196639265334
10,184,1.0283405961734908
87,33,1.0371882681335722
91,147,1.0415115526744299
34,234,1.0330040965761458
41,51,1.0774970238230057
10,116,1.0088171788624354
15,99,1.0401842551571983
34,235,1.0452228507825307
45,91,1.0473985842296056
89,94,1.0395529802356447
84,241,1.0469599568418093
60,192,1.0588819533586502
57,99,1.0372085124254227
56,45,1.0836057652320181
95,157,0.9885610384600503
92,11,1.0249464905687742
13,228,1.006747078416603
42,185,1.0156518604074205
92,117,1.0694883673318796
82,175,1.0371483021548815
54,160,1.006595446595124
4,222,1.0219911821186543
33,241,1.0212169396025794
50,45,1.0411342712385314
71,244,1.0760141483375005
88,111,1.0436820813587733
94,130,1.0710194749491555
91,243,1.0464658654694046
40,156,1.0300246381333895
15,235,1.0499045550823212
40,20,1.0239090366022927
63,242,1.0451259474669183
32,54,1.0338255007352148
26,202,1.0442706580672945
88,42,1.072057721604194
81,171,1.0503638365439005
42,139,1.0435155970709664
91,124,0.9913343467882701
44,75,1.0585164172308785
46,45,1.0693009878907884
19,114,1.0148935872130096
14,45,1.0594131691115243
64,132,1.0059208220669202
23,111,1.0611364245414734
78,67,1.05178238345044
43,78,1.047006903748427
91,164,1.017751034349203
84,171,1.057232454419136
91,186,1.0325931683182716
23,198,1.0354526926364218
50,229,1.023750089108944
78,227,1.028243463486433
10,88,1.02578566968441
90,227,1.022577417748315
78,0,1.0218652351094144
89,111,1.0437734350562096
81,233,1.0214584416576795
12,105,1.043997538941247
7,171,1.0726492532661982
10,24,0.9851604907640389
85,114,1.0340319900091604
24,105,1.052939728966781
41,191,1.0185172323669707
70,220,1.0846425906888075
89,93,1.049962846296174
87,245,1.0057310951607568
50,60,1.0464971653584922
61,179,0.9987549403948444
54,192,1.0613774093134063
77,218,1.0693232853497778
37,171,1.0847586574298995
16,139,1.0889590552874975
60,234,1.0323745203869683
31,91,1.0322261633617538
48,9,1.0428570721830641
93,153,1.0203571479235376
31,234,1.0453627375619752
80,161,1.0368375246013914
52,46,1.0060056001945799
26,241,1.0261314404862267
93,144,1.021805614233017
15,33,1.053300638284002
38,136,1.0031913758388586
10,183,1.0396385458963258
40,105,1.046205650482859
60,67,1.0481299949543816
64,5,1.0264007513012205
51,105,1.0464453266135283
85,171,1.0731475853494234
78,171,1.041987232863903
20,191,1.0244578889438085
42,147,1.0457958089453834
92,178,1.0504323382462775
54,132,1.0192883163690567
89,127,0.9982429972982833
13,33,1.082092325602259
90,154,1.0107319333723612
80,100,1.0420388079115324
10,156,1.0409026188509805
87,120,1.0456300832863366
90,82,1.0237448960542679
39,151,1.0293821905340468
38,171,1.0523310601711273
51,45,1.093469041798796
89,24,0.9782225943968764
41,143,1.0198595098086767
40,28,1.038511143199035
36,91,1.0728667889322554
57,241,1.013431883284024
0,236,1.0643906077103955
40,215,1.0286687601889883
60,92,1.0064274024750506
93,90,1.0605622881225176
68,45,1.0860484348876136
52,93,1.0733061379620008
27,97,1.090848907828331
23,36,1.0633318509374345
42,91,1.0233935905354363
62,236,1.0179178310292107
32,116,1.0336873212030955
44,133,0.9939528458884784
24,59,1.0028879727636064
61,229,1.0357392206788063
73,77,1.086277298629284
95,111,1.0295238409723555
64,78,1.0496262524809157
9,45,1.1063441708683968
62,153,1.0243065389139312
24,45,1.0454032570123672
67,244,1.0858755420361246
92,248,1.0532587181244577
12,5,1.054113904280322
64,211,1.0539738929697446
54,54,1.0349792912602425
92,49,1.05137507298163
91,94,1.0393754616379738
45,94,1.0464464742690325
61,21,1.0467272603086062
47,45,1.0663395013128008
33,5,1.0337310539824622
20,46,1.0176382777946336
10,237,1.021004124411515
31,185,1.0173666402697563
85,236,1.0666583984025888
74,150,1.0408625911389078
92,174,1.0393386924905437
38,147,1.0511780423777444
10,193,1.0463395278368677
15,222,1.012197416807924
26,160,1.0101644641586713
44,24,0.989428384495633
93,109,1.029696716793946
88,28,1.0418799913355283
69,93,1.0729331629616874
24,116,1.0309227257966995
47,217,1.059991519365992
25,217,1.079483920974391
39,141,1.0250281627689088
44,115,1.0292969260896956
87,212,1.0475883103374923
68,130,1.0719549389822143
46,166,1.0362064630857535
62,175,1.0223132616707258
88,178,1.047616292057293
57,154,1.016389787197113
91,106,1.0516747180372477
7,229,1.0610798235450472
45,189,1.045498383364507
42,5,1.0335579620940345
4,220,1.0624032467603683
82,67,1.0469808354973793
45,54,1.0470940034304346
32,230,1.0331143364310265
90,38,1.0509085676499776
92,14,1.061365240386554
47,56,1.0470845571586065
26,36,1.070064121059009
91,212,1.0481341326875346
24,200,1.0414974391460419
62,94,1.0289855801633425
61,241,1.027221797832421
44,208,1.0525571618761336
92,209,1.030022885118212
39,247,1.0209838598966599
91,90,1.0635064499718803
87,228,1.0421733946672507
40,75,1.0444331488439016
87,144,1.0229909090059144
87,233,1.0098038230623518
95,138,1.0493058519704002
50,241,1.0223768215094293
23,75,1.0655274561473302
88,192,1.06372154291187
69,234,1.0624184693608965
31,75,1.0482229739427567
38,206,1.019841265465532
47,97,1.0661325475999288
13,111,1.0900926238724165
56,133,1.0348574604306902
51,153,1.0331649790917123
95,222,1.0027481019496918
75,28,1.0720064480389868
83,133,1.0397785481597697
34,5,1.0413205059511321
11,193,0.9996543191373348
95,84,1.0506478984441077
93,236,1.004412252988134
44,18,1.0456476195582323
31,188,1.0594273443732942
90,12,1.0223279403788703
79,77,1.097542786172458
90,160,0.9953962213226727
14,156,1.0311116938080107
88,188,1.0556531165327345
44,168,1.0194119151149477
54,233,1.025562509894371
93,193,1.0529672556689806
56,235,1.072217425065381
95,5,1.0216300402368819
91,7,1.056467099913529
54,110,1.0496518654482705
80,153,1.0205476805567741
95,246,1.0541447305253573
82,161,1.036836011601346
17,236,1.0581208004483156
45,101,1.0518085050529666
38,154,1.041252268212182
20,78,1.0445924518363816
43,116,1.0550469660333224
38,111,1.0602328330278397
92,7,1.0593823002917426
38,231,1.007218774408102
62,114,1.0256744511425495
41,241,1.060357735625335
23,168,1.0316686523812157
20,88,1.0063676163554192
47,235,1.0582825520208903
32,139,1.0532269413982118
61,175,1.0395058138029916
20,56,1.0171213958944594
82,132,1.012908204325608
75,173,1.0092713441699743
64,241,1.0055156743952207
39,21,1.0434408762625285
54,200,1.054408807839666
85,133,1.037784872310502
20,45,1.0374220779963903
36,45,1.104276211134025
24,28,1.0440475993922778
64,39,1.04589818790555
82,77,1.0633314039025987
62,177,1.037207655608654
91,81,1.0704266758901733
50,200,1.0425771389688765
39,188,1.0538809980664934
34,75,1.054854387683528
85,144,1.0830764664070947
54,59,1.0188561124461037
57,133,0.9910744662795749
43,154,1.0463242488248008
23,222,1.0208378764135497
33,200,1.038789615035057
85,54,1.0277172054297157
48,140,1.0090336162330849
64,74,1.0430785460131509
87,88,1.0403030275234155
7,210,1.0475797248738152
92,122,1.0498011724225111
57,234,1.0147131830453873
63,130,1.0464790889195033
56,56,1.0552515451397215
33,168,1.0116477512887545
64,111,1.031528611268316
92,81,1.0730225262897355
26,233,1.0289103708096914
64,9,1.025653786957264
95,168,1.009600706398487
63,21,1.0453700540321214
42,175,1.0229244732431002
61,235,1.0543174147605896
88,175,1.0199025188173567
93,94,1.0360924612198557
92,69,1.0558181745665414
51,28,1.088057386555842
32,171,1.0371280993734087
95,21,1.0222841096775872
95,56,1.0130703960146223
64,156,1.046190739742347
41,139,1.0925242421882493
61,5,1.0472800071750368
43,153,1.0140335197959627
44,58,1.045722902885505
8,45,1.1063916555472784
57,153,1.0083891536508287
92,53,1.0483786362622465
54,95,1.0346660145691462
52,116,1.058425703219005
28,11,1.0241405735058444
38,143,1.0182266160845757
80,111,1.042500101029873
17,234,1.0638340339064598
48,33,1.0697816397462572
92,82,1.0299280370984758
6,192,1.0457015141312564
62,5,1.0326575860381126
71,132,1.034271013523851
40,237,1.0122348628938198
64,144,1.024843879044056
90,229,1.0107707583478518
66,11,1.0410239536847388
76,217,1.073333916919572
45,179,1.002398700586387
40,220,1.0346250427620751
44,222,1.0219096461577075
95,226,1.031121158174106
64,99,1.0459999697549003
90,143,1.0441282114812307
14,193,1.0252805309636253
44,45,1.035944436277662
32,91,1.03226324064391
66,9,1.044456179120711
44,143,1.0417055519563811
5,170,0.9962645793067557
62,21,1.0335154703685216
91,174,1.0371651644153255
56,171,1.0686780235597066
15,230,1.018954319081136
92,109,1.0351500330226762
91,47,1.0598481276205607
4,129,1.0610165915318899
0,217,1.0717337759477752
42,114,1.0256941563316755
28,244,1.0481682920030184
20,151,1.007138580083847
89,228,1.0405484256999833
57,75,1.0419721071209227
62,208,1.0477398551468338
38,21,1.0580365700381142
26,236,1.0266720865453993
93,182,1.0368116945028305
26,207,1.0468198720897948
13,154,1.068327183169978
10,48,1.0283576239432608
46,202,1.0669406492795264
92,138,1.065220064350537
74,144,1.0409301412957055
32,129,1.0496050609009606
27,200,1.053042217024735
87,141,1.0150560321552413
4,167,1.000648335520444
56,129,1.0734475020851408
88,139,1.0391372495463915
7,236,1.06523083789008
23,5,1.0497769202504839
57,97,1.0332097304718835
76,51,1.079943595720189
44,175,1.0257205462881498
10,52,1.0258608657334531
33,48,1.017601034470967
56,220,1.0710028686693736
92,249,1.0440335720777512
10,222,1.0089615189603396
93,49,1.0445052066019602
42,99,1.0441033989191055
90,69,1.0476124563387461
75,116,1.0476095963801657
90,21,1.02994262107781
92,172,1.0613195039331913
61,159,0.9984444792249373
54,35,1.0479844148669923
24,20,1.033218146434852
26,35,1.0422027121697153
36,28,1.1004883380872863
84,32,1.0241311425343156
50,93,1.0584225356578827
49,194,1.0319683142006397
64,141,1.0142060135092055
28,28,1.0566771195403166
91,59,1.013513139316014
46,233,1.0320513163294112
38,197,1.0156218510653292
61,94,1.0444228995059217
46,236,1.0494826553123338
26,79,1.064815835228988
90,215,1.0346303113869257
74,202,1.0507043174334936
46,135,1.0353849375886577
26,237,1.0298785088317735
39,78,1.05737227840083
64,52,1.0266029563333308
80,186,1.0071486065696393
42,25,1.0303765104285307
7,91,1.0593765175768308
87,122,1.0461754687130451
93,133,0.9812406173774174
52,51,1.0679629599409444
82,0,1.0277757942676544
63,227,1.0328325405716896
50,156,1.0413992937122072
41,33,1.0764674171805382
95,74,1.0367765117968832
26,242,1.0389759976949011
31,154,1.036266304552555
87,126,1.0487153950546468
26,197,1.0461911372840405
92,112,1.0519590452313423
46,129,1.05806555572365
54,175,1.0251157475369317
41,105,1.0462406447955541
64,163,1.035880409181118
57,150,1.03451107442379
61,78,1.0656778301511491
57,237,1.0149661153554916
89,204,1.0298777778765984
91,215,1.038695324744497
65,217,1.0870121983545167
26,194,1.0365332897220338
49,56,1.0702720465404647
64,142,1.031549653836659
31,130,1.0586190990039281
2,202,1.103576332164396
39,139,1.0436703456299645
88,60,1.045940036353256
92,210,1.0309553614684515
49,90,1.0733995448265756
70,23,0.985321122620787
92,239,1.0518826022744179
89,99,1.0521447051848685
40,147,1.0453455256564277
42,111,1.0416687088353294
24,235,1.042289370937007
44,97,1.0395751627428191
42,75,1.0515816020114082
95,98,1.036026721554143
34,188,1.0586459274802889
44,185,1.0219640923397881
26,97,1.0453777334519796
80,229,1.0223602067146982
4,154,1.0498916921871049
14,59,0.9976162995610919
90,59,1.0132125232900893
82,64,1.0057537688740663
46,74,1.0104902447866542
68,21,1.0659975313714571
45,166,1.070816037910325
43,221,1.0325064675084181
91,58,1.0488406643271446
85,58,1.0388149397913367
23,188,1.0683970344918114
84,116,1.053186250584466
19,28,1.0791674181818962
62,49,1.0344971120357513
49,159,0.994167250980224
89,229,1.0169123262166977
93,229,1.0094210973807745
20,116,1.0259592511824198
47,114,1.0362770301955087
47,109,1.0327687997903143
91,125,1.054192238088165
95,101,1.0384114278214318
92,36,1.0745239875146322
45,236,1.0462092012166977
89,129,1.0304030616368567
46,51,1.06011401116848
92,120,1.0495665126613207
39,194,1.0333114287682943
95,115,1.0186099857091904
20,237,1.009891037430082
64,233,1.013262549681323
64,60,1.040800434670278
24,133,1.0009742113096374
38,141,1.0394211656280927
45,140,1.053357068981443
62,214,1.043960578739643
71,139,1.0960565294538225
66,244,1.0722093007394247
4,94,1.0037757803552918
92,32,1.0473726051194328
33,220,1.0328923889568873
42,153,1.0189615722213472
44,202,1.0503873590912138
50,48,1.0287310960037368
43,75,1.056820279785565
45,8,1.0445987294827188
27,139,1.0970977981175696
88,208,1.0616841513131345
89,232,1.039629027247429
91,143,1.0502166684184755
4,79,1.0433408820868604
75,232,1.044344070234469
6,79,1.048772284494979
89,114,1.035798026514905
87,178,1.044807383391474
54,13,1.04364229206528
73,202,1.086362608309303
42,132,1.01651946668114
82,219,1.0306707732379436
50,191,1.043576261826924
39,237,1.0260879376104899
91,178,1.045801336744002
42,221,1.0376790080751692
72,21,1.0729849285313062
74,67,1.0357337413089616
7,45,1.0894598460623197
45,38,1.0630504818899291
44,235,1.040913378553731
64,129,1.0264755311821188
88,166,1.0634159360613142
28,202,1.0525835353348936
26,29,1.0576118720429284
93,237,1.0298794880509377
12,235,1.0690834607396806
34,202,1.050090919647898
54,93,1.0559278151818685
81,116,1.046777212194034
93,78,1.0511608741113119
69,242,1.0704181726489748
35,33,1.0738656095096044
17,185,1.0393590873905592
88,58,1.0531718193420343
14,168,1.021412146942956
74,139,1.0463431775569916
26,8,1.0277886795146125
20,122,1.0124733581074647
3,64,0.9915349358426673
84,164,1.029621135443449
20,156,1.0229609438351221
10,8,1.019182807632855
45,227,1.0527153345091003
56,202,1.0815867664558547
90,159,0.9947700697396483
31,153,1.0077466858284814
88,24,0.9845516985016209
48,133,1.0242965232048715
31,244,1.0525558378015245
4,202,1.0698742898447173
91,109,1.0348346180149488
10,242,1.019780847643103
4,91,1.045864496912275
44,157,0.9973915525312934
88,221,1.0351927227207594
47,139,1.0716851183346339
92,121,1.0301686461482729
23,116,1.0520720002906663
61,72,1.0076100283435412
64,24,0.9827952464776379
4,30,1.0023903283290565
33,97,1.0417063704558782
64,212,1.0451788673443454
75,135,1.0337316005357675
24,35,1.0289902378405844
7,101,1.0177082406090838
23,234,1.049181884952954
35,217,1.0707977589751994
47,11,1.0459560283592768
54,5,1.0374103167227335
10,167,1.033322922885418
62,16,1.029914001535092
93,5,1.0260705181530543
29,133,1.0557945466467313
26,175,1.0276454836130142
48,150,1.0637679270335607
91,9,1.0280050550188338
15,133,1.0140317124979836
31,241,1.0393667710678918
15,11,1.029966795018741
39,129,1.0373085694653648
85,241,1.062189379973071
51,111,1.0864346336041177
92,16,1.0473249208714281
68,147,1.0573191866278648
1,192,1.0443810190647906
57,144,1.0266554674931936
38,202,1.060791552066803
10,143,1.0357330356325423
63,217,1.040660793227809
80,241,1.0186179216418947
47,154,1.0518588806901659
61,126,1.0470879945371832
54,188,1.057302223784583
66,74,1.0179895080093826
34,11,1.0263529047369957
79,244,1.0829326127256667
64,16,1.0399156106369836
34,33,1.0508730762771197
69,232,1.057207235268184
62,159,0.986207002773881
50,111,1.0469673488821303
33,242,1.0330062061548233
57,105,1.0430473419172424
78,218,1.0399075895547867
39,54,1.0321856322033065
76,220,1.0758601682526725
70,28,1.0984897560306959
95,202,1.0295838798795427
92,96,1.0486591681838036
84,244,1.058061336832387
39,136,1.0351704710296221
64,167,1.0378674981849534
7,185,1.044241990361895
75,73,1.011122377722391
45,124,1.0065786838531494
91,219,1.0360415482095309
88,21,1.0382240670067924
83,51,1.0764185594660896
3,188,1.0907352939248085
15,165,0.9987001247437937
90,115,1.017252768789019
20,147,1.0415171044213432
20,188,1.0470693153994424
61,115,1.03947721102408
95,247,1.0170453345136983
46,168,1.0308219471148081
57,229,1.0156275896089417
73,220,1.0743822785360473
39,124,0.9956555451665606
74,164,1.003792364549424
87,104,1.027696832482304
54,133,0.9997554921678135
57,54,1.0115777371185166
61,16,1.0458509738423996
15,168,1.0248491380895888
57,21,1.0384026084627425
95,154,1.0113100111484528
84,133,1.0251941468034471
87,90,1.0632081010511942
16,97,1.0824795088597707
89,185,1.021000328872885
52,11,1.033599211701325
44,33,1.049036973289081
60,168,1.031150999878134
49,133,1.051644752068179
14,244,1.0517853839056832
34,116,1.03498261315482
52,33,1.0647044671433312
42,88,1.0271038359829359
45,74,1.0551100194986378
52,153,1.0232454634138517
44,154,1.0257149253572737
85,161,1.0530661159594144
20,133,0.9971327771033559
7,33,1.0792929189545768
57,175,1.0155944707138198
81,74,1.0086286307445593
39,231,1.035529367093529
64,77,1.0523163548537664
40,165,1.0098471414031727
89,218,1.0357958461557115
89,0,1.0257909654506616
40,66,1.0216040345174926
93,46,1.042967670730182
54,221,1.0446260486330305
87,153,1.0182381612913949
90,245,1.0057093213711465
40,151,1.0149839320885283
35,11,1.0405545335795199
87,182,1.038541185536555
10,120,1.0353594688432557
75,91,1.0463724466306823
24,81,1.058713479765824
95,175,1.0111622618777412
12,153,1.0289318284818105
87,96,1.0452301778963633
92,13,1.046465888619423
61,58,1.0568864877734865
27,217,1.0806615054607391
62,218,1.0370676528130258
92,213,1.0257237681320734
93,189,1.0203323790005274
26,132,1.0247577194656645
84,172,1.0292469738487853
89,154,1.019338312957968
54,195,1.0666157262665885
66,67,1.0770204035299165
3,45,1.1035799192530769
90,132,1.0064300830875124
24,48,1.0253504088946752
88,95,1.0386805954788412
95,91,1.0131435096263885
45,48,1.0478626521570342
80,222,1.0076939570052283
64,125,1.050112184137106
22,37,1.0334999135562353
84,77,1.0796493462153844
34,147,1.0450705864599772
90,149,1.03605425038508
42,207,1.039070921284812
20,143,1.0145570763519831
92,104,1.0321104835186685
16,188,1.0806533162082945
93,75,1.0490238325936454
20,232,1.0412953879152025
42,129,1.0388253118310655
20,2,1.009948147194726
88,218,1.040019622870854
93,91,1.0118839581097876
64,32,1.0413134869720255
23,154,1.045850461082799
45,204,1.0364222613030247
88,118,1.0661959845040525
39,165,1.0234101739312922
62,188,1.0544242433139257
50,158,1.0121834437761987
19,84,1.0055537158623338
66,124,1.0091956705520195
20,139,1.0446721804993493
92,125,1.0584103230919157
44,216,1.030282776270594
54,79,1.0650690293737821
19,112,0.9954855463334492
64,189,1.0198736520750182
54,67,1.0410162487200327
20,129,1.0360611155629158
78,132,1.0109452605247498
83,217,1.070367658244712
45,93,1.0722214473145348
23,197,1.0272812524012156
38,168,1.0258370180215155
44,114,1.0299366010086877
92,212,1.0524219631084375
90,3,1.0255681372114591
54,52,1.0337653074945723
64,65,1.049665980041027
62,202,1.044152248118605
57,121,1.0099122236881937
20,221,1.0260866678186826
62,212,1.0370275670928615
64,158,1.017752825149468
54,129,1.0403755147542273
34,149,1.0253134540149145
54,141,1.0243723328624452
6,111,1.0993114784359932
62,200,1.0483571120670863
45,172,1.0612073679055487
7,167,1.011490079441241
39,59,1.0100666295204843
45,154,1.045823193022183
10,169,1.0532818553703172
92,6,1.0377381592988968
83,219,1.0429655102613782
34,112,1.0193020685442857
20,215,1.024843584213938
57,67,1.0328461974859238
83,67,1.0786015423280852
76,164,1.0284366120717354
92,54,1.041268106017794
87,11,1.0242700619356973
64,13,1.0400173355426108
15,45,1.05976083448955
23,244,1.0571892602103097
91,126,1.0491924658417702
33,20,1.02285792359284
14,221,1.0371413198964936
51,220,1.080097392733608
39,88,1.0317092899765288
66,130,1.0771298823612077
80,76,0.9959387088560366
80,45,1.0374744459986687
73,45,1.0895726755261421
40,92,1.0046705976128578
50,78,1.0548482739499636
23,129,1.0610040937151228
25,20,1.0362194489155496
74,200,1.0399585185306413
57,129,1.0317175771508897
93,177,1.0485643622066294
43,21,1.0630349186914307
90,91,1.0116068827254432
95,235,1.0258748020444597
40,5,1.0327243443046297
74,135,1.0278493176613535
19,222,1.0233113815276218
91,192,1.058576188981533
57,127,0.9980548939534596
92,247,1.0330652402979987
5,11,1.0482862613030843
90,24,0.9802507268530982
14,202,1.0522689351013728
81,242,1.0512595996260643
93,212,1.0455073884555273
95,8,1.024888249380248
61,45,1.0462806725076266
24,213,1.0108858527881759
44,72,1.0016436693923814
27,105,1.0530012108917748
95,71,1.0441306228084224
95,112,1.0365493020841055
10,58,1.0424183894480978
56,139,1.0865136981010437
64,222,1.010194135563714
54,90,1.0674927596535002
37,91,1.0697586057441575
44,126,1.0432276550148214
31,171,1.0517172174794334
63,45,1.0566551461815834
26,230,1.0354890589203154
62,90,1.0590174262012755
46,217,1.0553038130913461
47,155,1.0429439427597182
54,144,1.0364681971924645
34,204,1.0057859716138668
5,20,1.0335354184997934
48,164,1.0261035930099232
80,59,1.0019101042832648
15,124,0.9982509562479598
92,43,1.0650023030383247
81,62,0.9990580587514809
41,5,1.061806178518704
38,67,1.0596457847527094
54,139,1.0434405505657196
26,121,1.0261674863951546
47,111,1.066015213727951
10,179,0.9892008368458066
60,20,1.0477559928383147
28,235,1.0460343855832304
46,11,1.0348182304629259
55,244,1.083783442420619
44,204,1.0242166535130568
64,109,1.0292071966188294
64,179,0.990069927913802
57,59,0.9979394525289536
87,219,1.036264631897211
88,86,1.062847385449069
92,236,1.0015426437769617
66,214,1.0424942571137632
40,124,0.9944535733333656
39,133,0.9962347990700177
56,217,1.0667343831488065
10,217,1.0119269607322556
87,159,1.0000275144619601
5,56,1.063592336007527
91,157,0.9978456598307405
14,20,1.0302445047668047
66,51,1.0770290975591965
20,52,1.0139586254954338
20,121,1.0052115214722497
74,74,1.016248110149588
39,67,1.0374161441411291
36,144,1.0888986502374922
87,76,1.0093582164097046
63,171,1.0405229000108582
43,202,1.0681528779012817
84,219,1.0394432874662536
42,36,1.0638577874217714
14,36,1.0531174136059624
49,185,1.0572149136236735
91,82,1.0277765084590231
34,91,1.0299808265907424
51,154,1.066422859472888
20,190,1.0279908467616354
22,244,1.0833797273891312
88,107,1.077101060854537
30,111,1.0995492387030805
45,109,1.0463836256946837
92,203,1.0569997823664121
93,113,1.049209872526782
92,145,1.060078410697835
9,33,1.0873644575476646
26,225,1.0435955311570848
64,20,1.041949324309826
32,8,1.0308590935809272
46,68,1.008473901078105
6,210,1.0496130625584297
48,130,1.0642296906028474
89,227,1.0301981845072337
64,230,1.0309793299862318
60,124,1.002964347600937
95,232,1.0334444993308611
84,58,1.0356610111360038
54,158,1.0215020275541715
54,216,1.0373551834906851
47,75,1.0694711953401566
85,84,1.028981302066573
24,111,1.0512604308979852
90,174,1.0301792547106743
50,233,1.0263605447752135
13,168,1.0518993373428072
63,97,1.0580066644719668
10,192,1.0498367271253042
34,28,1.0501467415264674
10,125,1.0441585023488318
46,91,1.0444823854735918
32,93,1.061766083751406
26,141,1.0294844188860484
42,202,1.039248811347144
62,37,1.0527765506080218
75,218,1.0480051721845354
20,9,1.01963679173163
64,195,1.064016186765262
38,244,1.0550998534475053
90,33,1.0376149926866804
42,26,1.0160070402281625
64,29,1.0588608724730355
10,181,1.0353796833327837
81,111,1.0673997029662132
32,213,1.021369252886091
92,86,1.064454116991588
80,102,1.02180641996009
82,227,1.0323036078895842
13,202,1.085515043033021
7,207,1.0373666158744268
32,200,1.0545022104467665
20,180,1.044950486826045
32,9,1.0379893534949847
74,218,1.0315212325326033
20,187,1.021403366965907
63,220,1.0459232330322266
92,108,1.0514634091939246
10,199,1.0517111676079887
50,235,1.0405731797218323
60,129,1.0490231162735395
26,214,1.0440005362033844
4,171,1.0602087953260966
10,134,1.0392495074442454
20,233,1.0204123237303324
39,82,1.010698797447341
7,26,1.0135456924991948
44,233,1.0155541811670576
82,102,1.0207622913377625
95,167,1.0316286012530327
5,210,1.0427873451262712
84,67,1.0652692743710108
82,245,1.0015826927764075
60,9,1.043411442211696
10,73,1.0462077419672693
91,189,1.0224494976656777
64,15,1.036669117531606
10,67,1.025622274194445
39,100,1.0547571714435304
10,124,0.9877036895070758
66,72,1.001080101089818
62,144,1.0338057758552688
93,6,1.0326593278774194
69,215,1.05332933898483
20,8,1.006926259824208
91,135,1.056159914604255
88,135,1.0583691181881087
33,141,1.0209971442818642
62,86,1.0486881381699018
12,54,1.0101252786282982
56,144,1.0730520050440515
62,33,1.0452156684228353
33,9,1.0233025721141271
61,139,1.0530560272080558
54,150,1.0437688997813634
93,167,1.0375252988721644
86,171,1.0900493115186691
4,217,1.0594801902770996
93,47,1.0575175838811057
93,204,1.0260625199547835
82,21,1.0501820615359716
19,220,1.067322500050068
93,185,1.0130163973995618
50,35,1.033834630889552
88,132,1.0167797995465142
64,182,1.0390100617493903
95,236,1.0057360561830657
42,86,1.049807635801179
64,86,1.0570694474237305
57,215,1.026268876024655
64,143,1.0430295052272933
19,45,1.0821901048932756
3,11,1.05298145913652
64,31,1.0432786659470625
54,80,1.0351790019444056
78,21,1.0513457272733961
76,77,1.0865166783332825
39,160,1.0037220588752203
87,47,1.059109621814319
63,76,0.9891758087490287
89,109,1.0399477731968676
7,116,1.0684630327991076
74,220,1.0322673970035143
63,67,1.050333776644298
14,56,1.0312254173415047
88,185,1.0249899753502436
10,107,1.0632080222879137
26,143,1.0423463433980942
91,193,1.0570457705429621
52,181,0.9996473620412871
52,91,1.0452109255961008
32,127,1.0159953284476484
60,126,1.038390836013215
93,218,1.028999493590423
86,135,1.0461182280975794
33,130,1.0358497138534273
93,60,1.0383567597184862
31,215,1.0274405724235944
81,164,1.0176034737378359
64,150,1.0329933411308698
20,242,1.0343373694590159
57,8,1.0096129061920303
20,20,1.0225731560162135
91,92,1.0003928999815668
81,17,1.003387373206871
91,72,1.0045208521187305
81,218,1.0468306647879737
59,89,1.001483077449458
33,213,1.0041068377239364
91,216,1.028455832174846
95,85,1.0267202822225434
89,144,1.0334564851863044
57,192,1.0413672647305898
36,188,1.0959138572216034
87,157,0.9982751371072871
15,130,1.0565804157938277
26,119,1.067188824926104
90,58,1.0471276098064013
44,159,0.9920137849237237
26,156,1.0487207887428147
16,222,1.0248705734099661
40,144,1.0380905611174447
92,238,1.0583691384111131
54,72,1.0063444354704447
44,92,1.0006753919380051
92,158,1.023394944944552
91,114,1.0296721447791373
70,38,1.023664734126734
7,75,1.0805356811199869
52,154,1.048833181815488
44,109,1.0337422724281038
70,21,1.0827667266130447
22,144,1.0815149311508452
62,6,1.0245676953345537
34,109,1.0194090466414178
24,188,1.0597883207457406
27,166,1.0433214658073016
87,38,1.0526273122855596
88,228,1.040983353874513
87,109,1.034087565860578
10,100,1.0487565962331635
56,191,1.034257953188249
91,76,1.009168654680252
85,77,1.0912562885454722
39,119,1.062658850635801
23,91,1.0432047311748778
34,59,0.9989184380642006
83,132,1.029769381242139
77,234,1.0733146337526185
62,233,1.0172616062419755
23,171,1.0558829818453108
21,217,1.0896196397287505
68,220,1.0678357615002565
39,153,1.0203829854726791
61,56,1.0372597915785653
45,156,1.0571028941443987
56,91,1.0588270936693465
35,51,1.0798234343528748
89,77,1.0576999059745245
42,54,1.0260514074138232
57,207,1.0244849654180663
64,238,1.052557555160352
39,190,1.048774198762008
60,159,0.9951160113726344
72,135,1.0389851494027036
44,119,1.0653700828552246
23,99,1.047885273184095
70,202,1.0953813413424152
24,12,1.016464721943651
47,156,1.0434034796697753
82,58,1.0320970389459814
33,35,1.026412429554122
92,3,1.0328484145658356
49,81,1.0555131344922952
93,24,0.9770875671612365
24,7,1.0452581399253436
91,3,1.029873940561499
64,121,1.025201945432595
47,87,1.0305575749703817
88,9,1.0389613126005446
18,236,1.0786297519558243
93,127,0.9987599471850055
10,35,1.0374403872660227
57,119,1.0482134914823942
16,234,1.067827935729708
14,207,1.026506452688149
92,176,1.0554793807012695
82,241,1.02882127144507
6,33,1.0885789405022348
20,29,1.0307798768792833
85,51,1.0780625620058604
64,7,1.0534850656986237
50,175,1.0235319605895452
78,154,1.0459470972418785
91,108,1.0483400129846163
92,173,1.0598504490086011
27,244,1.0827719462769372
93,3,1.02664452791214
41,99,1.0518492572009563
14,88,1.013578291450228
44,219,1.0372989656669753
24,139,1.0501127796513694
93,16,1.040142252509083
71,116,1.071777071271624
35,207,1.019008019806019
40,188,1.053551314132554
74,129,1.0393211362617356
51,21,1.0788584830505508
64,152,1.0577448489410537
39,221,1.034367738025529
73,51,1.0778148493596487
5,133,1.0425648417856013
34,200,1.0428922165717398
84,17,1.0251927472917097
92,131,1.0578258473958289
38,11,1.0334032007626124
22,129,1.0832039442445551
61,33,1.0612347083432334
92,4,1.0657202425811971
15,154,1.039187720843724
80,53,1.0150838909404618
40,7,1.0394413300922938
20,216,1.017137525337083
26,146,1.0404582422758852
61,202,1.0596828854509763
33,185,1.0116846476282393
16,107,1.0524420786116804
82,45,1.0525117346218653
70,130,1.0880082930837358
54,40,1.0532802907483918
9,188,1.092873522213527
57,230,1.019363606614726
20,67,1.040849208831787
40,45,1.041083341198308
90,144,1.0211184386696135
40,48,1.0190243540065629
74,76,0.9866338888449329
45,72,1.0132231056424124
21,32,1.015134449516024
63,154,1.037177627640111
87,0,1.0253339697207724
6,133,1.050482025636094
90,27,1.0720257886818476
94,199,1.021139741476093
93,238,1.0518967642315797
44,5,1.03599029140813
33,93,1.0512636601924896
17,99,1.0460318348237447
64,146,1.0377406802560603
93,219,1.033839067178113
80,5,1.031643193747316
39,114,1.0299763562423843
94,62,1.008741455551769
16,150,1.0721646855984415
80,236,1.0214893456016267
33,160,1.0037896697010313
2,45,1.1131961196660995
93,52,1.0266775228083134
80,174,1.0099234841763973
43,40,1.0020430092699826
54,99,1.052020360316549
88,124,0.9969217112021787
88,52,1.0372084017310823
93,53,1.0399745404720306
74,234,1.0227089087877954
6,56,1.0689674147537775
35,153,1.0300871314746993
64,4,1.0572565703519754
32,153,1.0276970650468553
45,4,1.063604207975524
43,121,1.0027923416346312
15,202,1.0536645076104574
64,219,1.037337368088109
78,45,1.0632168192948614
22,111,1.0897375685828072
56,194,1.030015084360327
24,67,1.0443647812519754
69,237,1.0344639420509338
34,111,1.0521397164889745
37,130,1.0916096003992217
80,12,0.9970189854502678
32,207,1.0477211528590746
50,121,1.015264983688082
23,144,1.0564048332827431
8,33,1.089397790176528
39,132,1.0197926993880952
56,241,1.056990651147706
87,14,1.056358337934528
90,126,1.0419371372887067
24,199,1.0399954201919692
10,97,1.0265280774661474
44,101,1.0436820922685521
40,116,1.0297530453119959
87,127,0.992617726725127
4,233,1.03651582130364
66,168,1.0380996934005193
85,167,1.016999568258013
47,150,1.066527077129909
64,221,1.0332698726228304
67,171,1.085637092590332
12,28,1.0787227318755217
95,78,1.0419602883713586
22,45,1.0986802907926696
47,33,1.0649746688348907
14,222,1.0170480396066393
74,233,1.0103171159114157
34,101,1.0230060684760767
26,99,1.0535265281796455
23,72,1.003986625799111
62,132,1.0072787712727274
93,93,1.039853606905256
95,160,0.9921676165291241
93,38,1.0505554601550102
10,180,1.0656380759818214
27,5,1.0673513880797796
54,126,1.054984202342374
38,56,1.03619151030268
40,143,1.0221136372004236
77,244,1.079363264143467
91,93,1.0455609921898161
80,7,1.036527832703931
88,101,1.0509677132857698
40,202,1.0411641693540983
52,56,1.0444846621581487
78,77,1.0639408379793167
39,150,1.0455286183527537
91,137,1.0328893906303815
57,13,1.0219255536794662
47,166,1.0591218663113457
28,154,1.0353486122829574
92,137,1.037947307739939
91,149,1.040312871336937
92,102,1.0568527323859078
69,56,1.0598828249744006
57,35,1.0223487988114357
51,89,1.007696024807436
26,77,1.0714315410171236
58,217,1.0931119035397256
77,52,1.0288612551604663
26,224,1.050228959215539
91,38,1.0536293940884727
45,95,1.0417919142970018
32,168,1.0250741254006113
10,0,1.0277406562651907
56,28,1.0808551130550248
10,121,1.0186644760625703
23,121,1.0181671434215136
39,35,1.0400447653872626
87,75,1.0473371094891004
64,59,1.011519184069974
91,8,1.0300768911838531
68,234,1.059809501682009
45,13,1.0487986260226794
19,97,1.0768354460597038
10,139,1.0288245294775282
91,138,1.0626846865883894
88,238,1.0576352652694498
93,137,1.0315851771405764
89,53,1.0441748177898782
53,45,1.1156148633786611
89,117,1.0616781003773212
80,34,1.0215346923630153
0,144,1.0699668106223856
19,238,1.0141947147037302
77,51,1.0853850708476134
57,181,1.01864428711789
75,58,1.0254946032405965
87,209,1.0245570186525583
60,203,1.0423124209046364
61,154,1.0385497638157435
57,222,1.0035867212074143
39,92,1.007866499679429
22,229,1.0685456916689873
23,130,1.0629839705569404
43,185,1.0235601642302103
95,129,1.0238551061068262
10,233,1.0164930852396148
54,31,1.0489831949983324
42,59,1.0086703481418746
48,5,1.0544219708868436
56,193,1.028094190039805
34,167,1.016107582620212
45,52,1.0405145854290043
30,9,1.0597218684852123
33,121,1.0145024497594153
48,21,1.0625464330826486
95,229,1.0089166856237821
65,9,1.0574970697718007
79,51,1.0885892864316702
81,114,1.012451708183757
10,54,1.0279862210154533
88,91,1.0227619696940695
27,99,1.0482513904571533
10,187,1.0413914365427834
10,207,1.040073706635407
45,199,1.0654082939560925
45,99,1.0664317607879639
84,111,1.0748720616102219
85,45,1.0931085443922453
93,233,1.0093103359852518
50,0,1.0286094163145338
88,233,1.0177545856152261
12,228,1.0012121494593365
51,168,1.044913876269545
82,174,1.0111244185162442
26,216,1.0348126366734505
54,27,1.07368289572852
80,157,0.9903316186474902
84,235,1.066576172198568
50,227,1.0376814071621214
11,31,1.0188446475991182
93,11,1.0273833157760757
15,160,1.0170281742300307
61,28,1.0572067179850169
73,101,1.0105457255350692
57,184,1.0123284331389837
66,210,1.0367296319454908
44,167,1.0353563183120318
83,161,1.043786239810288
2,188,1.0998156783836228
87,195,1.068205208650657
89,74,1.0459995264453548
31,97,1.059385359287262
57,146,1.0188104010054044
20,244,1.032454937696457
24,241,1.026693005646978
56,9,1.0512636176177435
34,154,1.0322212693946702
91,121,1.0298548085348946
88,219,1.0434626718716962
60,152,1.0510182620159216
15,111,1.0582444752965654
41,244,1.075011461441006
92,50,1.0274843778461218
42,150,1.0417525661843163
93,1,1.0393873793738229
80,94,1.0166804218398673
7,133,1.0350224216069495
15,234,1.0426876651389259
51,56,1.0604800007172994
88,33,1.0493623124701636
42,243,1.0396116285451822
73,72,1.0033198871117617
89,149,1.0415206966655595
90,188,1.0426346744809831
89,50,1.021096640066909
33,167,1.0202525167592935
19,167,0.9925267281276839
39,195,1.0579808056354523
37,244,1.0862536121691977
24,93,1.0604206110749925
45,153,1.0434274492519242
66,242,1.0729529155152184
77,171,1.0784558345164572
60,115,1.0426196711403983
3,220,1.0867879462561436
9,111,1.0986128923084055
26,6,1.0331177163336958
87,210,1.0308146391596114
10,195,1.0579752400517464
52,105,1.0395756869443826
32,235,1.047472506761551
91,246,1.067209601934467
57,141,1.0157137396080154
50,195,1.051900949861322
57,227,1.028027057647705
94,133,1.033155863306352
42,8,1.0207613280841283
23,21,1.0620862309421812
91,187,1.0542395700301443
74,109,1.012854009068438
87,40,1.0537555308214255
91,140,1.0487895427005631
80,42,1.0397883203944989
10,26,1.0168306210211344
31,51,1.0566109514662199
95,42,1.0596387082976955
23,59,1.0092317185231618
32,67,1.0498422096882547
63,175,1.0361108465918474
83,114,1.0307439370746059
57,26,1.0063701516815595
53,28,1.110945591436965
67,130,1.0920523149626595
87,94,1.038673693580287
10,241,1.0068143489105361
54,20,1.0435161420277186
64,71,1.0511767406548773
73,116,1.067720694201333
39,185,1.0169271464858736
62,75,1.0544931388327055
0,91,1.0563533465777124
92,64,1.0417732144040721
39,229,1.0222706507359232
61,74,1.052263926980751
93,210,1.0313408278993197
44,26,1.0239121605243002
34,7,1.039144467562437
32,7,1.0578355235712869
81,129,1.0547698198684625
23,189,1.0391628635781152
24,230,1.0274925136140414
20,36,1.0487690418958664
32,37,1.0603459903172083
24,94,1.0284260878605502
45,237,1.0458771245820182
23,236,1.0473870635032654
81,94,0.9993435333349875
33,219,1.038970981325422
57,143,1.0215081359658922
64,164,1.0168090702167578
14,241,1.0394560673407145
86,161,1.047945630869695
46,245,1.000912214629352
74,132,1.0022800154983997
26,31,1.0436720794865064
42,72,1.0007333989654268
95,9,1.0239130684307642
10,6,1.0270618008715766
7,56,1.058396428823471
69,125,1.0131705696029323
82,74,1.0234829573226827
45,167,1.0460551668490683
39,74,1.0407913949872767
51,210,1.040900762059859
50,202,1.0454448536038399
10,13,1.0348070072276252
16,195,1.0317895178283965
90,64,1.035432563296386
91,194,1.0380562575800079
39,243,1.041172917932272
95,188,1.0439493294273103
33,7,1.0398869950856482
81,67,1.057923479803971
87,6,1.033655943881188
73,93,1.0745513513684273
48,242,1.0598193683794566
25,202,1.0920563787221909
75,242,1.0524853212492806
40,130,1.0396854430437088
40,21,1.0459516399673052
31,214,1.0263882960591997
87,174,1.0364626486386572
61,132,1.0212658143469266
14,35,1.0199031585029192
57,0,1.020566820033959
54,210,1.0385649779013224
34,237,1.0201477818191051
7,156,1.0346263200044632
47,237,1.040728162441935
39,106,1.041785011866263
43,106,0.9958206372601646
50,101,1.0382579125996148
34,26,1.0092485121318273
54,243,1.0513759063822883
88,127,1.0042961790625538
3,56,1.0666185915470123
