Carrier,PortOfUnlading,dist
243,62,1.1426796424701544
34,62,1.146918066910335
135,50,1.1489192466916782
399,62,1.1136750291500772
112,49,1.135912090007748
103,43,1.129886927615319
182,49,1.1252357810735703
528,43,1.1429634147456713
473,15,1.1460641264649374
154,8,1.1278050837240048
240,45,1.1576783725426398
574,45,1.114127445433821
168,62,1.1447940234627043
502,62,1.1540355533361435
368,15,1.1251424700021744
137,30,1.1662768253258295
100,30,1.135438768459218
168,30,1.1715248433673489
303,61,1.1551985953535353
182,50,1.1254497489758901
182,62,1.1098303539412362
329,10,1.1734143036550708
241,50,1.1555677077599935
375,62,1.1373207169984068
373,62,1.1458753278212888
168,52,1.1446661544697625
457,10,1.170060696080327
538,62,1.1455292257347278
502,45,1.1731879338622093
457,27,1.1729903945483133
291,61,1.1163612034704005
303,62,1.1473282447883062
272,43,1.1195503513195686
359,50,1.1423401811293192
23,62,1.1276462557060378
230,49,1.1497071023498262
373,43,1.1451531180313654
59,43,1.139382594664182
457,50,1.1500404854970319
100,15,1.1115690554891313
508,43,1.1369241252541542
117,6,1.1241154713290078
23,43,1.125389804797513
530,6,1.07941861557109
586,45,1.1408894660250684
530,49,1.0930207164159842
368,43,1.1177820478166853
368,45,1.1375816272837775
564,27,1.0812260157295637
303,43,1.1462185457348824
243,49,1.154756392219237
398,62,1.1166229918599129
277,43,1.136882065662316
3,15,1.1039054516170705
329,6,1.1402089766093664
249,62,1.12375315704516
343,45,1.1023585155074085
34,6,1.146564971123423
303,30,1.1730589720287494
61,50,1.1376093139073677
168,50,1.158093267253467
112,45,1.142310719937086
23,10,1.1630000546574593
168,6,1.1446578460080283
457,62,1.1371705244694437
446,50,1.1687949451484851
59,45,1.1608508416518037
230,43,1.1366142955209528
329,52,1.1395727688712733
243,43,1.1396460091013327
368,49,1.132934030677591
368,30,1.1456156463495322
68,50,1.095474271635924
334,30,1.1552823915013246
116,43,1.1264228959168707
334,62,1.1322619839172279
257,45,1.2001594878467066
104,43,1.1472140486751283
249,15,1.1286567279270716
457,52,1.1372320223599672
277,64,1.2297208029776812
457,44,1.1760696188014532
334,18,1.1682779948626245
334,2,1.1406121351922462
115,50,1.1125215303951077
59,50,1.156780033139512
23,30,1.152487926185131
105,43,1.1423254472735738
101,52,1.0968287246567863
320,43,1.1404243613194143
485,6,1.1686106505138534
117,15,1.125352711549827
126,62,1.1257335426551955
241,62,1.13968943684761
303,49,1.1586866421358926
578,6,1.1197326528573674
116,15,1.1314867245299476
334,43,1.1298623028477388
489,43,1.0816195383667946
240,43,1.1384898110159807
112,8,1.1202310818646635
343,15,1.0838069906624566
232,8,1.1614843122661114
227,6,1.1040846203852976
413,6,1.1328829292740141
23,45,1.144042689885412
498,10,1.134183117620913
249,59,1.2175647201282638
508,49,1.1520074627229147
202,2,1.1382427364587784
248,8,1.1156527155211993
529,15,1.1307590422885758
303,2,1.153709959770952
230,50,1.149658138198512
103,62,1.1323936499123062
112,43,1.1249851712158747
103,45,1.1493742923651422
230,62,1.137757872896535
39,2,1.1531355223684971
241,2,1.149143389692264
303,52,1.1401435158082418
34,45,1.1638667370591844
241,6,1.1409291941672564
253,39,1.2079506835767202
586,50,1.1366147563593196
334,8,1.1289392709732056
82,8,1.1770352288814527
562,43,1.1182796547987632
334,49,1.1416308230587415
456,14,1.1210872445787703
473,43,1.1452408024176424
334,6,1.1315069737445032
329,50,1.1518705801240035
168,61,1.1565877965518407
334,15,1.1300397191994958
303,8,1.140896316085543
329,45,1.1559354465987002
282,33,1.1426026006894452
456,8,1.117863090974944
359,8,1.127462609005826
241,15,1.1388773817036832
112,18,1.1607714907399245
82,33,1.2155906836103116
303,6,1.1446740574070386
431,55,1.2130924838462047
334,0,1.1912193106753486
329,62,1.1392483173736505
373,6,1.1464819822992598
456,30,1.1311807408928871
373,52,1.1433984701122557
334,10,1.1713257799191135
580,50,1.150384112527328
396,33,1.1316649136798722
240,8,1.1404192158952355
590,15,1.1380864486896567
241,8,1.135605483182839
590,44,1.1752479198787893
117,43,1.1207599905984742
241,44,1.1847006348626954
112,61,1.1344353620495116
168,10,1.1807971978019591
31,8,1.129669847366001
230,45,1.1561137922108173
168,45,1.1619938010615962
34,10,1.1853231651974576
431,8,1.1517525150307588
240,49,1.148770538823945
518,15,1.0785561855882406
457,43,1.135035670229367
28,62,1.1333867512377245
85,15,1.1289436580347163
446,43,1.1516183553529638
137,15,1.1446906067430973
4,6,1.1642316047634398
582,43,1.140507775757994
457,2,1.1461057460733823
182,6,1.115576830293451
483,30,1.1361376315887486
202,14,1.128968888095447
299,62,1.1369018980434962
369,61,1.123749046453408
395,62,1.1399917277906622
62,62,1.1640454440244608
23,6,1.1272972247430257
257,52,1.1789000138108219
249,52,1.1263544857501984
4,33,1.2046528277652604
105,62,1.1433629571859325
413,43,1.1332981916410583
476,43,1.1061304474798297
398,6,1.1150832303932734
395,50,1.1537864660578114
132,15,1.1087955459952354
395,49,1.1513932536223106
61,6,1.1222237734390157
539,43,1.0888407861015625
298,6,1.1250343695282936
465,43,1.1229580917528696
243,50,1.157393482912864
58,45,1.0852745342999697
61,62,1.1231845297983714
306,27,1.1712125303622867
182,52,1.1143001775656427
105,6,1.1436087965433086
59,52,1.1383481680282526
73,52,1.1283311513917786
241,33,1.1848141119948454
130,33,1.1156202485518796
294,15,1.0954488200285206
359,15,1.1308453327843122
175,15,1.1448908411673204
254,49,1.1713717231260878
582,6,1.1403886303305626
182,2,1.1288233090724265
508,6,1.1402049692613738
477,15,1.1696101001330785
428,50,1.1069985175771373
341,62,1.085740296968392
384,62,1.0861861292006714
20,8,1.0799266743872846
478,10,1.142584768523063
404,2,1.1558653201375688
457,8,1.1361386312970094
495,43,1.1557711634252752
59,62,1.1405009084514208
508,52,1.140704802104405
243,6,1.1438723668855215
249,43,1.1217073776892252
154,15,1.1312451075230325
444,61,1.1195425023990018
40,49,1.1365142528499876
154,6,1.1298312592719282
495,62,1.1593883220838117
249,2,1.1351403764316015
320,15,1.1449770828975099
23,50,1.1406232459204537
59,15,1.1420339839532971
406,30,1.127962655786957
105,15,1.1480071911854404
373,15,1.1472161635756493
182,15,1.1154979126793998
23,15,1.130871798310961
502,15,1.1580595597624779
137,6,1.1451642159372568
112,52,1.118543106530394
514,45,1.1623781993985176
4,8,1.1635883602180652
38,15,1.118903974204191
211,52,1.1071852802165918
243,9,1.264002074088369
61,49,1.1356072361980165
134,21,1.1309944790388857
580,35,1.1853171179869346
208,24,1.0927600460792226
182,45,1.1339063782777106
590,59,1.2229231127670832
241,55,1.2123424059578352
303,15,1.1456303798726626
40,6,1.1283499582537584
550,62,1.1679701578936406
334,52,1.128739864565432
334,44,1.1761094746845109
287,61,1.125447423330375
457,6,1.1366475788610322
375,6,1.1388793337557996
166,62,1.1190014380429472
590,50,1.150955238313015
23,61,1.1411268413066864
485,62,1.1700528301298618
457,61,1.1480292603373528
257,15,1.1846645511686802
306,2,1.14550708340747
480,15,1.10982062880482
530,8,1.0785317878637994
508,10,1.1757824995688029
257,43,1.184968993866018
298,50,1.1447689070233278
470,45,1.1543411275904094
254,55,1.2178611111428057
112,15,1.1250260706458772
39,8,1.157721970097295
182,43,1.1088456202830588
100,6,1.1116495350641864
112,0,1.1707570502268416
82,2,1.1831725708075933
51,43,1.1484870240092278
202,8,1.1274722197226115
512,8,1.1164777364049638
236,50,1.1193559712597303
117,49,1.1332019120454788
528,49,1.1564030365220137
547,62,1.1106382746781622
446,62,1.1535933217299836
241,61,1.1500517042087657
241,52,1.136715019820258
295,8,1.1218493937381677
375,45,1.1552486286631651
175,30,1.163886031402009
103,49,1.140441486079778
473,8,1.1472681579845292
334,45,1.1472656708210707
298,8,1.120853797665664
512,62,1.1240917768861567
558,24,1.095080827167424
249,27,1.1651377007365227
59,49,1.1547370620870165
508,62,1.138237630682332
539,62,1.0928190749670779
579,62,1.145490077989442
485,30,1.1896105331169176
495,15,1.1641419838581766
398,49,1.1298063714057207
182,0,1.176403691060841
257,6,1.1839634020413672
546,6,1.1026321239769459
105,10,1.1846348998702265
104,45,1.1668256468006544
393,49,1.1364199183881283
173,43,1.0927869187934058
457,15,1.1403150648943015
23,27,1.1665008618895496
526,50,1.1371164486876555
497,43,1.1294189068887914
374,61,1.1204226613044739
582,15,1.1441067485138774
281,62,1.1295390382874757
439,15,1.0758327571675181
530,10,1.1005552634596825
413,52,1.1336704758661134
469,62,1.0710515062590795
23,44,1.1700104525578874
547,30,1.127810156771115
49,8,1.1229356514023883
218,2,1.1015308531267303
221,43,1.1105892081478876
359,62,1.1275760414344924
422,62,1.1152839277471815
359,45,1.1477428137191705
49,50,1.1366184800863266
528,50,1.1591936967202596
524,43,1.1100034438339728
104,15,1.1528467456144946
96,61,1.0581524465233088
117,45,1.1420544779726438
23,59,1.2210284295891012
502,50,1.166987992823124
560,15,1.1026486198284797
584,62,1.1353702646281039
286,62,1.1205785858577915
497,50,1.1425255020814282
528,15,1.1497562610145127
109,45,1.185911285291825
202,50,1.1455343764807497
23,0,1.180569478975875
280,49,1.1431013305804558
497,6,1.1337264918589167
145,49,1.1639200608645166
107,62,1.1292715610138007
249,30,1.1493063632931029
154,62,1.1278918789965766
501,8,1.1193128479644656
23,8,1.1294111497700214
441,59,1.1304769840623652
227,15,1.1104718096155142
371,43,1.1408819950717901
46,62,1.1529388195568961
375,14,1.1407577113381453
126,43,1.1232984215021133
530,50,1.094862739954676
174,44,1.1433343183515328
406,27,1.134421926523958
375,44,1.1768184644835336
80,61,1.0993800136659826
411,2,1.1168118970734733
112,30,1.1479495295456477
586,18,1.1675987968753492
168,15,1.1479269920715265
586,62,1.1229494490793772
277,50,1.1521452005420412
29,45,1.1557482502290182
334,61,1.141748485820634
373,50,1.160203469651086
63,19,1.1269890490387167
31,10,1.1664686048669475
473,50,1.1624208353459835
31,61,1.1432652075641923
305,57,1.0767870883324318
586,52,1.1196791822356837
34,50,1.160813424204077
112,6,1.1234874044145857
34,61,1.1571588106453419
277,15,1.1446334368416242
112,62,1.1279595148350512
359,6,1.1279824014220918
586,43,1.122719716812883
23,49,1.1386855989694595
241,18,1.182835439486163
308,15,1.123619888776115
462,62,1.1348796814147915
28,43,1.1301145480413521
582,62,1.1430567505636386
404,15,1.1479855701327324
137,43,1.1442731887634312
102,43,1.0976648229573454
59,55,1.214185253317867
368,62,1.1189990613077367
521,62,1.0919830271907682
298,2,1.125762511576925
419,43,1.0897395413901125
243,64,1.2413861261946815
123,15,1.114173238830907
328,52,1.1184494138828345
243,15,1.1480744060661112
182,64,1.215035043656826
182,61,1.1281407294528825
495,49,1.1681489497090556
249,8,1.1256995733295168
426,43,1.1332549218620573
262,62,1.1397662141493388
478,33,1.1477693765025054
470,33,1.1830493531056814
126,64,1.21811825090221
182,55,1.1906371537063802
59,2,1.1536501140466757
470,15,1.1388589971964913
107,49,1.139920246122139
306,43,1.134364831660475
306,49,1.148324382890548
353,50,1.138951964410288
404,44,1.1860745549201965
87,33,1.1362462959119253
174,49,1.1268500542002065
166,52,1.1034525877663068
277,6,1.1431293402399336
537,52,1.1454133298248053
219,6,1.1355036438575812
202,45,1.1493906474539213
574,15,1.1006610188633204
193,15,1.1028985801552023
145,45,1.1690734731299537
457,49,1.148597655551774
320,27,1.1692999260766166
240,6,1.1401225067675114
168,55,1.2168836249038577
168,43,1.142564867224012
550,43,1.1652511478002583
295,15,1.128095199487039
91,43,1.1182837124381746
446,6,1.1522968344922577
590,8,1.1398008310934529
331,61,1.1017289252153464
530,15,1.0847889259457588
280,50,1.1449415671439576
203,43,1.1414402180484362
243,61,1.15780060538756
240,62,1.1409741123872144
343,57,1.120583622051137
353,30,1.143015973049582
277,52,1.141334426190172
546,43,1.0999499665839332
25,15,1.103764952792387
117,62,1.1236641673105103
507,43,1.0597862593297447
547,15,1.1107090275202478
137,62,1.1429300081383968
243,45,1.1609000877610274
375,27,1.1793780526412385
410,43,1.134222969944988
393,8,1.1228928055082048
101,6,1.1005797130720956
447,43,1.1327168941497803
105,49,1.1578449382047569
4,15,1.1665954452806286
375,15,1.1413387608315264
161,15,1.1094426865290319
203,62,1.1455801416720663
446,49,1.1651193472955907
241,14,1.1386262950088297
577,43,1.1246300818664687
257,30,1.2056520200733627
498,62,1.127749831681805
154,61,1.1391856547977244
497,62,1.131529857537576
111,15,1.1340567395091057
547,14,1.1100087852350302
508,15,1.1440158869538988
29,50,1.1528660990297794
112,10,1.1607617560241903
431,14,1.1593955997377634
334,33,1.1725205151098115
334,55,1.2040882781147957
240,27,1.181650497019291
241,30,1.1655626893043518
240,64,1.226718120276928
334,27,1.1752412931195326
230,10,1.1743214928678103
241,45,1.1575115267187357
105,30,1.1739064896745341
137,8,1.1432489824614354
528,62,1.1454199571162462
255,15,1.1064458880573511
300,62,1.1409861056932382
546,45,1.119323558573212
574,6,1.1019447397972857
312,43,1.1271430341792958
157,52,1.0979815945029259
202,61,1.1425309010914393
404,61,1.1560084468552045
369,6,1.118656876896109
254,8,1.151777037818517
73,6,1.1253547817468643
446,61,1.1637723217053073
40,50,1.1378317400813103
518,30,1.0816779789913977
298,52,1.1229985100882394
259,43,1.0866694104458605
182,30,1.1407800998006548
243,0,1.199262933805585
55,52,1.1801099883658546
140,50,1.0911915395408869
581,30,1.1213676588875907
398,52,1.1109492846964193
477,45,1.1826532480439969
540,15,1.113613294836666
264,15,1.131415853542941
372,50,1.1211116015911102
195,30,1.1018192863890104
312,18,1.140149404627404
132,52,1.1088599136897497
359,57,1.1936057949704784
147,43,1.1350473687052727
330,55,1.1497829960925239
306,62,1.1366620921928967
80,62,1.1039052757301502
441,6,1.1073018038379294
68,15,1.0827756859694742
129,62,1.1014954304056508
165,15,1.1145490471805846
249,0,1.1774835288524628
365,52,1.1005864601050104
405,59,1.1720102386815208
405,55,1.1657926983066969
222,0,1.0731601741697108
202,49,1.1442743401442255
502,49,1.164862616785935
166,15,1.1147481139217104
575,43,1.1050006299878337
227,43,1.1049742036099945
473,33,1.1925686672329903
574,52,1.0973091178706713
225,33,1.1124329369548442
377,61,1.1677082649299078
31,52,1.134352016129664
415,15,1.155666470527649
334,59,1.2327789504613196
367,15,1.100964400726038
508,61,1.1532866348113333
586,61,1.1368439703115396
249,45,1.1430489239948136
195,62,1.0961683647973197
322,43,1.1067941481513637
146,43,1.097170437287007
253,64,1.2088579532823391
431,62,1.160940129842077
29,6,1.1417901303086961
586,6,1.1272171360573597
82,15,1.181056298315525
325,43,1.1176851805565613
117,52,1.1226639045136315
61,15,1.126976948763643
168,2,1.1530107451336724
23,57,1.197544737053769
538,43,1.1446516517815846
101,62,1.098233503954751
502,27,1.1946054880640335
61,43,1.121853546904666
566,10,1.098949372768402
495,6,1.1583625925704837
104,62,1.1504156813025475
249,49,1.1363546709929193
100,8,1.1129273603271161
105,2,1.156749996489712
368,59,1.214970689133874
62,8,1.1685072864804948
232,6,1.1602461721215929
80,43,1.1001249223149248
240,15,1.142263373892222
117,50,1.1362284698656626
61,52,1.1213419851846993
4,62,1.1649307323885816
441,30,1.1184417248836585
249,64,1.2192775181361608
116,6,1.1310667587178094
68,43,1.0808807509269431
190,49,1.124023040490491
99,62,1.0993044332468085
497,2,1.1376851738563605
154,2,1.136800427521978
495,45,1.1751450095990938
145,52,1.1534233220985957
590,55,1.2110351483736719
579,43,1.1428435146808624
406,62,1.1200953229729618
174,30,1.133351290864604
232,64,1.2270188517868519
300,30,1.1682415221418654
373,45,1.1658034079841204
117,8,1.1226791079555238
586,10,1.1634151512490851
29,49,1.15129095901336
473,45,1.1631655009197337
34,30,1.1750670418675457
431,52,1.155264672424112
34,15,1.1480058687073844
586,15,1.1244256288877554
546,62,1.1013479089098317
111,62,1.1423094573297672
254,59,1.2441017904451914
555,2,1.121791670364993
249,6,1.126443203006472
31,15,1.136972458234855
59,8,1.1396045704771365
298,14,1.1266989377992493
105,8,1.1455659618202065
446,10,1.187618549913168
586,33,1.1717780259038721
73,15,1.1266117553625787
59,27,1.1896522847403372
518,8,1.0750424142128654
116,50,1.1406091009931905
175,33,1.1794452331960201
470,62,1.138107124882351
381,52,1.103942136679377
154,27,1.1638383104332857
146,62,1.0970749966800213
534,52,1.0591395497322083
227,62,1.1077572787845773
73,62,1.1243497798485416
175,45,1.1617387831252668
28,49,1.1417564182941402
107,15,1.1358224196093423
508,9,1.2527207052875642
404,18,1.1836085199777568
405,15,1.1387299714343888
88,62,1.105100061361944
146,45,1.1166654825210571
444,52,1.114725673571229
400,43,1.1098186599473203
105,52,1.144558950926044
209,62,1.139605384852205
359,61,1.1376708394714765
530,33,1.1096005610057287
508,45,1.1570442712732725
68,6,1.0822651761450939
404,43,1.1476807072758675
202,43,1.1300345020634788
495,30,1.1809232462463635
101,8,1.0953304746321268
173,0,1.1044224742799997
248,52,1.1190418585070543
44,62,1.1126098172473056
568,49,1.0801067618387086
194,43,1.1630227853144919
34,43,1.1450219941990716
101,15,1.1032560116478376
154,52,1.1275774674224002
154,49,1.139011484171663
457,30,1.161504941061139
377,43,1.1773658469319344
574,62,1.1032953206449747
399,43,1.111182376742363
128,55,1.1048161366156168
373,10,1.1849048646482905
590,6,1.1374289418703742
306,50,1.1506824867932923
105,27,1.1897463871698295
368,14,1.1245962354753698
298,33,1.1579120276229722
101,45,1.114018297621182
73,61,1.1383629143238068
579,52,1.141957523567336
478,15,1.1235198064574174
537,43,1.1384185318435942
391,62,1.112830410046237
373,61,1.1564915850758553
563,43,1.0623221699310565
534,6,1.0652858886335577
398,43,1.1152698237981116
368,6,1.1223962306976318
512,43,1.1202049925923347
304,45,1.104985243773886
525,27,1.0993273667991161
195,2,1.0866540558636189
175,62,1.1471256716842098
428,62,1.0974634780681558
480,59,1.1705228273889847
87,30,1.12167608332155
431,61,1.16259782468634
303,18,1.1842262425592966
409,15,1.11148348610316
329,43,1.137915319630078
359,52,1.1270653850265913
426,52,1.1270529547972339
466,15,1.1272196692547627
224,15,1.139891326959644
300,43,1.1392971075006895
22,8,1.0643877717001098
254,2,1.1649159941423153
431,18,1.1743615557040488
204,62,1.1618912092276983
105,64,1.2459545114210673
586,64,1.2173906809517316
126,49,1.1361485799508435
524,62,1.1138490748458676
257,62,1.1878990669335638
243,30,1.169993220030197
71,15,1.0902848382081305
40,8,1.1287297989640916
173,8,1.0886411033570766
243,52,1.1452223878087742
399,2,1.1218800220106329
316,43,1.1299391444107252
508,50,1.1533617143120085
74,6,1.108044729168926
314,45,1.1298272107461733
574,43,1.1006535339568342
451,43,1.1029937788844109
520,49,1.066816063331706
341,15,1.0820902522121156
132,62,1.1110870683831828
465,30,1.1463398688605853
375,52,1.1380158237048559
126,10,1.1607979938520916
118,43,1.1244219653308392
375,49,1.1482493978525912
254,43,1.1565311732036727
473,62,1.1482619286647864
240,52,1.1383333296648093
8,2,1.0963249326783366
252,15,1.1299829198313611
470,30,1.1605890728533268
238,43,1.1186068270887648
40,62,1.1287419285093034
40,61,1.1389589032956533
465,52,1.1220543363264628
137,27,1.1906545707689864
320,52,1.1363462127212967
528,64,1.2341974098235369
59,6,1.1428301321076495
298,15,1.1265664441244942
509,15,1.1021554227918386
368,0,1.177730823733977
59,33,1.1906350015529565
49,43,1.1219099259802274
590,0,1.1906781308352947
368,8,1.1202057413756847
232,15,1.1611854338220187
399,49,1.1257015293730157
145,62,1.1523715097989355
238,15,1.114307518516268
273,43,1.1204894004123551
23,2,1.1380295008420944
300,6,1.1437682107623135
411,45,1.1372497892007232
404,45,1.1636478432587214
520,50,1.0704009889491968
530,14,1.0875005945563316
435,2,1.087173527372735
368,50,1.1344706213900022
396,62,1.119283797485488
122,41,1.1571757427549787
182,10,1.1562400276639633
550,15,1.1706100272546922
303,55,1.215947833178299
329,61,1.1536946589393275
137,2,1.1577664722821541
404,6,1.146672804972955
257,33,1.2235379415963377
395,8,1.1371829640120268
29,52,1.1425113289483957
359,43,1.126954864178385
117,27,1.1644818088638462
373,8,1.1451150333242757
537,18,1.1696956856176257
227,50,1.1183272285852581
105,50,1.1593659691778677
477,8,1.1675036363303661
105,61,1.1569603984909398
270,62,1.129038117825985
368,52,1.1225485844271523
451,6,1.1060057277125972
285,50,1.0652631305025093
81,43,1.1136526156749045
149,43,1.088968972010272
243,14,1.1478179383723597
507,15,1.058499610450651
368,10,1.1586159012679542
264,45,1.1456046338592256
169,8,1.123500019311905
343,43,1.084954459087125
495,8,1.1578823697886296
203,15,1.1448081923382623
528,2,1.1544372237154417
344,62,1.125947680324316
180,43,1.127974213367062
413,2,1.1440140722053391
533,62,1.0775195387458163
401,30,1.1348393665892738
590,61,1.152751809518252
230,6,1.1388347106320518
284,62,1.119521496019193
477,30,1.1856071198625224
145,61,1.1586570707815034
320,50,1.1543576797204358
216,50,1.1225788311234541
40,10,1.1543857034827982
261,62,1.0964191321815764
404,30,1.1737810940082585
96,50,1.0657377552706748
55,10,1.2081653457134962
153,33,1.1319383112713695
174,43,1.114146482997707
182,44,1.1638097917394978
586,30,1.1523910272600395
579,50,1.1572871878743172
478,50,1.1424129111359693
164,15,1.105092965066433
221,64,1.1663410155368703
146,61,1.103710549353439
8,61,1.0993835255503654
275,15,1.1268772866709955
531,8,1.0800318018134152
513,55,1.1683642541590546
404,52,1.143497091851064
410,45,1.1542760341295175
473,52,1.1463236147870444
373,14,1.1477364982877458
154,45,1.145288915506431
154,43,1.1260588674673013
399,8,1.1167345567207252
494,62,1.1143021998660905
451,62,1.1066695504954882
368,27,1.1641313045152597
399,10,1.146185212194853
33,45,1.2054523852254664
371,62,1.1418681579941352
341,43,1.0851858814379998
383,15,1.1072412069354738
291,62,1.1107366074408804
426,62,1.1364643509898866
485,50,1.1805214647735869
117,61,1.1346894215260233
15,15,1.1197064560172814
240,50,1.1530923248667801
420,15,1.1459417810796626
173,49,1.1055632467780794
401,43,1.1308461132326297
371,2,1.1392245184896248
109,15,1.1777332218896066
230,52,1.1374102048575878
34,52,1.1437717058828898
240,61,1.1515188637588705
249,50,1.1379688829183578
492,61,1.1311473638883658
413,62,1.1340800715344292
73,33,1.1659697211746658
243,27,1.1867150786731924
264,43,1.1293616954769408
477,50,1.1806366017886571
137,10,1.1853874826005526
45,33,1.1496522024140827
534,49,1.0771696035351073
62,43,1.161640740931034
97,15,1.1292574714337076
291,8,1.1059909747647387
400,15,1.1039074039352792
97,43,1.1325229880000864
508,30,1.1637156935674804
48,15,1.1649788481050305
154,50,1.1405886544712953
3,8,1.0970156602561474
343,30,1.1057513388139861
477,43,1.1662372391937035
227,61,1.1141139508358069
446,14,1.1527990523193563
146,52,1.0941515431872435
328,62,1.133962339588574
241,43,1.1386441999514187
475,33,1.1613999903202057
129,61,1.0901140682066657
337,61,1.1120877273912941
73,8,1.1283994817308016
359,55,1.200886806473136
446,52,1.151493843112673
473,61,1.1594879922590084
4,27,1.197238786960952
579,64,1.2201406284168894
145,50,1.166228894676481
48,33,1.1885213305109315
423,62,1.1241102239915304
353,15,1.1329816582479648
444,15,1.1222640693719899
426,15,1.1354979665151663
202,15,1.1306875699332781
314,59,1.1133176410304648
51,62,1.1496446329568113
257,50,1.1986591356939502
34,55,1.2149081959256105
353,49,1.1392549007598842
393,50,1.1381705876971995
137,49,1.1608697535204036
567,15,1.1346979045442172
539,57,1.1374336023415839
574,49,1.1147077490708657
486,43,1.0905680459524905
203,52,1.142043144575187
579,61,1.1504558266273566
319,62,1.1446026656776667
501,61,1.1248214830245291
104,2,1.1548304306343198
29,15,1.1440837319408144
428,45,1.1085675189138524
400,62,1.1108735387346573
49,15,1.1295005562050002
154,33,1.1764432073437743
401,45,1.1429931239358015
29,43,1.1387495430452483
82,61,1.1865937188267708
586,49,1.1343371825059876
320,14,1.1460604617106063
319,43,1.142348691555006
62,2,1.1746919532971722
42,15,1.1323979514251863
40,15,1.1344924696854182
95,27,1.0853153916874103
28,50,1.1468018466340644
540,14,1.1103205151406914
254,62,1.1566432228844081
291,15,1.1111704824226243
574,61,1.110477518024189
418,62,1.127827084224139
54,15,1.1302581634372473
465,62,1.1238761735813958
526,62,1.1288611867598124
195,8,1.0839970777077335
221,62,1.1117831551070725
534,62,1.0682066242609705
477,6,1.1677658937073179
320,62,1.1430546597444586
446,33,1.1984464176265257
582,10,1.1744908831481422
249,10,1.1602033461843217
306,15,1.1425933058074276
375,43,1.1342591345310211
173,50,1.1072666352348668
352,30,1.1133974982159478
79,32,1.1105915538168378
275,62,1.1281208014115691
126,52,1.1254373099654913
61,8,1.1199212614446878
225,44,1.0763418219451393
202,33,1.1751572024077177
260,14,1.0875634342249083
227,0,1.138987339766962
485,61,1.1785166982029165
177,50,1.1439883086298193
230,15,1.1401677876710892
174,62,1.1168570180556603
442,45,1.0852592478373222
499,62,1.1476003085928304
250,15,1.0620679433590599
375,5,1.2439517038209098
113,43,1.0961078995439624
73,43,1.1227103588836533
36,43,1.0650710543351514
62,52,1.1689323192196233
116,62,1.1283190894339765
238,14,1.118158636082496
74,50,1.1240602252738816
177,43,1.1310547199765486
104,8,1.1505610890287374
501,2,1.1198003845555442
112,14,1.126356340944767
168,27,1.1881737856061332
590,62,1.1383921059625988
27,15,1.0923038448340125
389,15,1.1059702552655446
227,33,1.1529824107087083
288,14,1.0893793680838175
534,15,1.068433334252664
386,49,1.137959059860025
23,52,1.128291749528476
547,6,1.1126738360949926
497,49,1.1418942952794688
423,43,1.121375766715833
73,45,1.1437181064060755
375,59,1.2234815518770898
172,50,1.1450453758838453
480,49,1.1167731923716409
396,58,1.1430059910884924
337,52,1.1109687949397735
359,10,1.1662883492452758
473,55,1.2230774270636695
410,52,1.140651966511671
166,6,1.1122614741325378
584,55,1.1145383609192712
303,45,1.1648336191262518
477,52,1.1663534826199924
376,15,1.1024286895990372
249,61,1.13595235986369
494,43,1.1128806048738105
528,45,1.1634265253586429
520,15,1.0596102119556494
415,2,1.1366276367833572
582,61,1.1489851424204451
446,15,1.153935365911041
96,8,1.0513285901397467
300,50,1.1559146637363094
26,45,1.1089706836002213
277,27,1.182824595033058
363,43,1.1254501910880208
101,57,1.1472216067569596
410,2,1.143486331350037
501,18,1.1299570905310767
431,15,1.1585115577493394
590,52,1.1386527306001102
508,64,1.2347043718078308
265,43,1.0608848647347517
404,8,1.1423753702214785
446,8,1.1514984858887536
540,62,1.1068559498858772
81,61,1.1069933998286225
465,6,1.124366391982351
228,33,1.113688241158213
405,33,1.1596544704266958
138,55,1.1322897446474858
482,52,1.0930500168885504
229,10,1.1011607149349791
316,52,1.1223751925198096
88,50,1.1109122512862086
78,52,1.088739765541894
415,8,1.1394576169550419
545,27,1.0849522070160933
55,33,1.2108066252299718
395,15,1.1403717026114464
446,45,1.1685460398771934
393,62,1.128198005259037
371,10,1.1667116438371263
473,30,1.1737043538263865
126,8,1.125306308535593
540,43,1.1053085049082125
51,15,1.1410765599991595
491,2,1.1067529121147734
404,62,1.1489364252026593
465,8,1.11951459305627
181,62,1.086897806131414
248,50,1.138152894697019
568,43,1.0701772198081017
57,43,1.1332512817212514
45,15,1.1272071255370975
219,15,1.1324946792530162
320,61,1.1514774076640606
182,27,1.1589710877410002
514,62,1.1496680352304662
465,15,1.124658306794507
153,27,1.1249119328068835
145,2,1.1608821345227105
436,30,1.0901450705049294
202,62,1.130296385713986
176,15,1.1175746364252908
239,6,1.0825247527765376
361,62,1.1180993688425847
33,62,1.18477724013584
423,6,1.1163283924439125
358,45,1.1381102751142211
95,15,1.1050622311553784
411,62,1.122799841354468
495,14,1.1638948382543666
550,61,1.1617241017520428
214,49,1.0985587686300278
139,61,1.1482543659928655
367,50,1.1142322242792164
290,15,1.111702812569482
395,43,1.139011510248695
87,55,1.139058637432754
122,33,1.1639319762055362
122,43,1.1363268111433302
262,49,1.143716816923448
586,27,1.173216539701181
33,50,1.1924164518713951
534,0,1.0906484563435828
329,49,1.1504315031426293
574,10,1.1400854736566544
157,62,1.1007499434053898
587,62,1.1450230851769447
465,50,1.1398428178259306
59,61,1.1522840695189578
580,40,1.1849344806479556
376,2,1.0972925153161799
59,14,1.1409038892015815
480,62,1.1105268533740724
515,43,1.1720738389662333
519,62,1.0793797937887055
171,30,1.0904117176043135
174,15,1.1202382112720184
399,45,1.1325707782858185
306,6,1.1358653769961424
80,0,1.1320760218493109
560,45,1.118100002873689
343,6,1.08607916211726
59,10,1.1838760375976562
100,61,1.1249168515205383
204,15,1.1595998747008187
174,27,1.146589986447777
177,52,1.1249175747923021
243,8,1.1455710007742579
456,33,1.1444522408502442
288,15,1.0871968413037914
321,8,1.0652932176100356
40,43,1.1258083752223425
404,14,1.1483930061970438
195,6,1.0906231477856636
145,33,1.194172547331878
157,50,1.1122961746794837
457,45,1.1543764429433006
361,2,1.09263177216053
23,64,1.2233755854623658
150,26,1.1124640399856227
59,44,1.1898834045444215
262,10,1.150230836123228
465,33,1.1686711364558764
213,15,1.1292479149997234
49,30,1.1473181400714176
530,62,1.0847934197102274
473,14,1.1476776541343756
62,45,1.1840871013700962
406,43,1.114925074258021
394,45,1.081316765397787
300,15,1.1473682818136044
375,61,1.1484556065074034
471,27,1.1677469530009799
207,49,1.0795464999973774
510,62,1.0958060462559973
325,57,1.1104896095182215
277,62,1.1381782559411866
100,52,1.111231884786061
230,61,1.1510762167828423
398,30,1.138589993651424
59,30,1.168468148048435
293,15,1.1085448185248035
502,8,1.1552901228091546
62,6,1.166930056576218
547,49,1.1218754997743028
367,8,1.0890331545046397
582,8,1.1389440192974039
110,33,1.1067188049533538
175,52,1.1396884473838977
446,44,1.1906500458717346
534,61,1.07522760491286
404,10,1.1810801843447345
448,0,1.0609807720673936
61,30,1.1512212758617741
574,27,1.1393398583667087
202,44,1.167378079811377
147,50,1.146765190575804
376,43,1.1011129873139518
162,43,1.0695821473907148
137,52,1.1437732281213226
304,15,1.0885698813945055
399,15,1.11795329994389
424,8,1.0760610510728188
502,43,1.15135372536523
507,62,1.0624289483946217
578,8,1.1163406241685152
367,45,1.1155450519706522
152,45,1.1254957247791546
447,30,1.1592453134113125
46,43,1.1474642510791975
529,6,1.1370296073811395
307,45,1.1148006926689829
488,61,1.0939054576280927
80,30,1.1171364116349392
436,43,1.1001280003360339
206,27,1.0628284507963275
465,14,1.125105467225824
495,50,1.171606534277089
498,30,1.138667849025556
312,8,1.1259606890380383
423,2,1.1101319345845175
182,8,1.1161599372114455
175,8,1.1417864090097802
77,30,1.0665777173957653
137,14,1.1426664331312557
269,20,1.0817635232316596
254,50,1.1738463139959745
413,61,1.1411613619753294
145,15,1.1541474482842855
413,50,1.1480064828480994
74,43,1.1102937787571656
101,44,1.1312120812279838
508,27,1.1801472926911498
582,49,1.154968611896038
15,27,1.1072743452553238
422,45,1.1291521691850253
449,62,1.0889281770214438
426,14,1.1357142302606786
181,43,1.0850161665252276
29,62,1.1430915769721781
241,36,1.2710997217467852
31,18,1.1640321588409799
386,30,1.1381840574155961
549,27,1.0851237337504114
538,10,1.1815912766116006
219,52,1.127473970808621
127,33,1.107903687549489
254,10,1.1930311944867884
223,6,1.0889837856271438
547,57,1.1605751941512739
422,15,1.1185040473937988
446,18,1.1937507585223233
280,9,1.1973633585231644
122,21,1.1589103365050895
426,6,1.1333632607545172
291,43,1.109284135912146
55,45,1.2104001866786607
526,6,1.12311412420656
341,49,1.0998024307191372
481,62,1.1338374121114612
303,33,1.1913237502532346
31,33,1.1723806772913252
431,33,1.1884683690566038
305,43,1.06264751298087
88,15,1.1042262576520443
254,30,1.1815922687362348
582,52,1.1412270717056734
399,6,1.117022039634841
523,43,1.1012499912508897
169,62,1.1356473245791026
268,62,1.1037946994017278
491,50,1.1241208336183004
411,15,1.1237772168325526
100,10,1.145003770943731
286,8,1.1221055355189102
254,33,1.2020625296447958
338,15,1.0926656967827253
280,6,1.1327254245323795
257,8,1.1800308685217584
410,10,1.1678367789302553
515,14,1.1678485604269164
399,50,1.1267791061795183
56,50,1.0958332738706045
446,30,1.176599153450557
227,49,1.1139820574649744
285,49,1.062394865389381
343,49,1.0994794142565556
126,27,1.1646635809115
547,50,1.1236791504280907
61,61,1.1335394637925285
177,6,1.1298383190629206
494,45,1.1205180079809256
49,62,1.1248453331312962
473,49,1.1599825103101986
502,6,1.1533128778849329
368,61,1.134441362959998
406,15,1.1206752842824375
393,30,1.137979011583541
574,2,1.1100682078727655
1,15,1.1540847388096154
278,50,1.1116536972112954
426,27,1.1559266070170062
82,18,1.2086132365678037
256,15,1.118484904723508
145,6,1.1528653651475906
238,62,1.122131566650101
369,10,1.140876404941082
33,52,1.186995499900409
178,62,1.1133602926773685
457,14,1.1407472118735313
104,6,1.1489481081121735
101,30,1.1173638360840934
585,43,1.1077814921736717
33,43,1.1818804014474154
556,50,1.1253016974244798
8,15,1.10055737303836
262,27,1.1498267105115312
296,8,1.1521676944435708
477,33,1.2022291693304266
55,15,1.1913063254739558
96,49,1.0635322270848389
243,2,1.1566234197733658
146,49,1.1105126307478972
480,50,1.1211703994444437
386,43,1.126297656180603
264,62,1.134312086871692
107,8,1.1253647091133254
177,62,1.133461375587753
61,2,1.1314551016049725
410,30,1.1558286856327737
8,52,1.0908271570224315
277,45,1.1587017396731036
320,30,1.1637879936024547
145,64,1.240176361054182
395,61,1.1465221978724003
26,62,1.096037045121193
51,44,1.1424599752894469
526,45,1.1364953161350317
300,49,1.1545950349952494
306,52,1.1384128741919994
534,27,1.0965467619576625
49,6,1.1279342265001364
437,62,1.0922286159225874
409,10,1.105649075870003
419,61,1.0919748196112258
429,6,1.0983039617006267
261,45,1.1054814186479365
159,8,1.09686796992485
177,15,1.129422515431153
446,27,1.1944459469190665
81,15,1.1151742228705968
145,43,1.1512817139072078
61,27,1.1653034149536066
42,45,1.1402445137500763
143,62,1.1165102166788918
31,55,1.2029730011043804
82,6,1.1820373330265284
557,15,1.1252602387352713
534,30,1.0843173967940467
178,43,1.1105673999658652
135,30,1.1459609530866146
111,50,1.145572348364762
280,15,1.1359077238344721
234,45,1.107608167188508
382,49,1.086014211177826
91,52,1.1040971398885762
373,49,1.1589148959943227
485,49,1.1752465840961253
17,33,1.1163456836449248
574,50,1.1153982183230775
241,10,1.1799355489867074
566,15,1.086566007563046
468,62,1.1046437285840511
546,50,1.1145684575395924
540,6,1.109423801569002
217,43,1.083671435713768
49,49,1.1348174988691295
263,15,1.1043721558526158
105,45,1.1637624283321202
371,45,1.1569060253511583
297,36,1.0991327874362469
303,27,1.1901533255087478
137,18,1.1896786929241248
581,50,1.1397810040840082
286,61,1.1281504601772343
423,10,1.127875026847635
502,30,1.1795108504593372
3,43,1.1015804122601236
61,33,1.1737447797453828
71,43,1.087750450707972
117,64,1.2177207859765207
538,52,1.1456534528572644
537,45,1.1619186120639955
154,18,1.1704058248017515
473,6,1.1496148000005633
341,30,1.1083486500595296
393,6,1.1265279626739877
498,15,1.1283255647867918
445,62,1.1622214600709933
402,62,1.0936377274338156
163,43,1.0612126159082567
534,45,1.082481196416276
406,45,1.1330155335100633
91,15,1.108109573168414
328,43,1.132418137841991
369,8,1.1125659610011749
177,33,1.151211160235107
19,52,1.0864355122404439
91,45,1.132131046682064
582,2,1.1464585975876875
423,45,1.1375340127519198
258,6,1.1496749216956752
423,15,1.121210687394653
512,15,1.1259000453033619
492,49,1.145859215391933
508,2,1.1484389560563224
523,62,1.1034008924450194
393,10,1.1478707372610057
569,43,1.1240756058001093
547,45,1.1260167147432054
393,43,1.1250789455537284
102,14,1.1022523790597916
446,2,1.160744491033256
393,52,1.1277891690177577
20,43,1.103025279922544
331,6,1.1101121029683523
529,43,1.1391247734427452
377,62,1.1800278864268745
320,45,1.158455212068345
386,45,1.1401371923940522
534,10,1.0957484729588032
257,2,1.1882702058979444
96,62,1.0540724293594914
145,8,1.1519944337861878
534,43,1.0656176039150782
552,15,1.1497704131262643
473,18,1.188990171466555
475,6,1.1468543226697616
550,64,1.212817762845329
258,8,1.1374740196125848
345,62,1.11584171173828
402,15,1.0967369843274355
29,10,1.1760490109611834
262,45,1.1488969161042146
286,43,1.1175839845756335
280,62,1.1373584280829943
458,30,1.120289905528937
491,62,1.1151401938072272
392,6,1.1165991739502974
410,15,1.1429045242922646
569,8,1.1097057001399142
62,15,1.1703067272901535
69,45,1.1462328782571214
567,43,1.1361664086580276
547,43,1.107743281338896
560,50,1.1175939528537648
502,2,1.1610842155558723
377,14,1.1756848376244307
44,61,1.1185709089040756
125,49,1.1054220183619432
478,18,1.1254337302276067
66,43,1.1197059021464415
154,30,1.1536015351968152
123,52,1.1107377797099096
478,62,1.1295601446181536
178,15,1.1125487866146224
132,33,1.1435673699847289
28,45,1.1500010548957758
195,52,1.0823756509593554
426,0,1.1500012565936362
132,43,1.1083129016416413
351,28,1.0674399185393537
360,8,1.0541668214968272
422,43,1.1124373355082102
73,49,1.139107836144311
55,8,1.17854318089251
447,62,1.134773284729038
395,14,1.141353904668774
522,43,1.0952087970716613
215,14,1.1127916501302804
116,2,1.1345576718449593
472,50,1.095090344016041
203,30,1.158108220568725
173,62,1.0945295883076531
469,43,1.0694670818213905
579,14,1.1469341314264707
243,10,1.1816901482774742
353,43,1.127586457612259
540,50,1.1200889110831278
390,15,1.128109595073121
312,61,1.1293048938470227
119,33,1.1005259146913886
390,43,1.131064071353259
137,61,1.1534288576471485
478,8,1.1143681830061334
424,62,1.0924562811851501
62,61,1.1785866357386112
480,52,1.1082490703889303
23,14,1.129966499550002
273,62,1.1236797901136535
548,62,1.139282145670482
123,43,1.1203039889889104
51,30,1.156472725527627
39,44,1.1593496049089091
140,6,1.0862743338303906
232,43,1.1573107138808285
158,43,1.1031434936116316
44,49,1.122979144432715
126,45,1.143364223651588
173,6,1.0923573071403163
515,62,1.1749545463493891
538,50,1.1608339622616768
392,50,1.1287090637321984
405,21,1.1636106185615063
372,62,1.1154292449355125
242,52,1.1107381688696998
465,2,1.12911784861769
68,62,1.0824987911619246
410,49,1.147849325489785
254,15,1.1580103681023632
415,6,1.1510186345715607
243,18,1.1907248836276787
80,57,1.1257833021559887
532,43,1.1214013139584236
515,45,1.187735602259636
116,52,1.1313182046370847
516,62,1.117362944143159
341,45,1.1026031055620737
107,50,1.1403175879802023
147,2,1.130875906773976
390,30,1.135437327836241
264,61,1.1290113127657346
456,39,1.2039847177054201
105,14,1.1477779123399938
203,2,1.1421144822878497
386,62,1.1275480099554573
537,15,1.1427327882764595
81,44,1.0974463511790549
538,15,1.1504555709127868
432,62,1.1387351118028164
452,50,1.117091609963349
317,43,1.084528005814978
368,2,1.1314196927206857
264,14,1.1308897222791399
267,50,1.1203817022698266
529,49,1.145333707332611
448,15,1.0806006307580642
11,57,1.0860859416258921
216,62,1.11174666721906
126,15,1.129608100546258
478,45,1.1404136113290275
394,62,1.0711639816207545
312,62,1.1278927749288934
568,30,1.0778816345014743
306,64,1.2231240732861417
258,15,1.151323228808386
135,49,1.1447190481038498
122,30,1.1479682142713241
80,15,1.097894366298403
112,55,1.1894475208329303
162,30,1.0636021312592285
263,43,1.1073953108196812
192,62,1.1219995128256934
508,8,1.1411840873105186
447,49,1.1473286742610591
180,62,1.1316957635073257
568,50,1.0813355057367258
376,49,1.1120660794632775
291,57,1.1475080559030175
569,15,1.1221080526177372
582,45,1.1586035999602504
303,10,1.1864537871442735
466,6,1.1197358497551508
2,14,1.1255895431552614
62,50,1.1757825942976134
227,59,1.180572352505156
275,50,1.140260248008417
371,15,1.1447105067116874
582,59,1.2322584679350257
48,14,1.1664900332689285
166,8,1.1001172385045461
398,45,1.1352144085935183
473,2,1.1599605160964919
399,33,1.159169974470777
224,62,1.1506758574396372
243,59,1.236892709242446
105,44,1.1932238461449742
149,45,1.104495516312974
26,57,1.0938296663974012
34,49,1.1580879145434924
563,45,1.0780593281212663
105,18,1.1942710457785455
126,6,1.1242810849632536
195,45,1.106215285403388
61,10,1.159026132098266
78,15,1.0970725872154747
157,49,1.1106013740812029
528,51,1.2517070142286164
396,8,1.106602733688695
371,14,1.1427686590967434
120,2,1.116159447069679
195,15,1.0891055475388254
313,14,1.103188376008932
486,62,1.0951631335275513
16,15,1.1279924263861696
179,8,1.1251902005502157
76,62,1.1120844382260526
491,43,1.111579576773303
538,45,1.1668330556047815
139,62,1.1616028463467956
306,30,1.1593798968408788
199,1,1.086509620637766
34,8,1.1452821543706315
170,46,1.0856024449292039
304,61,1.0829452467816216
157,45,1.11447823792696
262,6,1.1334072926214762
404,33,1.188989455146449
389,62,1.1086755677325917
470,27,1.178712529263326
386,50,1.137288872152567
535,62,1.1265551301517658
157,61,1.099121275490948
208,42,1.0940420723387174
222,62,1.09540297064398
262,30,1.1452046552939075
484,49,1.1370042913726397
227,45,1.1246211701072752
549,15,1.0989233101052898
477,14,1.168435616152627
329,15,1.1415997216744083
92,62,1.1025690723742758
501,43,1.1341971621981688
237,8,1.1232394949932183
443,6,1.0933955604476588
411,8,1.1153305368497968
343,62,1.0862390794126051
233,15,1.1316673117024558
542,49,1.0681525090975421
319,8,1.1363587695294493
34,14,1.1495780205088002
82,45,1.1937591452484153
480,43,1.1071611983435494
264,27,1.1364085019699164
80,45,1.1158316083518522
101,43,1.0956305510231428
252,62,1.1408139219773668
552,62,1.1545641922524996
519,15,1.0777408837207727
106,40,1.057530972042254
134,30,1.1384387551141637
410,50,1.1501111079539572
258,52,1.1418428547414285
48,52,1.1567623101041786
582,18,1.1793760816965784
210,62,1.0902955824525893
21,52,1.0660979090524572
528,6,1.1452912329030889
74,45,1.1239612098517162
353,45,1.1455862019211054
4,43,1.161918898246118
81,52,1.103541040260877
422,6,1.1125140030469214
90,43,1.0611220988097816
147,49,1.1462599416928632
378,45,1.1603371942681926
336,45,1.0955293718725443
175,6,1.145099678742034
502,61,1.1628997144954545
182,14,1.113069725888116
73,30,1.1450108550488949
40,52,1.1258902911628996
369,52,1.1175482560481345
202,18,1.1733594164252281
262,52,1.1338731263365065
61,18,1.1649353607956852
4,55,1.2198698322754353
329,30,1.1650381990309273
82,43,1.1834511482822043
484,6,1.1187971447195326
107,45,1.1424677544938666
102,62,1.0997260665254933
421,45,1.111540321792875
237,43,1.1385072291429554
309,2,1.0967864564486913
406,52,1.1167397604856109
104,49,1.1603964902460575
412,61,1.0928294574841857
489,15,1.0751094637172562
65,15,1.1148218006959982
465,49,1.136878357401916
538,8,1.1424392089247704
537,50,1.1569449760551964
386,14,1.1235601455472144
540,2,1.1136408537360174
109,43,1.1763508852039064
473,44,1.199586179639612
319,50,1.1560410607073988
71,52,1.0848662653671843
449,15,1.0779733434319496
358,62,1.1289765303954482
122,44,1.1351069555218731
124,62,1.1125929866518294
557,62,1.1310855685068029
362,30,1.0624759058867181
369,0,1.1293302356664623
202,52,1.127032038888761
98,62,1.1333599359329258
529,52,1.1255261504224368
415,61,1.1474045499593817
364,50,1.1246911085077695
429,15,1.1020129205925124
154,44,1.1685598162668092
428,43,1.0946371442717333
547,55,1.167633215231555
443,45,1.1055537108331919
498,43,1.1231867804973652
375,2,1.1467415605272566
517,50,1.1269223650119133
107,6,1.1327751111239195
478,61,1.122745587357453
537,62,1.1393370346299239
280,45,1.1494207664259843
195,61,1.0880920791200228
60,15,1.111969955265522
2,15,1.1228890659819757
352,59,1.1294608329023634
79,8,1.0971405716346843
160,40,0.9993441453469651
447,61,1.140886586691652
104,50,1.1622029303440027
463,62,1.0998216085135937
471,43,1.1541155552757638
298,10,1.1495475843548775
303,64,1.2476617563515902
174,10,1.147369422018528
530,43,1.0821528785995074
190,8,1.1002498061529227
582,50,1.1565658537937062
568,62,1.073417515094791
281,43,1.1260026367381215
531,14,1.0906969562971167
371,50,1.1543394347120608
374,43,1.1172391107039792
257,49,1.1957664154469967
249,44,1.165730995791299
503,49,1.1287871242301273
203,45,1.1611870229244232
416,30,1.0163456542151315
374,52,1.1206555169607912
68,30,1.0929485426417418
49,61,1.1352493001946382
300,52,1.1425807976296969
323,43,1.0597714771117484
61,64,1.2181516699492931
383,43,1.1097325765128647
373,44,1.18913712565388
447,15,1.1350205721599715
223,15,1.0875884494079011
202,6,1.1306480595043726
174,50,1.1286852205438274
378,33,1.159420912287065
293,62,1.11679676667388
284,15,1.1166511901787348
135,15,1.1341679756130492
105,38,1.2690812083227294
339,55,1.1225180966513497
140,49,1.0905462883945023
522,50,1.1052684177245413
291,30,1.1256803339216017
427,15,1.1205553227503384
498,6,1.1202873827257593
280,30,1.1542995891400747
266,50,1.1130331519192882
204,43,1.1605736474905695
75,62,1.1233284786410098
145,44,1.196146955979722
549,8,1.091069556772709
191,43,1.1458471875105585
124,30,1.0972488281716193
365,15,1.1103593773607696
312,15,1.1304600572745716
502,52,1.1548135291252817
540,30,1.1284223182925157
491,14,1.1121619894568409
311,43,1.0886478700808115
577,62,1.1277653926185198
104,10,1.1829039132488626
404,0,1.2022748014756612
539,8,1.0906435903161764
77,8,1.0653813619698798
195,14,1.0886095421654838
310,15,1.1054935439356737
497,30,1.1564305211816515
471,45,1.1666516845247574
272,62,1.1228365733155183
357,61,1.164123337316726
561,57,1.086172880338771
109,62,1.178540290732469
375,50,1.1500289429511343
132,8,1.1093831424202238
126,30,1.1501418679420436
333,15,1.1048304198442824
61,0,1.176730119680412
475,15,1.1464219348771232
537,61,1.1489998804671424
460,27,1.0726509973340268
104,52,1.1499125018183673
25,43,1.0992153700041984
566,6,1.082607197442225
149,30,1.1017342945228197
298,0,1.1533986053296499
515,15,1.1672822401991911
419,15,1.0908369182475977
289,15,1.1378424947283097
294,61,1.1042353484247411
148,57,1.0716416787888323
484,52,1.1112970161650861
410,62,1.1361310138225755
101,50,1.1115727456552642
355,62,1.0891334236200367
314,30,1.1131931043762182
101,61,1.1054821099553789
151,5,1.0903324860015087
126,50,1.1390305340423115
576,15,1.1657624265977315
280,43,1.133476458045022
161,30,1.1122136190533638
202,0,1.1847176954948477
48,49,1.1847601389246327
202,10,1.166513564331191
571,50,1.0761937604152731
146,33,1.1386902891099453
394,43,1.069565488025546
49,27,1.151884336556707
576,2,1.1569658677492822
73,18,1.1655254560921873
546,30,1.1173380208866937
529,62,1.1425199370299066
368,57,1.1950883929218565
81,6,1.1126078447060925
451,14,1.1097300159079688
347,52,1.0759611896106176
274,62,1.1384288141770023
135,8,1.1296352038958244
116,45,1.1476722551243645
451,15,1.1092218455991574
371,27,1.1616971374356322
69,43,1.1395100655832462
248,43,1.1297674663364887
19,2,1.0842626014990466
478,43,1.1281747437481369
145,27,1.196005287447146
185,30,1.0805841284537954
512,57,1.1320727700866493
465,61,1.1347521990537643
578,61,1.1226474264902728
406,50,1.1299812240259988
547,52,1.110021005251578
395,6,1.1389510413365704
137,45,1.1620988342911005
79,0,1.0949163152171033
134,41,1.1300384945103101
561,15,1.075146309898368
374,15,1.1223112121224403
448,49,1.0884706702615534
135,62,1.1400801122986846
547,2,1.1147882576499666
9,62,1.1072752667324883
285,62,1.0623748219971145
410,61,1.1464249986623014
451,49,1.1158301437140576
264,50,1.1431889246617044
119,30,1.0942044795623846
42,27,1.1202235711472375
29,18,1.1741085651197605
445,43,1.1589070265181363
477,62,1.1689801045826502
376,62,1.1046683575425829
254,52,1.1531707940656426
276,6,1.145704495055335
543,62,1.1021542804581779
550,45,1.1786362161261164
202,55,1.1956275751914032
439,43,1.0790112229463245
29,57,1.2067488772528512
90,30,1.0558427561772987
520,6,1.0583272927573748
215,62,1.1123240132416998
408,15,1.0852080109928335
550,8,1.1607809427327342
375,30,1.1651370228667344
96,43,1.0530532653376992
221,49,1.1234992548291172
171,8,1.0793349336766238
151,53,1.083402356132865
121,15,1.101906762258815
116,27,1.1659567914903164
122,55,1.1672384979735528
405,30,1.1472647136875562
402,49,1.1023905101631368
135,45,1.1473010980657168
462,2,1.111630453062909
371,49,1.1539491445624404
573,15,1.1392695459404163
583,62,1.1199148978505815
459,44,1.1059751418485706
271,43,1.1212857461401395
278,43,1.1037163316671337
7,30,1.0805315811719214
413,49,1.1456908759261881
213,61,1.1236956571894032
399,52,1.1190530947808708
560,61,1.1020904827330793
432,50,1.1458156029028552
44,43,1.1100853362253733
359,14,1.1307387032679148
287,52,1.1241551834557737
264,2,1.1195658008967126
216,49,1.120547522923776
243,44,1.1899214615114033
258,33,1.1596486599051528
127,15,1.095872399696548
53,62,1.1078521776944399
471,6,1.1535430082253046
457,57,1.2076628979827677
218,27,1.1094845665751822
203,27,1.1644911271120821
101,14,1.1019775484289442
44,30,1.1285202870411533
29,0,1.186344586578863
100,0,1.1557369280074323
131,43,1.0996157920786314
354,62,1.1189708398388964
369,33,1.1414233249213015
93,15,1.1243012566119432
105,0,1.209916499044214
319,52,1.1373000383110983
79,18,1.0998694910667837
467,45,1.1335600979093994
254,18,1.1957034354563802
154,64,1.216289603284427
135,52,1.1273760702461004
512,45,1.1399723349937372
287,27,1.14580907592816
221,59,1.1643750260451011
576,45,1.1783541185515267
113,62,1.1002824776805937
73,2,1.135292825954301
30,45,1.1075716425797768
174,8,1.11310850456357
223,45,1.1045674828014203
55,61,1.1918097989899772
88,43,1.1018053806786026
277,61,1.153756348150117
377,15,1.1761084057922875
227,14,1.1120264798934971
377,6,1.1745192875553454
218,59,1.125901300194008
517,49,1.123947857479964
426,45,1.1452824484024728
384,43,1.0833863645259822
297,8,1.1018631487552608
62,10,1.1953298183424133
232,45,1.175744176443134
566,43,1.0893746303128344
28,6,1.1371622399560042
44,2,1.114793535321951
362,62,1.0644619459552425
257,55,1.2414263763598032
227,52,1.1005817537329026
369,49,1.137559579153146
490,62,1.1221510376781225
232,52,1.1617399901151657
154,14,1.131440278674875
300,2,1.149448521967445
496,50,1.1031362346506544
157,27,1.1009880119402493
122,59,1.1714673867848302
320,6,1.1396638037902969
485,43,1.1655335969158582
3,62,1.1053993254899979
578,43,1.1189218329797899
470,49,1.1509434769728355
524,6,1.1075892943356718
36,52,1.0564044071028806
309,43,1.1113470353718315
1,43,1.1576978552288242
257,14,1.1872448857341493
367,62,1.1051042988630277
249,14,1.1286214707153184
139,52,1.1471618829028947
426,30,1.145366367484842
498,49,1.1316387252216893
166,45,1.1336191243359022
254,6,1.1546519199120147
482,15,1.107985021546483
417,61,1.0837839248457126
538,44,1.1825240972851003
42,52,1.1191537208256446
518,62,1.0889262107333966
342,43,1.093200038586344
49,10,1.153302984844361
390,62,1.1343306154199777
209,50,1.1451056110007423
422,49,1.1265613404767854
540,49,1.1200395274375166
227,10,1.1328426833663667
82,52,1.1763325945607253
167,62,1.1029128251331193
221,52,1.1066388934850693
368,60,1.2470105098826545
555,43,1.1467564781196415
581,61,1.1184304478977407
550,2,1.1577227376401424
471,50,1.165852654193129
485,15,1.1743859270853656
520,62,1.0571071404431547
574,8,1.1022648180701904
262,61,1.1404738969036512
362,43,1.0612617645944868
323,62,1.0633928823683942
504,15,1.0976984725732888
49,2,1.1311617416462727
476,15,1.1027623835418905
97,27,1.1395823348845755
85,33,1.1497230838452066
205,43,1.0957090226667268
218,57,1.0995632452624184
474,30,1.1027983924640077
406,6,1.1150581583912884
467,15,1.1152912282517977
462,15,1.1327231503756983
283,6,1.117403628570693
534,2,1.0695541783102922
262,43,1.1365269560899054
531,61,1.0855583364942245
350,50,1.1518344432115555
487,45,1.1312326591994082
76,52,1.1058290245543634
3,14,1.1039447342710835
74,14,1.1097317873832904
40,30,1.152348586491176
232,62,1.161444683426193
528,10,1.1849670950323343
132,6,1.1088384400521005
92,43,1.0987731564257825
122,61,1.1354452060269458
337,15,1.120880544983915
461,2,1.1027787923812866
499,49,1.1533457706017154
11,52,1.0990194150113635
433,43,1.0982720774731465
132,30,1.12500726098993
169,43,1.1334969978779554
57,8,1.1195570690823453
66,14,1.1199752616563015
578,50,1.1284635322434562
497,14,1.1364582322005714
393,2,1.125542251526245
532,62,1.1260093322822027
513,34,1.161720183145787
409,14,1.112908078091485
538,64,1.231009413089071
368,12,1.2477322880710875
453,18,1.0705319004399436
455,17,1.0853597618905562
4,30,1.1867407906268324
198,43,1.0499517821839877
222,2,1.074728004168719
116,14,1.1318464332393237
179,62,1.1420152996267592
227,8,1.1025059816560574
116,64,1.2179243044395531
144,62,1.1245573735130685
275,43,1.1275540146577572
40,14,1.1356492297989982
232,10,1.1815030590764113
227,27,1.1375277533328958
509,6,1.0944050059520773
519,43,1.0779095339322728
231,52,1.1295947198356902
371,8,1.1422434226343674
44,59,1.1693647618272476
398,50,1.1306865965681416
192,43,1.1180893959743636
383,14,1.1035612651279993
393,15,1.1315149181921567
573,14,1.1398446461451905
548,14,1.1352960440729345
85,6,1.1293037950194307
449,50,1.0935121500598532
244,15,1.0803879503426808
71,10,1.1112567924220846
258,62,1.159817905298301
470,14,1.1380275844130665
258,2,1.1388695689134434
404,55,1.2109700692817569
548,45,1.1482722977442401
473,10,1.188092393534524
44,45,1.1293836645781994
74,62,1.112289166111233
4,14,1.1662188188305922
64,62,1.0866664839642388
0,43,1.1275135417069708
205,62,1.0986662126545395
202,51,1.2504059741539615
68,8,1.0730163625308446
71,14,1.0877496948731797
16,14,1.1285867685718196
149,27,1.102733749896288
222,8,1.07865300002907
518,14,1.0771448276937008
498,27,1.1293007481311048
104,14,1.1523452885448933
306,14,1.141208338821473
85,14,1.1282791822616542
369,44,1.1170690507029317
538,6,1.1453116971866362
395,52,1.1372038908302784
115,49,1.1138942039438657
556,43,1.1160837188363075
16,6,1.1263888430382525
177,14,1.1288229117635638
501,6,1.1259670167097025
340,50,1.1423965325312955
15,14,1.120082335812705
171,6,1.085673091667039
108,44,1.0977734124421008
174,14,1.1188630379204239
341,14,1.0810214222541876
195,44,1.0962961816361971
22,62,1.0937031228095293
82,14,1.1809801531157322
478,14,1.1227885692247324
550,52,1.1588345345641886
289,23,1.1242105386086874
484,15,1.1299953849187918
146,15,1.0993450014585895
530,51,1.1476372782407063
31,44,1.1639534636799778
246,61,1.122974754045052
227,2,1.1101051068232795
520,8,1.056499500891992
534,14,1.0677895216005189
561,14,1.074217471684928
405,41,1.1650651680039508
4,52,1.1632669645228557
62,0,1.204806415098054
203,8,1.1404509017510074
104,27,1.1851591989398003
61,14,1.1268464917583125
73,14,1.1243753736572606
293,14,1.1096718332597189
295,14,1.1276533765984433
127,30,1.1025306073549603
572,15,1.1386523391452752
191,6,1.1449499963117498
156,62,1.1391405138586248
508,14,1.1420800590089388
466,44,1.1165321107421602
1,8,1.1449045038649015
409,33,1.1050379670092039
546,2,1.1036357725305217
568,8,1.0620313441114766
164,14,1.1056991826210703
493,45,1.1584670905555998
166,30,1.131205788148301
481,2,1.1064337944345815
227,30,1.1281710707449488
309,62,1.1137415989568191
419,59,1.1317860248631664
495,27,1.1924074622303513
51,14,1.1420354640909605
399,14,1.1176247064556395
116,8,1.1330718163933073
291,6,1.1112713553011417
511,33,1.0712751941755414
78,14,1.0992725150925773
352,21,1.1093586539583546
503,8,1.1001492611664747
64,15,1.0824227961046355
187,43,1.0857582201382943
25,62,1.1015889132395387
257,44,1.2137146134461676
357,50,1.176729936684881
354,45,1.1285421732547027
300,64,1.2341914518204118
68,14,1.0828985574189574
298,62,1.131432657795293
224,14,1.1388279254149114
573,43,1.143024016437786
256,52,1.1179909966886044
542,14,1.0652511572199208
546,49,1.112078289368323
528,14,1.1491551431162017
26,43,1.0947601736656256
582,14,1.1444294103795463
587,50,1.1551969814380365
518,45,1.0943826005927153
303,44,1.1942491110946452
406,14,1.1200560030743614
567,14,1.1334673115717513
398,61,1.121864159724542
324,14,1.1122196835598774
404,50,1.1654324123103703
470,8,1.1366199982751692
400,45,1.1228646119125187
316,50,1.1378127355793757
224,8,1.140403509805245
257,61,1.194502008812768
562,45,1.138000105773764
220,30,1.087227092789752
20,50,1.1170897574297018
29,8,1.1444118251757962
549,14,1.1009763894336564
451,45,1.1215944339720798
502,14,1.156779797481639
221,61,1.118454594697271
375,0,1.1869342449520315
190,62,1.1160576290317945
438,61,1.0687250222877733
16,8,1.1188385891062873
381,62,1.1240245130445277
520,14,1.0585481327559267
495,52,1.1571455895900726
64,45,1.089568412729672
404,49,1.1604533131633485
538,61,1.155250309234751
571,2,1.0504402592778206
260,15,1.0852833643688686
399,61,1.1246865668467112
152,50,1.1306071349286608
457,0,1.1857921272250158
477,49,1.1797596527529615
163,62,1.0651673544198275
539,30,1.112557486231838
531,15,1.0879572362838579
97,8,1.1230588954474245
318,50,1.131562311734472
311,62,1.0942990856378205
567,50,1.149552967931543
376,61,1.1071353118334497
383,62,1.1112069162939275
401,6,1.1260983970548426
343,14,1.0826130621800465
261,50,1.1045116393693857
424,43,1.0884234138897486
263,14,1.1032880759531898
230,30,1.1643347516655922
59,9,1.265015434473753
390,45,1.1458877138793468
194,15,1.1636012430701936
470,6,1.139301108861608
423,52,1.1178742687084846
294,14,1.0953418045038623
62,59,1.2413702426212174
67,8,1.0993642705891813
538,14,1.1505797537309783
194,27,1.1449254344084434
443,50,1.107172489432352
221,30,1.1272235496144276
448,62,1.0832071432045527
539,15,1.0946949262704169
120,15,1.1331733502447605
582,64,1.229581699573568
218,15,1.1182698241568036
530,45,1.0992466296468462
291,14,1.1077529974281788
62,14,1.1672255577785628
477,7,1.2535707269396101
387,52,1.093452315245356
4,50,1.1778328116717083
80,14,1.0985018511169724
55,0,1.2023357267358474
329,55,1.2124334133363195
135,43,1.138060035450118
376,30,1.1166757536785943
425,27,1.080243034022195
94,50,1.1181889309414796
235,64,1.143948771059513
75,50,1.1304868402491723
230,14,1.1402867138385773
370,43,1.1474517711571284
166,14,1.1190589677010263
123,33,1.1258515971047538
303,14,1.1476938128471375
540,45,1.12744178709441
295,45,1.142289409946118
262,59,1.1754295256521021
399,30,1.135178703465499
309,61,1.1043608148715325
174,6,1.1159650634175964
104,61,1.1601449667609163
466,14,1.1294223447995526
11,45,1.1178642603169595
145,14,1.1531089560261794
550,14,1.1720515293293698
572,14,1.1417420704383403
141,62,1.1033201994640487
395,30,1.1634757441601582
295,49,1.1442147671644176
324,52,1.0953831977343984
407,50,1.1392466854304075
501,45,1.1473276700292314
413,27,1.1674696007477385
411,43,1.121123681152572
454,62,1.1015771345368452
198,62,1.050777400710753
219,14,1.1360980485166823
45,14,1.1274520048672068
247,15,1.090824328629034
440,15,1.1011458417134625
290,6,1.1065323767917497
451,8,1.1058907069465411
62,49,1.175812719123704
538,49,1.1581865269690752
398,22,1.1997709279613835
231,14,1.131902843181576
467,61,1.1150468412254537
289,62,1.1455096292442508
405,2,1.1354069230811936
296,6,1.1597704280700003
191,62,1.145484625760998
140,27,1.1077418527565897
67,6,1.1092290640143412
66,15,1.1222633602363723
91,14,1.1072999091286744
351,55,1.1003959753683634
132,27,1.1456747544663293
262,50,1.1477962833430086
341,50,1.1026577497167247
560,14,1.101761216696884
95,14,1.107807979519878
395,2,1.1452894620597363
287,8,1.1242039735828127
441,45,1.1246758289635181
350,62,1.1458269517336572
275,6,1.1267996840178967
539,14,1.0945398568042688
480,14,1.1094584912061691
581,52,1.1193619966506958
413,30,1.1591532448572772
42,6,1.1282934727413314
33,6,1.1856247375586204
376,14,1.1025925129652023
385,29,1.0980276271168674
477,61,1.1795043327978678
383,61,1.1122322010674648
346,62,1.151954229122826
402,50,1.105448271813137
466,62,1.1325550972084915
259,62,1.0910709888807364
149,62,1.0921492625659863
475,43,1.1551726279514176
514,33,1.174292840063572
448,57,1.0848503366910986
200,43,1.1349356056057982
54,14,1.1294215385402953
498,50,1.1308783468806982
574,14,1.1009762843272515
188,14,1.119556856474706
187,30,1.0931090129805463
158,30,1.0991863871791534
483,14,1.1307445541931105
296,15,1.1656525752374105
275,9,1.145746712972011
350,15,1.1394255799906594
122,10,1.1560450704502208
205,8,1.0851408783346415
233,43,1.132318523313318
48,6,1.1615151901330267
533,43,1.073191266107772
187,62,1.0877680931506413
359,44,1.1724357047226346
449,6,1.0804621881938405
515,61,1.1673773819846767
273,30,1.132367420409407
161,62,1.1159258687070437
471,15,1.1597965629438736
133,30,1.073281214306397
375,10,1.1727400311668004
29,30,1.1632601202332549
495,64,1.2396529061453683
550,27,1.177760945899146
55,2,1.1825578170163291
97,14,1.1275813435869557
97,52,1.1234742607921362
537,4,1.215911250827568
474,62,1.1097722630947828
49,14,1.1298748446362359
497,15,1.1358071842363902
44,14,1.1149384544364043
446,59,1.2438557062830244
413,31,1.2356915630932366
87,48,1.1240194260275789
374,14,1.1200483084789343
367,52,1.0924018677324057
374,62,1.119812989341361
395,33,1.1805002230352588
501,50,1.1426642079438483
203,61,1.1459493567900998
72,52,1.081503869167396
203,10,1.1684120574167796
248,14,1.1287145087761539
71,62,1.0905267420623983
48,61,1.166231633829219
491,15,1.114080739872796
91,61,1.1113870441913605
376,8,1.0947708114981651
230,8,1.138251849583217
574,30,1.1232575768870967
10,62,1.1188198102609022
127,49,1.108713615153517
352,14,1.1129149038876807
193,14,1.1039239130914211
186,49,1.0952018829328674
225,5,1.0893190492476736
155,27,1.0937811040785164
42,62,1.134632010012865
384,6,1.079274841052081
550,30,1.180649605180536
398,33,1.1571621072611638
581,62,1.131457737513951
98,43,1.1304894861366068
164,8,1.0889469997159071
278,62,1.103769109451345
484,14,1.1329489648342133
73,50,1.1395900771021843
396,30,1.1214049852320127
191,14,1.1451395031596934
300,61,1.1524731874732035
52,15,1.098294849773603
188,6,1.1113590145749705
515,8,1.1632387087281262
123,14,1.1127078362873621
295,33,1.1483010559209756
287,2,1.1274922798786844
489,14,1.0769496629280704
219,2,1.130028450329389
97,61,1.1295074647059664
244,14,1.0815168007809137
48,44,1.1721652522683144
66,62,1.121415298698204
81,8,1.0998464963798011
298,18,1.142077730170318
58,50,1.0876308200614793
439,14,1.0766053920877832
5,15,1.1141573044338398
569,2,1.106678414025477
280,8,1.1345599828554052
461,62,1.1263474167457648
576,62,1.168020201580865
61,45,1.143362176737615
413,44,1.1703675788428103
534,50,1.0815138550741332
147,62,1.1395608585860049
37,18,1.0767397928450788
409,61,1.1029045624392373
556,49,1.124918207526207
12,14,1.1270227144871439
383,10,1.1354200227984361
467,55,1.144310191007597
146,8,1.0940903712596213
520,51,1.138622512774808
550,50,1.177503200580499
213,14,1.1272171969924654
556,62,1.114929208798068
395,27,1.1790117206318038
26,59,1.1138901657291822
127,14,1.0958125780868744
550,49,1.175201844939563
566,14,1.0856099110096693
581,15,1.1231124161609582
50,2,1.0682369491883688
400,30,1.1175741704979114
263,62,1.1100518984520542
320,49,1.1518286527799708
158,49,1.1112848638689943
304,50,1.1051220676163211
559,8,1.1022491274135453
320,64,1.2187468515975135
299,6,1.1225888377853803
122,13,1.1657986705457526
149,15,1.09169980504417
186,62,1.0925581763897623
413,10,1.1664297224155493
171,14,1.092255596603666
484,43,1.1335566506854124
444,14,1.125548082370577
474,6,1.1014060755925519
135,14,1.1359131829813123
283,15,1.1220905142171043
127,52,1.0881909694788712
157,43,1.0985370367499334
456,44,1.1375624276697636
356,18,1.0990978857236249
262,15,1.1428185211760657
547,8,1.1112813502550125
139,43,1.1596611166106803
393,27,1.1447682274239404
204,14,1.1558950415679388
135,6,1.1329168496387345
105,4,1.2719434946775436
476,62,1.1106050570628472
291,2,1.112351161560842
498,18,1.1383853709724332
292,62,1.139491029615913
422,14,1.1169522383383341
471,8,1.1496805071697704
129,43,1.0980561117508583
194,62,1.1651070703353201
174,56,1.1988695998276984
390,14,1.1287672128528357
300,45,1.1604060557271754
46,9,1.159524374574955
11,62,1.1122808365949564
571,15,1.0616950286286218
1,14,1.1560281052121095
231,43,1.1314448123531682
42,2,1.1186008847185545
539,52,1.0907500402203627
451,61,1.1144155114889145
319,6,1.1426543625337737
539,49,1.1007597180349487
441,50,1.1224515132739075
140,62,1.082864657576595
42,14,1.132130014177944
28,14,1.1396935300768487
80,56,1.1653313898880566
472,30,1.0857812174196755
457,55,1.2064165365216988
19,8,1.0836645716003008
137,33,1.186084927192756
501,62,1.1379456416304623
575,45,1.112800764718226
498,14,1.1301189921796322
385,8,1.1109023892453738
368,18,1.1673195302220327
578,14,1.1251062620431185
161,14,1.1081453560452377
492,14,1.1410436135317599
341,9,1.1907789637999875
459,14,1.1352192196728927
502,22,1.248939951615674
519,14,1.072682146648211
528,30,1.1693231801369361
310,14,1.106729092342513
252,14,1.129263460636139
232,14,1.1604435534349509
44,50,1.1249280704983644
375,8,1.1408873123249836
447,14,1.1325158391680037
48,8,1.1550680662372284
485,14,1.1745520952556814
275,52,1.1191694768411773
392,49,1.1300283960465873
101,0,1.1405929869839124
76,50,1.1164274194410868
48,18,1.171363970630669
149,8,1.0876211681004082
94,52,1.1047254563974482
355,5,1.0319591569049018
221,50,1.1239929549129946
211,55,1.0881795127476965
289,14,1.1387691795160728
354,50,1.1264151430555753
389,14,1.1040946508479206
416,33,1.0250069270176547
55,14,1.1921165479081017
202,30,1.1563867154930318
254,14,1.1581040133855172
48,10,1.1896905742053474
70,43,1.1107470342623336
166,61,1.1146416823778833
475,14,1.1461769571261746
557,45,1.1438789311796427
369,2,1.1181079245039396
541,15,1.0688127272629313
250,14,1.0651554738038354
109,2,1.1610842567668962
229,15,1.1022598360266005
534,64,1.1453986870391029
407,6,1.1289803635861193
49,64,1.1995752634746688
189,14,1.1187700653515225
522,30,1.0984854038272585
334,14,1.1304810890661818
90,6,1.0525892257158245
126,61,1.137290003576449
362,52,1.0533675540770804
46,8,1.1367251053452492
398,15,1.1169669436556953
201,14,1.0900059725557054
83,62,1.0687855572572775
466,45,1.143459900016231
559,49,1.1256012453564577
38,14,1.116431680507958
53,43,1.105503436044923
155,62,1.1109662638711078
300,8,1.1427812299558096
191,52,1.1436469333379395
525,14,1.1384373332506843
552,50,1.1612275359886033
194,61,1.1515260232346398
400,6,1.105050309694239
120,14,1.134572773639645
578,30,1.1278770976766412
281,50,1.1360377396091021
178,50,1.1202237052576882
353,14,1.1316449541066373
203,49,1.1527140183108193
428,27,1.1167658708457435
447,45,1.152166374027729
298,43,1.1310379483870097
505,31,1.0162922394062792
76,43,1.1086836441286974
546,14,1.1005551777780056
353,62,1.1304216589778662
506,62,1.132533157776509
273,27,1.126414721565587
349,43,1.1222540874566351
57,6,1.1269620646323477
560,43,1.106277150700667
218,62,1.123552093415388
427,62,1.1238378477948052
42,43,1.131607165294034
362,44,1.046788517119629
72,43,1.0843642916796463
147,6,1.1337892306702477
162,14,1.0627341133409314
64,6,1.0729622904743468
248,62,1.1314446457794733
482,45,1.1203748045372777
60,14,1.114847076258489
418,8,1.1089653678770577
420,14,1.1475617093632795
257,10,1.2142617466992565
102,9,1.1412332998089758
46,49,1.1581907976817871
476,14,1.1008459894697549
223,14,1.0875020838741745
64,52,1.0645091501729829
419,14,1.0882516264516329
186,43,1.0897783328379904
391,14,1.106586013521467
126,14,1.1280583547694343
382,43,1.083163935158934
371,59,1.1974061320402793
410,14,1.1403910912288535
195,49,1.1074067503213882
273,6,1.1202962463056403
312,6,1.1282815476214247
419,30,1.1021700678393245
298,61,1.1302819305232592
555,51,1.1224262874041284
400,49,1.1205365239709084
357,62,1.1763181824769293
357,6,1.1631745799843753
503,15,1.1146206956888949
522,62,1.097278576876436
458,43,1.123906595632434
510,43,1.0917426496744156
68,22,1.1048886048670934
58,43,1.0728466550021298
583,45,1.125139715416091
542,6,1.0589154760486312
203,64,1.2053895499557257
245,50,1.1123554497649562
495,10,1.1905140113085508
79,6,1.104384616549526
286,49,1.1286461842911584
176,14,1.1196792657886232
228,48,1.1187801769535457
51,45,1.1587893654193198
393,14,1.1322495040616818
538,27,1.1843536639852184
218,49,1.128269185046
505,6,1.0656738584595067
576,14,1.163876576083047
470,52,1.1379903862252831
137,50,1.1627694826040949
570,14,1.142559941325869
529,30,1.1505854885493005
196,62,1.1362780086430055
89,61,1.0588213444820471
123,62,1.122823101069246
52,14,1.0998273702072245
422,27,1.1320588727082526
234,62,1.103487138237272
174,2,1.1192540086007543
62,30,1.1913730704358645
54,62,1.1410722595506482
390,6,1.1282180457242899
423,14,1.1212665726031577
91,27,1.13175329087036
484,44,1.1003871786275081
198,14,1.0493633451738529
556,25,1.0988652035593987
32,14,1.106070720457605
401,49,1.1363558638508298
231,62,1.1348241455852985
480,45,1.1250059769621916
441,43,1.1108333016080516
423,57,1.124134625707354
80,6,1.0975975740834005
238,52,1.114114210142621
94,62,1.1148990107966321
539,6,1.0881103005792414
25,14,1.1028440257926246
357,10,1.168191603251866
262,14,1.141845187438386
323,45,1.0594066360167094
509,61,1.092056781885081
43,62,1.1266963117356812
508,57,1.213298459271235
401,15,1.1306972382590175
219,62,1.1434526784079415
286,22,1.1497936445687498
301,14,1.0858761295676231
427,14,1.120529054264937
216,43,1.109848070357527
540,64,1.1849761690412248
519,30,1.0820421165387546
262,2,1.1282811420304435
448,14,1.0835335534065962
578,49,1.1285642609000206
359,33,1.179240366260014
462,14,1.1317103071404355
540,8,1.107720619599734
581,14,1.1233514446233
47,50,1.1299385444394179
276,2,1.1284789637263333
403,14,1.0897067742688316
557,14,1.1246993043459952
258,45,1.1668121250612395
46,55,1.1562571333987373
380,6,1.088960258822356
451,50,1.1170433736406267
18,14,1.0988457894751005
385,2,1.1040069865328925
287,62,1.136899973664965
550,6,1.1620528463806425
226,43,1.1113458148070745
390,8,1.1266692498964923
397,6,1.126533430069685
506,49,1.1372222639620304
534,8,1.0630404906613486
588,50,1.116854832374624
576,43,1.1637669008757388
348,14,1.090700431593827
283,2,1.0990480865750993
448,43,1.081148061901331
560,6,1.1022708123283727
390,52,1.1252363603562117
71,61,1.0881944874168508
127,43,1.1016628488765232
208,61,1.1013513505458832
341,8,1.0847445534808295
203,6,1.1449907076145922
317,62,1.08536772602903
86,6,1.0855266958741205
81,2,1.0998163940634444
520,43,1.0556501538625784
491,45,1.1258550049471003
277,49,1.1527057875479971
365,14,1.1122722362301178
447,6,1.1352213184748376
521,10,1.094938286114484
551,43,1.1063793378749065
476,49,1.1132925480071987
275,47,1.1499988751352899
541,14,1.0695613195587481
278,49,1.109714761442904
65,14,1.1152986252148236
291,50,1.1244119019912822
367,43,1.1031710222949707
185,62,1.0992721476192986
422,61,1.1161391852157456
287,14,1.1326921731233597
367,33,1.110541621156569
430,14,1.1269860260986857
504,14,1.0992131752095051
40,51,1.218084953725338
357,30,1.1695211396685667
221,45,1.1266856931283005
45,27,1.1479445940681867
154,59,1.2202858052083425
122,2,1.1282699571124144
567,62,1.1422510344002927
196,45,1.137133877899032
286,14,1.122515237956707
526,14,1.125209342688322
44,8,1.1136294648583447
72,62,1.0865344791007894
378,43,1.146903381283794
279,62,1.1048416191978114
363,62,1.130884104659864
68,49,1.0922988715382027
366,64,1.1185960381158762
478,49,1.1408272898822491
285,14,1.0654599337971635
508,60,1.2612328241978372
538,59,1.2322293243237905
424,52,1.0816039200872183
294,62,1.1081603353710048
472,14,1.0865646465016263
332,62,1.0883255012865578
88,45,1.117007618503911
80,50,1.1159190500953369
87,27,1.121083942907197
73,27,1.1596137712310468
156,43,1.1352781057357788
552,14,1.1496259825570243
508,31,1.260164343885013
215,43,1.1102911374930824
520,52,1.054869148348059
519,64,1.140166205487081
337,14,1.1190761744177766
265,62,1.0674109502828546
514,27,1.1672657148114272
88,49,1.1105331717325109
80,60,1.1714111311095101
498,52,1.1216542571783066
502,64,1.2457205359158772
400,52,1.1003220488450356
91,62,1.1192836198024452
540,25,1.1953740833061082
273,14,1.1221080699137278
536,14,1.134005238169006
89,2,1.0500902363232203
91,8,1.103211060099836
214,9,1.0434202274440654
242,61,1.1073715016245842
300,27,1.1772200422627586
497,27,1.1635485951389586
561,49,1.0845144525436419
296,14,1.1662281570690018
273,61,1.1231816382746078
33,49,1.1935867661876338
460,43,1.0996346612061774
272,45,1.1359199759151255
590,45,1.1570006419039731
40,0,1.162880856011595
122,14,1.1350513716461137
441,62,1.1140192949346133
232,49,1.1713333475802625
306,10,1.1713164278439112
171,62,1.095983948558569
564,43,1.0988958834870053
367,6,1.096857266101454
321,61,1.0761881523067132
243,57,1.2192203075225865
264,8,1.1222932157771928
537,14,1.1388455836900644
114,62,1.1215655702565397
178,14,1.1137811616063118
501,52,1.123094525720392
561,45,1.088603482407052
264,59,1.1670717405421394
514,61,1.1413225082880152
564,63,1.0510048081300087
575,62,1.1083372269890137
400,14,1.102968503454966
146,14,1.0986052940466575
560,62,1.1078269162348338
428,59,1.1429419762321882
284,14,1.117353540313031
521,43,1.0896717925955142
66,50,1.1310497647417443
411,52,1.1186455397234698
132,45,1.1247017974300044
80,49,1.1124264879950456
246,6,1.1317821937929173
561,50,1.0883123957152878
413,14,1.1394281653421265
488,14,1.0966898083154644
298,45,1.1474568013634001
514,14,1.1470598690211773
65,62,1.1204227338145887
59,64,1.2464857513883285
223,52,1.0843376728839107
514,43,1.1495958758252007
423,50,1.1307229703026158
460,14,1.0970442376232572
48,45,1.1848167566848653
526,64,1.16042319844876
146,50,1.1135499881846564
264,6,1.1285567267664842
355,8,1.0752952942358596
379,8,1.0847588091024332
35,43,1.1095173369560922
107,52,1.1307509993868214
398,14,1.11625418625772
142,62,1.104884432894843
146,30,1.1200997792184353
192,59,1.0969345207725252
457,59,1.2271008187505816
306,45,1.1566372465874468
378,8,1.133252268390996
561,61,1.0724419413932733
15,10,1.122453604957887
22,61,1.0741185120173864
380,50,1.1044451141996043
466,61,1.1273044111606265
340,43,1.1351976336113043
145,30,1.1778760342193502
362,14,1.0620699322649412
81,62,1.1142959796956606
327,24,1.1019701867231302
300,10,1.1790906808206014
19,14,1.103865881184382
94,14,1.1110935118049383
258,14,1.1522601281425782
19,49,1.1121468847351414
313,18,1.0730583482821072
291,51,1.183228324899184
464,43,1.1532433272472449
563,14,1.0650796187110245
251,30,1.077745028904506
287,55,1.166478258956756
517,45,1.1260257827650224
499,43,1.1453149638005666
280,4,1.1959447615912981
519,2,1.0707592336194856
504,6,1.0980928600100535
68,45,1.0939154083441411
96,6,1.0546816648649318
88,14,1.1038806262825216
588,14,1.108834088779986
389,30,1.1081407237797976
384,52,1.0789017214306764
482,14,1.1107989075992788
321,62,1.0942274938902952
187,45,1.0974927177386624
174,61,1.1246968667422022
404,59,1.241020499529051
402,14,1.0973545948841743
109,44,1.1520529123289245
62,27,1.199947965996606
357,45,1.1815655689154352
157,14,1.1006062355424677
302,30,1.0594725426552551
447,27,1.1730941530050976
478,52,1.1152419405324119
384,61,1.072469077472176
16,60,1.1611058049436127
212,43,1.1432015342371804
366,43,1.117563677153417
218,30,1.1193317310618502
78,45,1.1107971702835389
357,43,1.1699261524315392
331,14,1.112279586493969
13,15,1.1025304671909129
43,61,1.1068990576480116
466,27,1.1362293192318507
333,14,1.107933432395969
357,2,1.1502149838155933
97,62,1.1345984664346491
91,2,1.1082185828792197
257,47,1.2756568331803595
517,43,1.1172275327345622
295,61,1.1325707146232682
287,6,1.12802053509014
533,6,1.07123880540686
505,52,1.0621426552534103
488,62,1.1004255046801907
522,14,1.0925901588052511
566,62,1.0923188892858369
428,49,1.1069830060005188
376,55,1.1503573445869344
232,30,1.1725943253508635
395,45,1.1569561117461749
381,8,1.10165098442563
498,45,1.1380569034122996
340,62,1.1384223478713207
227,51,1.2016476021547402
579,8,1.141135897487402
58,49,1.0850318899112088
219,8,1.1267254573426075
315,55,1.0806610126580511
241,57,1.2231281186853136
527,14,1.1084914050464119
177,45,1.1483072393706866
571,37,1.0570517278143339
284,43,1.1168999232883965
392,14,1.1168728933802672
408,43,1.084041293178286
526,30,1.1303267627954483
14,61,1.0811422414013319
503,61,1.1043227298983507
36,62,1.0706529431045055
359,18,1.1730649112058538
521,6,1.0877145047166519
177,30,1.1378612120336453
152,59,1.1203611938815032
493,52,1.1376077745641981
162,55,1.06826629396528
546,0,1.1259845091761755
540,27,1.1400208768567868
80,12,1.1693434044718742
124,14,1.1039410987203675
391,2,1.0889006304953779
72,14,1.0840325213170476
109,8,1.1614628777440106
286,45,1.132409671055419
428,6,1.0947737363832337
252,55,1.1500681516315256
405,62,1.144748484449727
180,14,1.1323480077220924
94,43,1.1108170705182212
498,8,1.120289717401777
131,62,1.1027729803962367
116,30,1.1536487117409706
261,43,1.0948029453200954
380,43,1.0950862392783165
418,61,1.1089948399790697
295,30,1.1371135456221444
398,27,1.1535626979810851
97,50,1.1437784827181272
426,57,1.1628320557730538
210,8,1.0673218720725604
78,30,1.1004406612898623
336,14,1.0850735449805922
84,14,1.0898063736302512
24,45,1.0920661542830723
495,61,1.168819733995146
359,2,1.1401069121701377
213,6,1.1238164193928242
6,14,1.0986032485961914
299,52,1.117348818906716
508,44,1.1805597926889146
556,6,1.1110050529241562
69,62,1.143258644534009
194,64,1.1727311685681343
561,43,1.0756582899152167
422,52,1.1123172949467386
553,8,1.125993293909622
381,43,1.122148545725005
365,45,1.1254568182464157
206,14,1.0877402206616742
543,50,1.1059652944760663
380,14,1.0950589611061983
20,15,1.096537850264992
361,8,1.0967060995421238
142,43,1.1004600035292762
320,8,1.1397770698115761
369,14,1.1261601724794932
405,27,1.149915844734226
16,61,1.1302039635234646
200,50,1.1435758679040842
23,33,1.175407917371818
329,14,1.1427078433334827
59,0,1.2037331350147724
547,10,1.146043287590146
591,50,1.0527972728679222
125,50,1.1101660821586847
219,43,1.1437264244471277
565,52,1.1061444644417082
392,62,1.119538197826062
429,14,1.104402941252504
48,2,1.1587517906778626
410,8,1.1394545136551772
376,6,1.0998146470103944
388,6,1.0989949320043837
553,54,1.1048266618911708
85,52,1.1239497350262744
233,14,1.1311248886798109
484,61,1.11468625494412
419,33,1.1139990431921822
116,49,1.1395091946635927
375,64,1.2259862406977586
291,44,1.1300445896174227
546,10,1.1298854963055678
126,59,1.2146976803030287
255,61,1.0954054067177432
419,50,1.1022205782522048
147,10,1.1556301486811467
74,52,1.1028871723849858
396,29,1.1479468837912594
145,57,1.222967860421964
517,2,1.0994948728808336
570,62,1.146999028112207
276,10,1.1486498324998788
465,16,1.2398669198155403
409,0,1.0481630056165159
497,61,1.1423887961011912
192,14,1.1162370539137296
191,50,1.1588974940989698
561,8,1.0644561954374825
153,30,1.1279831720790494
152,8,1.101842027024499
434,19,1.0479822145508868
521,15,1.0948238693443793
128,33,1.1181946599057742
309,14,1.1119926641029971
191,45,1.1654284058937006
303,0,1.210620085841843
503,62,1.1243274321646564
396,11,1.148327658618135
216,14,1.1104507536760397
183,43,1.0792821741529874
159,43,1.113206765481404
140,18,1.105294693394431
391,52,1.094323462673596
448,45,1.093446459621191
115,52,1.0979035629757814
530,44,1.0937168172427587
482,8,1.0928235939105175
13,8,1.0883582292922906
228,49,1.112178064350571
221,27,1.128440429323486
514,52,1.135688062524423
101,3,1.1937847003074629
561,52,1.0677428982619728
450,14,1.0865089959864105
228,29,1.1185071090502399
122,49,1.1436913471136774
32,61,1.0947099487696375
471,14,1.157851805910468
413,45,1.155517758003303
152,14,1.1136602322970117
414,44,1.0847791750649256
329,27,1.181050758276667
528,33,1.192694119842989
7,62,1.0896404518612794
341,6,1.0847662751163756
231,30,1.1314447085772241
296,61,1.1566278050387544
514,6,1.1412130289578013
3,61,1.098654277888792
320,10,1.1665435009635985
80,25,1.1666421053398932
184,43,1.094222687850041
392,43,1.1188296409589904
474,52,1.09766944657479
194,6,1.1577092882777964
498,64,1.1640373038660203
292,43,1.1350478120148182
500,54,1.0709040244775159
461,14,1.11960704518216
451,30,1.12948552146554
235,62,1.1468715127557516
195,33,1.1093254972781454
313,6,1.0991080264960016
28,8,1.1374598488743817
518,47,1.0943649922098433
234,14,1.097722552716732
53,14,1.1027968247154993
407,49,1.1388574718896831
367,18,1.087468280057822
475,49,1.163715845240014
221,14,1.1131163512223534
542,43,1.0629943234047718
197,30,1.0800524375268392
152,44,1.0797714506542044
126,4,1.2414091836128915
203,14,1.144405544336353
517,52,1.1068341947559799
96,14,1.058378063408392
378,14,1.1429323689746005
294,52,1.0934828924281257
508,18,1.1858081157718385
21,14,1.0824626188592188
588,62,1.1120666552867209
298,49,1.1433497901473726
475,50,1.1672230953616756
252,30,1.137430080611791
13,62,1.1024759116449527
497,45,1.1507159301212855
329,16,1.2634768464735575
571,23,1.0626446484987224
451,27,1.1402396708726883
401,52,1.1213861650654249
238,61,1.1206149219402246
396,1,1.1443903031093734
294,30,1.1139303028051342
468,50,1.1101222815258163
401,14,1.1309174532070756
74,61,1.1094052911336933
16,52,1.1192901762468475
464,6,1.1478033709738935
343,8,1.081127576796072
434,43,1.0981924628306712
87,29,1.1251845150919897
165,62,1.1238213234714098
24,49,1.0909429140072981
312,14,1.1287189022238766
555,62,1.1492980974061149
367,61,1.0938982806567634
431,30,1.178378406379904
224,45,1.1598572986466544
563,50,1.0738393592515163
44,15,1.11488421314529
109,6,1.1726418633812241
194,45,1.1695242268698556
559,43,1.1224989789937223
467,2,1.1143251173198223
400,8,1.0982094955231463
467,14,1.117267350799271
48,55,1.205176554620266
89,43,1.0771398445857423
158,62,1.1049188960875784
212,62,1.147157562630517
25,50,1.1088681960744518
590,14,1.1393937205097504
425,15,1.1014571700777327
486,45,1.1005963257380895
591,43,1.0442951945255377
80,27,1.119657783636025
405,49,1.1509255298546381
264,49,1.1399150735565595
19,27,1.1005942039191723
573,45,1.152920598430293
472,45,1.096118847440396
564,8,1.0856387381042754
224,33,1.1661915156458105
434,33,1.0981169863371179
496,6,1.0890417636505194
127,8,1.0880353062945818
238,2,1.118190725999219
405,11,1.1723821088671684
296,2,1.1467325136597668
51,50,1.158937259976353
553,10,1.1347535170082534
218,43,1.119582240868892
332,14,1.080674638439502
408,49,1.0888785443135671
319,14,1.142236574153815
391,30,1.1059646931077753
251,62,1.093292772769928
194,14,1.1647085914654391
87,58,1.1226162774754422
380,45,1.1072537686143602
570,43,1.1431567301707608
574,59,1.1935933153810245
87,49,1.1299615926109254
59,18,1.1884949382926737
563,62,1.0672839456570469
544,49,1.129878037151814
343,50,1.1006654200277157
291,45,1.125065301145826
497,8,1.133333576044866
422,50,1.1288625470229559
19,43,1.106615386903286
247,14,1.0921774511890752
460,6,1.0942929860736643
136,33,1.1715931370854378
136,2,1.1363264375499316
101,49,1.1087968807135309
419,62,1.0908478519081004
202,27,1.1742101003016745
5,52,1.1056339466678244
419,45,1.1016493616625667
136,8,1.137382559478283
41,62,1.1031136069712895
414,8,1.1021812111139297
381,14,1.1155902573040553
213,43,1.1256875709763594
217,14,1.0839980557294828
388,14,1.1022977349348366
541,57,1.0315535463658827
439,62,1.0815770587484752
120,62,1.1398708650044032
112,44,1.163713174472962
184,62,1.0972514721964086
414,43,1.1200623432440417
25,49,1.1079184716301305
579,45,1.1635759355766433
158,45,1.1134329048384513
204,30,1.1725296920963697
146,6,1.0923965336488826
414,14,1.1136854104697704
515,3,1.1791383445795094
414,33,1.1215004551091365
197,43,1.0860017899956023
555,14,1.1414500480251653
348,62,1.095236605831555
123,61,1.1132557597011328
228,27,1.1069527283044798
414,6,1.1077343498223595
378,61,1.139069982804358
67,14,1.1139145134282964
28,2,1.1403211454993911
226,2,1.0878356168312686
87,15,1.1198533823979753
136,44,1.136818772980145
554,43,1.122168646859271
537,49,1.1575199496001005
5,14,1.1157438310661487
401,8,1.1213152544306857
136,43,1.1533241857375418
473,57,1.2263167660151209
457,33,1.1850793489388056
205,15,1.093850849728499
44,6,1.1124782213675124
203,51,1.203646786244852
205,64,1.1129543693470103
234,61,1.084291370851653
55,6,1.1904225163161755
136,18,1.1537640861102514
159,62,1.115243880876473
189,8,1.111957369771387
205,14,1.0962578577122517
20,62,1.102663019405944
461,43,1.1238112870071615
213,62,1.1292385368474893
335,62,1.083274036113705
408,45,1.0936775910002845
525,49,1.1380989950682436
503,6,1.108187566378287
405,29,1.1718577830387014
136,30,1.1578259744814463
481,59,1.124542226748807
45,62,1.1319823831851994
319,10,1.1695830358990602
355,14,1.0839053871376174
479,33,1.0918630467328643
87,11,1.1249052247481555
14,50,1.1062050121171134
561,64,1.1187147226716792
221,8,1.1088103823629873
451,52,1.1056291963905096
34,44,1.1926882000906127
539,47,1.1776903261031424
58,52,1.0703904716564077
531,30,1.0950014340092562
488,27,1.0804584845900536
76,6,1.1066211003677122
306,59,1.2166557424103044
115,14,1.1019103315110053
175,50,1.1613315961190633
228,11,1.1199060109044825
258,10,1.1636566117938076
23,60,1.2502654093716825
491,6,1.1153675461454051
258,50,1.1729073018899985
433,62,1.1011379385100943
108,54,1.0927852458719696
326,14,1.0995237046320523
506,14,1.1235240237521273
19,61,1.0914582954719663
544,43,1.1267190660749162
399,59,1.1931059892688478
140,14,1.0909105371018606
20,49,1.1122499946837447
491,10,1.1266992773328508
485,27,1.1937109301132816
392,10,1.1312460673174687
126,0,1.17591666563281
477,47,1.2541573329695634
460,50,1.1075905597369586
526,61,1.1190073559326785
515,10,1.1910204623958893
105,57,1.2177843007126026
485,2,1.1717931489859308
577,61,1.1118345018476248
140,15,1.0900878660114748
464,62,1.157050681034369
470,43,1.1369889439748866
579,30,1.1657321055286698
56,62,1.0924094808953149
22,14,1.0869377101106303
361,44,1.084254034927913
136,6,1.1476937468562807
167,14,1.099741307752473
362,57,1.0585016621542829
104,64,1.2414001668138164
174,45,1.131484957145793
227,5,1.2060248061482395
378,52,1.1365679475877966
47,14,1.1240192744880915
257,27,1.214928973466158
418,14,1.123916983338339
555,52,1.1290420102221626
478,6,1.1202832534909248
202,59,1.2238825076991426
414,49,1.1276281663615788
226,14,1.107272492987769
399,44,1.1458946942750896
554,62,1.1270394152296441
275,30,1.1343701684381813
238,49,1.132655824667641
357,14,1.1706243029662542
410,6,1.1372745098280055
395,10,1.173047203304512
368,33,1.1712532276287675
152,30,1.1135336373533522
331,52,1.1011502100154757
47,43,1.1251580949340547
49,52,1.1236031789864813
481,61,1.117298939930541
530,52,1.080274720277105
519,50,1.092101004739691
539,10,1.1158146751778466
109,30,1.1754816659293803
35,14,1.1077037081122398
186,15,1.0854972579649516
518,50,1.0971602478197642
531,55,1.1086433327623777
443,43,1.0995597927165883
419,49,1.09859198837408
488,8,1.0887277493519443
589,62,1.1206333945904459
136,15,1.1518661411745208
74,30,1.1228102969803981
380,61,1.0857155724827732
519,8,1.0713721810440933
22,15,1.084490581814732
376,18,1.1260148185704435
178,27,1.102885706084115
174,0,1.148335582443646
419,2,1.0895425355327981
57,62,1.1380288345473153
426,8,1.127706733665296
591,2,1.0273165840189904
328,15,1.133808187608208
388,49,1.1110672924135412
546,15,1.102860369852611
90,15,1.0606750493337
464,2,1.1292196629302842
526,15,1.126172840063061
104,18,1.1925348727963865
102,45,1.1187125726469926
68,61,1.0830211752493466
449,27,1.0695580230759723
226,50,1.121668883732387
254,61,1.1621938909270935
487,62,1.1273024795310838
581,49,1.136759851127863
88,57,1.1225196940026112
74,15,1.1093273176146405
319,15,1.1427514169897353
328,14,1.1389989578830344
19,6,1.0938842783549003
127,62,1.1055319772234984
464,15,1.1539828983035736
23,18,1.17189978488854
73,44,1.1625902026758663
76,15,1.1124641146244747
157,6,1.0982325169856526
74,2,1.1042987086943217
272,8,1.114263229072094
188,15,1.1191720206822668
33,15,1.1852888417031084
291,52,1.1092639049249036
221,15,1.113937420770526
527,52,1.0987139789254539
560,8,1.093165666663221
102,15,1.1050279012748174
376,50,1.1168751104601793
99,43,1.0997172284488832
563,15,1.0660425613501243
82,62,1.1837922085209616
540,10,1.1395056561699934
243,60,1.2708880731037684
221,10,1.1321798943515335
472,49,1.093507120585335
581,43,1.1262199410370417
61,59,1.217673009128443
99,45,1.1090107774361968
392,15,1.118437776075942
195,0,1.1079533052231585
127,27,1.0947277207991906
579,15,1.1466433193002428
65,43,1.1173969638933028
109,27,1.1755398747378163
579,49,1.1540969157857555
291,64,1.1851893067359924
248,15,1.1271114179066248
362,15,1.0634025295398064
543,45,1.1064556033483572
441,2,1.0993064265099488
183,52,1.0698479562997818
48,43,1.1732848496841533
328,10,1.1330825739673205
393,61,1.1305192237985986
546,27,1.125733979312437
115,44,1.0849864625238947
286,15,1.1231361737009138
548,15,1.136149784816163
344,43,1.122339982007231
174,9,1.2002039439976215
216,15,1.1130983318601335
394,15,1.0715916364320688
316,62,1.133372355357486
362,27,1.0663883028818029
65,10,1.1165097576033856
14,52,1.084086044558457
306,8,1.1391868639205183
484,8,1.108592193041529
250,52,1.057425454525011
530,9,1.1461145590458597
234,15,1.096674922321524
338,50,1.105173864534923
326,15,1.0985851417561727
187,15,1.0890427455306053
258,61,1.1469745033952807
492,15,1.1389223640518529
162,15,1.0652391979736942
549,44,1.0701814195407289
14,18,1.054083582812122
174,52,1.1148125263197082
520,45,1.0725064942879337
204,45,1.1746099623186248
372,14,1.1090281174651213
331,62,1.1194863409868308
236,8,1.0928294014717852
400,55,1.1465638907892364
427,43,1.1212872391832727
465,18,1.1643461638263293
231,15,1.1337834538093634
180,45,1.1456671876034565
87,62,1.1262014542174126
443,15,1.0976489963276046
254,44,1.1928187676572375
485,8,1.170662954981838
68,2,1.0790500550397806
