Carrier,ShipmentOrigin,dist
112,18,1.0352455856544631
472,18,1.004090089883123
133,18,1.0497036432581288
109,18,1.1180850118398666
106,18,1.0091800120260035
184,18,1.0163003131747246
164,18,1.0182527021637984
385,18,1.009931594133377
96,18,1.014697901904583
523,18,0.9994988273829222
608,18,1.0218638977301973
41,18,1.0941460318863392
340,18,1.0165161511727743
459,18,0.9963934747502208
95,18,0.9871032019811017
369,18,1.017507451054241
92,18,0.9902585084949221
250,18,1.0064962400522615
333,18,1.060040071739682
551,18,1.1491057755691665
382,18,1.022243696664061
238,18,1.0016008280217648
21,18,0.9829638781292098
248,18,1.0140561126172543
377,18,1.035161901731044
346,18,1.0118397000644888
273,18,1.0998034971666388
556,18,1.0216619452195508
327,18,1.0647238176316023
580,18,1.054997326007911
254,18,1.016844894204821
318,18,0.9774891255157334
321,18,1.1115929947367735
152,18,0.9890184764351163
57,18,0.9878790532904012
221,18,1.091379939827935
465,18,1.0482226615328858
32,110,1.0376938741121973
36,18,1.0445140552307879
32,18,1.0082116307956832
101,14,1.1261502376624517
136,18,1.162033566406795
546,18,1.021363879953112
502,18,1.0076933206458176
291,18,1.0192559276308333
56,18,0.9791057236226541
141,18,0.9843564179858991
46,18,1.061551165633968
14,18,1.238819399582488
248,12,0.9951257072389126
579,18,1.1084483055580807
319,107,1.046000870210784
175,18,1.1091113077210528
112,61,1.1423624665476382
184,62,1.0485704796654838
536,50,1.083329304786665
96,50,1.0094253298427378
142,99,1.0761308643434728
53,18,1.0009189450315066
254,110,1.0448597533894437
318,110,1.0021494343610746
319,18,1.0075934827327728
371,110,1.1192540941493851
69,43,1.052375519382102
490,18,1.0431261051978384
418,12,0.9879911270524774
93,18,1.1212539986840315
391,65,1.1931952075766665
486,59,1.1054613241659743
106,4,1.105088634349938
412,18,1.0200439348617303
459,110,1.0222785265317984
496,18,1.061062827706337
422,18,1.104023496487311
604,12,0.9831779854638236
364,18,1.095600729542119
518,18,1.014950961672834
250,62,1.033941259873765
172,18,1.0023984802620751
414,18,1.1237081129636084
248,17,1.0454720757968192
32,43,1.0171038952789135
319,110,1.0393177302820342
586,18,1.1274568026087113
205,18,0.9757672218339783
291,62,1.0470503345131874
319,60,1.1115605176559515
382,36,1.045960899176342
184,45,1.0351418490920747
3,50,1.0003456962960107
346,79,1.0832543852073806
459,43,1.004976418800652
377,62,1.0635038316249847
346,80,1.1015232125563281
316,12,1.0188788208179176
369,45,1.0355180395501
334,93,1.0940385277249984
485,50,0.9817052031201976
319,79,1.076625834618296
346,12,0.9980096513671535
95,43,0.9986756475908416
112,107,1.0762530703629767
319,83,1.0784906617232732
346,110,1.0457182366933142
184,43,1.0253927100981985
250,46,1.0108394594863057
254,43,1.0252603071608715
409,99,1.0157296412757464
36,110,1.066408885376794
53,46,1.0070039702446334
346,50,0.9979052527674607
421,107,1.0510353738708156
346,16,1.0481320447953684
164,110,1.0462655041899
608,16,1.0567770612958287
495,12,1.0359311194292136
184,110,1.05206748098135
312,50,1.043480457588365
110,99,1.079838706213715
106,65,1.1417100301810674
346,25,1.121732943292175
250,110,1.038861201277801
106,66,1.0885201431810856
369,46,1.0206976466413056
164,35,1.1494442160640443
490,60,1.1436243908745902
382,56,1.1329073647835426
409,18,0.9889515931052821
184,46,1.0225700469953674
69,99,1.0702843213719981
394,107,1.1693164400224174
341,50,1.102338289043733
164,8,1.1008471623063087
53,110,1.035465176350304
506,43,1.0913654640316963
346,1,1.0976160397487027
490,107,1.0791323015998517
597,62,1.068572009248393
346,58,1.123138900846243
21,110,1.0134787373244762
346,90,1.1511083583214454
369,52,1.1048819491905826
106,43,1.0178622804981257
238,110,1.0319087590490068
303,45,1.0661020787831927
346,107,1.0549487192183733
187,93,1.1183302934680666
346,83,1.086054038788591
604,18,0.9964475245880229
382,26,1.0919118522932487
358,18,1.1793095714279584
205,43,0.9854855558701924
96,36,1.0482867522431272
382,46,1.0252778274672372
447,18,1.0618593714732145
148,1,1.1425753807915109
112,110,1.0634503715804644
377,99,1.0647673653438687
575,66,1.1765707113913126
184,78,1.1198117565363646
291,46,1.0180620515852101
6,26,1.0975334215909243
418,18,1.0040450101452214
112,43,1.0422606611890453
319,43,1.0163625843290771
79,17,1.0273576752681817
301,18,1.0723215889717852
32,62,1.0336115104811532
382,110,1.0516745352319308
346,94,1.0518835091165133
106,36,1.032117294812841
346,40,1.0865956214921815
248,110,1.0438932212335723
382,16,1.0587268200303828
164,62,1.0436002984642982
346,17,1.0531183106026478
547,18,1.0663323357169117
600,18,1.0341284929641656
106,50,0.9984722478714373
248,71,1.110900805996997
346,98,1.1136744458760535
248,43,1.0219890408750092
459,101,1.042410361979689
32,99,1.0380395155932223
472,43,1.0140515674969979
248,82,1.1090178878179617
21,99,1.0129021826599325
42,50,1.0509770222540413
248,16,1.0447962539536613
340,101,1.0608486416084426
319,16,1.0398894255714757
29,1,1.1222353942825325
385,62,1.0346957200339861
346,7,1.1709798283076711
238,43,1.0097729893667358
334,110,1.0535523741106902
382,62,1.0478758269122668
471,66,1.1132783506597792
452,79,1.170309488262449
77,18,1.0395059143858296
346,99,1.0426295415631361
29,12,1.0511601917179567
382,43,1.0321816956358296
56,45,0.9986432758825166
471,30,1.1645651290725385
365,52,1.1419142301061325
369,43,1.0260513234617454
133,26,1.1065272968262434
106,79,1.0741124115884304
199,36,1.045144114111151
164,46,1.0200566819735937
346,49,1.1834793525881
96,46,1.025604393865381
494,50,0.986508922385318
472,110,1.0331397567476546
291,110,1.0477062852254935
141,97,1.0611196841512407
422,110,1.1154251316828387
346,70,1.0795869284442492
21,43,0.9927671753934452
229,70,1.1152640687567847
511,110,1.0056084878742695
511,18,0.9816592104200806
340,62,1.043532327881881
32,46,1.0123593764645713
369,101,1.0599420400602477
377,110,1.0662826618977956
121,62,1.046482035091945
96,110,1.0506058250154768
164,16,1.0552458145788737
26,46,1.0304414999804326
319,46,1.010940641696964
567,110,1.030312028314386
53,17,1.0477592881236757
248,50,0.9978638200887612
64,62,1.1535935708587723
238,16,1.0356412796037537
530,18,1.1028939198170389
106,110,1.0364355769540583
445,43,1.0677124682281698
261,12,1.0195802016449826
410,107,1.0888663418591022
53,36,1.0220766124714697
21,46,0.9874311368912458
248,99,1.0436156056821346
248,60,1.1151419936546259
272,110,1.1105800505195345
490,12,1.0227374668632234
598,35,1.1155428939632006
490,50,1.026669951421874
184,27,1.1521666135106767
319,58,1.1178193422300475
496,43,1.0666954240628652
557,110,1.110113563016057
377,88,1.135589596416269
61,43,1.1425108590296336
598,52,1.101207245673452
164,43,1.0266293734312057
291,43,1.0275756692114686
327,43,1.0658453674986959
261,110,1.0614485836454801
559,18,1.0488574015242713
21,62,1.0075825048344476
591,26,1.0966250920402152
266,50,0.9870905450412205
35,83,1.0926098222179073
323,43,1.0549793099718434
184,34,1.0666253175586462
346,76,1.1669554045157773
346,82,1.1173070248748576
227,12,1.2003175424677985
106,45,1.0276973029332501
246,45,1.1238059146063668
238,62,1.0275583192706108
598,16,1.0462390216333526
340,110,1.0494533904961176
533,43,1.030052277658667
377,93,1.103431380919314
323,107,1.0943279516484057
266,110,1.0260129448558604
402,18,1.076442917542798
595,18,1.0262605191341467
407,18,1.1109680554696493
110,18,1.0575925569449152
261,18,1.0350171061498779
480,18,1.0489371323159762
356,18,1.0840167690600668
121,18,1.0195420214108057
597,18,1.0463484738554274
537,18,1.0673913660326175
142,18,1.0602935053009008
104,18,1.2404845144067491
515,18,1.2180581534547466
66,18,1.2419607851521246
604,43,1.0075562577694654
561,18,1.1775841465485948
335,18,1.1765160893223114
396,18,1.119007087844823
581,18,1.1650581343897752
334,99,1.0599971996354205
242,18,1.1147597645010268
604,107,1.0372853851211923
334,18,1.0341451662991727
411,18,1.0339864865278028
601,18,1.157686752400228
608,82,1.1217127498904509
291,93,1.0801968800702266
409,110,1.0190645615969385
428,18,1.0852578665528978
169,18,1.1288962813892536
513,18,1.0624574151422297
27,16,1.0202584706878821
319,70,1.0759680143424444
143,18,1.0876342953581895
50,12,1.09048065330301
459,62,1.0167592245021038
26,110,1.049798309803009
422,43,1.1065275317856245
340,99,1.0439636978719915
32,4,1.1071976354079587
472,62,1.028346176658358
248,62,1.0395434360419
377,46,1.0414740554988384
604,99,1.0259993963409215
317,103,1.1436150433229548
604,62,1.0199050647871835
184,99,1.0402235580342156
346,36,1.0361986732376474
319,12,0.9938825528536525
141,50,0.9688323651041303
346,62,1.0405258642775672
62,93,1.1055273991078138
346,31,1.130138084824596
319,82,1.1089298746415548
152,43,0.9981560595333576
523,110,1.0273720329361302
604,50,0.9867202919641775
490,16,1.072893304484231
382,83,1.0943164341151714
60,45,1.114654643195016
369,12,1.009508636513991
271,62,1.0956107918173075
481,45,1.1445826173294336
250,43,1.0161979604745284
219,99,1.184496983885765
411,110,1.0575318160865987
255,43,1.1135575430733817
106,61,1.1174053688134467
238,99,1.0291449895926885
318,43,0.9865636362561158
254,46,1.02302961640193
56,43,0.9905090180358717
321,43,1.1094575274203504
112,62,1.0627676056964057
537,34,1.0976215183202709
411,101,1.0690243262797594
106,82,1.105648994977985
224,18,1.0280576827270644
164,88,1.1174756373677934
207,50,1.0449759305587836
310,73,1.1921247424823898
164,60,1.1175916173628397
346,22,1.1629021005438906
248,107,1.0527551567980222
412,43,1.0278140708271946
590,74,1.132634217717818
261,43,1.0414466583835227
53,106,1.0594787673492516
319,62,1.0350487221564566
55,18,1.2148312223809106
323,110,1.073806261835021
600,28,1.1024197680609567
502,110,1.0256101781768459
248,79,1.0807502227170127
69,50,1.0326066260625208
553,46,1.0472204512251275
266,101,1.0407934289957796
382,60,1.1219959141952651
378,12,1.0336383803348457
251,98,1.1512137583257365
229,36,1.0979273522638582
77,50,1.02367017524583
327,36,1.0677002620484148
106,99,1.0401623684114643
334,62,1.049099384274866
369,36,1.0444501247256994
371,18,1.1071120968886785
101,18,1.0293743951104781
32,27,1.1337058661239487
394,16,1.158824654262779
297,19,1.1811348904988594
172,110,1.032458224732961
320,18,1.1541567742824554
106,62,1.0324064322880335
106,34,1.0516970725730062
80,50,1.0753686781972647
441,18,1.0556601536061083
319,45,1.0215804715241705
32,83,1.0815931397623249
128,50,1.0214660348636764
164,99,1.0455566139093466
604,110,1.0236242418842656
248,4,1.106962027028203
36,43,1.0525514616497926
112,36,1.0674338151501226
57,110,1.0184063368609972
96,101,1.0683208480477333
152,46,0.9926956264036042
340,60,1.119679257273674
141,4,1.0624043600899833
6,70,1.0851776810096843
79,30,1.1297643328351634
342,18,1.135415370975222
16,18,1.1757554741842406
137,18,1.0473544086728777
62,18,1.1014366038143635
61,18,1.1447281848107065
380,18,1.0566765854933433
509,18,1.1581856342298644
323,18,1.0486321723354715
608,62,1.0456308864855342
506,18,1.0963504781414355
369,62,1.0436699818819761
409,62,1.0149340948888235
39,18,1.0703174121943968
480,12,1.0332791720117842
96,62,1.0468186470014709
45,12,1.0021027934604458
411,62,1.0535322740407926
132,18,1.0345398608062948
385,46,1.0141625521438462
459,73,1.1092855132051878
106,60,1.1055189296603203
53,98,1.1020108860518252
319,78,1.110894611371415
523,99,1.0273071833487069
32,60,1.1063350588083267
492,110,1.1285090616771154
248,25,1.117341366463474
305,43,1.0787878398384367
32,106,1.0690573533730847
112,16,1.0670993774464088
27,71,1.0751963007662977
346,8,1.0904715002647467
112,99,1.0634540681328093
133,43,1.0589329211839609
608,13,1.1670908566032137
133,36,1.0695432206349713
448,17,1.0207891059773309
291,35,1.144539016698088
250,26,1.0795515421777964
16,99,1.182081383652985
224,99,1.0529531260420169
544,36,1.1214115768671036
205,12,0.9678959255771977
600,99,1.0642434651298183
141,79,1.0523459033242293
340,16,1.0521918742784433
480,97,1.1320477569741862
382,109,1.1657797993559922
26,18,1.0251030060462654
250,61,1.1263385103749377
36,60,1.1258543695190124
152,110,1.016537891966956
96,94,1.0675551476223128
53,99,1.0271786893052715
199,8,1.0850621778517962
69,17,1.091498841797667
346,56,1.1264389756002597
382,45,1.0426304201994623
346,45,1.0303269103169441
346,46,1.0181627571582794
505,46,1.163572529596942
164,78,1.1192947583539146
141,106,1.0273984202316828
318,62,0.997717100594725
121,99,1.0460589293922697
604,46,0.9986867148961339
580,110,1.0752876161464624
224,62,1.0451157167553902
155,43,1.080228787447725
445,110,1.0818375025742821
459,50,0.9836529527923891
413,99,1.1919417743171965
526,104,1.1317318087094463
567,43,1.005870239010879
409,43,0.9960537323994296
53,101,1.0525628764714514
208,18,1.16317475267819
490,71,1.135781995419945
485,36,1.0166593688939298
580,43,1.063972138666681
87,110,1.1884002419454711
436,43,1.180428113256182
184,94,1.0654899930315358
507,43,1.1704585089215211
133,46,1.0543387202279908
298,40,1.140379596767681
254,62,1.042335647557463
248,1,1.0897350002612387
386,18,1.0781995105956281
591,34,1.0623169232692038
266,46,1.004951881510871
47,50,1.1175578507993902
133,99,1.0810671214546477
53,50,0.9868990725704602
591,70,1.0973056948610715
270,52,1.1584102612520968
353,94,1.0431232564151287
340,52,1.1046350640910012
490,30,1.1734596154918628
96,60,1.122083889852677
365,99,1.1385958918503352
141,93,1.0394714708839143
520,45,1.1351501989577497
490,40,1.1023881871785437
514,18,1.0416584233088153
336,18,1.1679999631430422
295,18,1.1249906883708067
240,18,1.0548503837947334
253,18,1.0800370840089661
591,18,1.0342336929004108
286,52,1.2048842183181219
88,18,1.0515757334817732
290,93,1.1886713736291443
128,18,1.0419539383479528
594,18,1.212389598068382
523,62,1.0224645704563176
353,18,1.027127779887191
85,26,1.067811833428485
604,101,1.042918392590114
71,99,1.1549303318772997
36,46,1.0461934972554445
152,99,1.0212946278708321
264,50,1.0838829398687397
297,102,1.2265375096883093
319,92,1.161272400191852
248,78,1.115035441038864
459,107,1.0388709280107702
423,18,1.2220360008733613
96,43,1.023016067487853
270,107,1.1697622127830982
595,43,1.0353382932288306
116,107,1.0742623273815428
590,107,1.13811678226505
32,36,1.0323653162590094
19,45,1.1012259673859393
133,17,1.088745875550168
377,45,1.057194847613573
141,99,1.0100004571889127
238,93,1.0690217603530203
319,61,1.1222256560410773
36,62,1.0640427213428276
53,79,1.0735867898911238
164,93,1.0875257973426156
53,52,1.0891629573223847
53,73,1.1325100575174605
53,12,0.9932191037306828
70,18,1.1267091546739851
323,99,1.0691087408257383
301,36,1.0854780772434813
382,107,1.068891055881977
557,46,1.0807026411805833
566,12,1.12140493573887
56,46,0.9810033355440412
381,99,1.17454118175166
301,46,1.0732030038322722
164,45,1.039160665656839
114,12,1.1167221774480172
131,107,1.0981606711700027
134,62,1.0555784734232085
229,50,1.076364491068359
260,106,1.1063877769878931
315,66,1.183074533141085
164,85,1.1724949755838938
164,50,1.0103126088423389
101,106,1.0810195349955134
319,50,0.994262943310397
184,107,1.0689545651631696
291,99,1.0435719714566534
106,94,1.0514684372714587
388,50,1.1545701289017285
319,27,1.135527715086937
300,52,1.19025986588427
346,97,1.105848207803709
608,94,1.0594175613618322
485,70,1.0520698141439684
6,106,1.0876230776443012
459,99,1.0249478553222227
601,99,1.159854310963835
69,36,1.0662082432370101
238,35,1.1284444411950452
608,110,1.049176603588941
490,43,1.0516110467059272
53,4,1.1033954290407044
608,50,1.0070609113733684
328,18,1.0810883003952247
171,18,1.1328451806413276
2,18,1.0953900953089553
567,18,0.9999463462403843
27,3,1.1152877365904195
84,18,1.2289287591619151
239,18,1.1147048553185803
444,18,1.0950979300375496
226,18,1.0899871039603437
319,101,1.0547445118427277
340,88,1.1168450904744012
145,18,1.1073126589679825
568,18,1.1306205806987626
233,46,1.010143490774291
369,107,1.0562073716095515
600,43,1.0416597529713596
225,93,1.1439304032496043
565,18,1.0558601492749793
305,18,1.0705734949026788
340,19,1.129838957318238
471,42,1.1488912430192744
184,50,1.0085009751575333
459,12,0.9871495467211518
608,60,1.1194835230708122
574,110,1.2003299846713031
427,12,1.150538055492299
379,18,1.1736482956579752
32,88,1.1096097262842315
68,43,1.1523418139134134
382,52,1.1152722968586855
404,45,1.1135180475456374
106,3,1.1409905228231634
608,106,1.0793315869356905
233,110,1.0339220182171889
238,65,1.1352937849504607
422,99,1.1186509458348155
393,18,1.1393625076328004
523,43,1.0089578601930822
98,107,1.2288282034652573
490,19,1.1487968329872404
56,12,0.9693936829363727
415,99,1.0736949752816665
531,73,1.1346380513028376
206,18,1.0632642663882248
79,1,1.0775804562228066
597,99,1.0698687487414904
556,110,1.0545486328857285
608,12,1.007834106683731
305,62,1.0961447288947446
199,107,1.0874060794178928
391,110,1.128544615847724
97,107,1.1859252101608686
327,62,1.081929985367294
32,56,1.1203059085777827
274,18,1.107311678784234
248,66,1.0901438710944993
112,94,1.08342737278768
224,110,1.0492010084646088
169,99,1.1432686798008425
319,48,1.1579565123787947
269,46,1.1417033949068613
319,94,1.0496435388922691
164,101,1.0648930397416865
294,62,1.0546498335897923
17,45,1.1319375825779778
138,106,1.1453453313027109
36,99,1.0738168699400765
53,45,1.0146997581635202
222,50,1.0799038849238838
304,50,1.1906244994274207
382,8,1.1003927231899329
508,19,1.1793500557541847
608,107,1.0669581517577171
96,66,1.109492626041174
445,18,1.0612270251980849
322,18,1.1199730613401957
299,18,1.078325813902276
346,96,1.1687749157925802
430,18,1.0810548826120794
576,18,1.135278091366802
601,43,1.148903523172651
97,16,1.1519031817359584
557,18,1.089901211272393
346,30,1.1601243604506766
297,42,1.2018290194017547
292,18,1.2265483006568891
124,62,1.1650845887405532
490,1,1.1137425037367004
106,46,1.0130462705024652
382,106,1.079978578857013
184,52,1.1084605641663074
112,35,1.161425462923944
164,27,1.1457205595714706
432,110,1.0841840388519424
53,62,1.0320926212838717
369,78,1.1149751235331808
459,66,1.0712165176602346
559,43,1.0565768480300903
96,93,1.0861126340127416
418,50,0.9928982566509928
523,46,0.9962166574384484
531,16,1.0892008773184247
369,1,1.1052969619631767
569,50,1.1178021771567208
89,90,1.204519370836871
340,12,1.0022214448877744
319,93,1.0806929812367474
604,0,1.160855990435396
243,12,1.0349547671420234
597,110,1.0692233304892267
122,94,1.1013198242123639
224,43,1.0349134025829179
546,43,1.0288812933223588
238,36,1.0263635713074888
142,110,1.0863123131649834
385,43,1.020558061344283
250,99,1.0336404258518346
161,45,1.0780081461582864
287,18,1.0130166817190391
471,40,1.1224516586932753
413,46,1.179368542773383
162,70,1.116710079567773
346,88,1.1212840463433946
346,44,1.1560391397880656
346,108,1.1318973936140537
319,99,1.0384837075003557
199,101,1.0747877499088645
384,18,1.1410529065345014
369,110,1.0486092950616563
159,52,1.1709720114512103
106,88,1.1075128114649229
409,17,1.0279117825308017
385,110,1.042987662766661
36,78,1.1326692971800054
248,36,1.0315851696899958
260,36,1.1113377391759838
319,95,1.1506282868129867
409,36,1.0052513798166598
2,99,1.1105563531496696
385,78,1.1161574774554797
422,45,1.102511574115072
323,101,1.0907985216804914
164,17,1.0604756479816777
224,93,1.0786683530147587
600,27,1.1430792095405715
430,46,1.0811276829668455
580,46,1.0524907335639
523,60,1.0987989637734634
159,50,1.1263969913125038
485,34,1.0370095884427428
32,45,1.0293360607964652
132,50,1.0128874454115118
549,12,1.0573444959840603
490,17,1.0708378446953637
480,43,1.0598567891865969
250,14,1.1490493901073933
418,106,1.0617071250453591
340,77,1.1324092293424266
21,90,1.1224746288997787
474,12,1.2059436993939536
370,70,1.1067834976794464
248,98,1.1089335714599915
26,43,1.0308612632964338
382,79,1.0953442150993007
382,99,1.053066640776316
318,99,1.0069525811289037
248,77,1.1265486146190338
238,46,1.0060207971504755
110,43,1.0620646169409156
580,93,1.1195013719344777
3,26,1.0730235946497746
261,52,1.112392810838563
340,107,1.0557187689202172
121,110,1.049996959843806
1,26,1.1075525470077991
352,99,1.1637476927467756
248,34,1.0528635531663895
79,40,1.05742338140096
490,28,1.1269001625478268
261,45,1.0449868350156717
96,99,1.0413785406521388
266,18,1.0016775195087706
234,107,1.1231034201170718
228,50,1.058492814855916
96,70,1.090422201635582
164,109,1.1642267368733883
325,18,1.146041295358113
258,94,1.1089824698865414
604,52,1.0872457862964697
261,99,1.0591605698157633
133,110,1.0813896199688315
283,110,1.1552476501092315
106,12,0.9954360196632999
556,45,1.039731476655496
369,26,1.0842340369043606
516,18,1.0596042850187846
518,99,1.046131159445005
203,16,1.1648172588154142
238,97,1.0937354428959745
433,78,1.2460661040885108
459,46,0.9968778822304947
319,106,1.0683123730123043
56,110,1.0052989069372416
346,101,1.063022218644619
106,71,1.1136442422866821
256,18,1.1328989586659841
319,91,1.145591836954866
382,14,1.1572608942432063
353,43,1.0344322523368257
539,18,1.1683610400983266
272,62,1.1046429248526692
327,99,1.0836052266614777
36,65,1.1568877782140459
547,16,1.0846834182739258
32,107,1.0521593210952622
466,99,1.1915817431041174
382,78,1.1236692810697215
319,55,1.1820165014692716
346,77,1.1349642212901796
93,99,1.1270106269844942
21,45,1.003849062536444
608,35,1.152843814210168
377,36,1.0652043945821268
260,16,1.125097916062389
403,18,1.1564661519868034
53,34,1.0435290388496858
448,10,1.1168516895600729
269,62,1.1497151404619217
542,110,1.1409801446965762
96,1,1.117506468535534
143,43,1.0847169823412384
112,60,1.1326475295105152
294,18,1.0461248643696308
490,106,1.0968417913786002
164,52,1.1118704985295023
301,66,1.123567989894322
346,103,1.1419463716447353
248,70,1.0718815363943577
346,27,1.1472125660095895
78,18,1.1180693666849817
23,18,1.1633820980787277
604,34,1.044981530734471
432,18,1.055195915911879
11,18,1.1784447165472167
521,18,1.1799504575984818
513,110,1.0884410643151827
369,25,1.1208602163408483
224,46,1.030625092131751
377,43,1.044520769002182
189,18,1.1638635226658411
472,93,1.0758095027080603
472,46,1.0087840908340044
428,106,1.119141673802265
351,27,1.1528348826936312
500,45,1.151766319892236
112,46,1.0376689966235841
340,43,1.0262766033411026
346,34,1.0559356728834766
460,43,1.0725612307765655
56,62,1.001728296013815
95,99,1.0149017189230238
346,4,1.116671938183052
491,99,1.1268255880900793
319,25,1.113449822046927
382,88,1.1226646964039122
82,107,1.1162124465086631
259,45,1.2028533826981271
21,61,1.0972875782421656
141,36,0.9943987401202321
291,107,1.0634790286421776
319,8,1.0870327619569642
346,11,1.179192692041397
106,6,1.1516060416719742
254,99,1.046204665077052
287,99,1.0282688181281887
529,43,1.126345697125154
570,110,1.1237935689943177
205,99,1.003897739308221
441,99,1.0681998240096229
459,108,1.1073607999299253
260,70,1.1136458390059747
608,51,1.182389615901879
248,97,1.0973399433174305
2,46,1.0983983318188362
518,110,1.0466759925974267
112,52,1.1254091073891945
77,110,1.0639104672840662
571,62,1.1749192598674978
591,106,1.0904950804376443
184,101,1.0672872476279736
81,18,1.1537813956716232
49,18,1.128997911100409
99,18,1.1121805517801218
487,18,1.1049132107623987
548,18,1.160315444426877
302,18,1.2016531867640359
589,18,1.2176199949213438
483,18,1.095145374070853
554,12,1.1652504169116062
466,18,1.1866153180599213
21,34,1.0319206419267826
233,18,1.0121882217270988
233,78,1.0969503995563303
346,43,1.0220655602003847
248,45,1.0295240602322988
496,62,1.0778278836182185
502,62,1.0245407447218895
106,25,1.1112621519714594
138,43,1.1410583917583739
248,46,1.0192775050444263
261,46,1.034971600132329
152,45,1.0117293132602103
106,90,1.139804555768413
164,77,1.136425637773105
591,79,1.0998731196991034
323,45,1.0622357497257846
346,66,1.0990890195327145
53,56,1.1202325549508845
112,26,1.1099470220506191
142,46,1.0608827757116939
173,50,1.0338435375264712
141,43,0.9920466982626489
53,43,1.010851781017014
132,99,1.0620842203497887
468,46,1.1591432674654893
18,18,1.1444898681449038
546,99,1.046424184526716
369,70,1.0847346050930875
490,70,1.0975913432027613
141,94,1.0210077539086342
340,61,1.120702710534845
142,62,1.0844792061086213
426,18,1.1190383067088467
192,18,1.11746680129519
549,18,1.0749488906668765
12,18,1.1473075885857855
210,12,1.0982919495020593
600,110,1.061401471229536
117,77,1.163517632870935
301,62,1.0887225999363832
248,35,1.1406090365988868
291,14,1.1480662545987539
382,35,1.1529804563948087
433,37,1.2344888874462672
490,3,1.1682016757716025
386,99,1.100051288892116
387,43,1.1337969984327043
591,4,1.129731644477163
600,101,1.0690790436097555
294,110,1.0676183998584747
597,45,1.060482698891844
34,50,1.0773588650460755
425,110,1.1560406937663044
319,4,1.1099055742046662
53,38,1.1743092153753554
369,99,1.043903695951615
238,101,1.0465995073318481
340,104,1.127129964397422
133,103,1.1667867324181966
9,43,1.114901072212628
36,107,1.0857774067137922
384,99,1.146795165325914
319,97,1.0986409613064356
164,83,1.0940966749829906
432,46,1.0562096735728639
205,45,0.9991896314812558
340,45,1.0329541532056672
26,62,1.0473999572651727
502,88,1.0723340032356126
382,101,1.0650583521596022
184,12,1.0118695188845908
106,70,1.0745668432542257
335,45,1.1646237288202559
591,43,1.0449310423074556
158,18,1.120555838969137
367,18,1.110494855259146
95,110,1.020815638559205
182,18,1.0961008689233236
113,18,1.1873744215284074
346,10,1.1630301862689
490,99,1.0727392413786478
255,110,1.1182677635390843
132,43,1.038232589938811
121,43,1.0272540003061295
490,66,1.1173754382346357
199,98,1.0990338024816342
573,62,1.109666921198368
133,106,1.1035834795662336
103,42,1.1550774180463381
608,43,1.0326550034806132
546,110,1.0548304729163647
586,50,1.1053836792707443
429,107,1.1691970122711999
340,78,1.1131633067769664
266,43,1.0093962401151657
69,52,1.12661629709016
528,43,1.154385652925287
248,13,1.159942088781723
106,97,1.0985025430896453
238,107,1.0432679147592612
542,43,1.1352920191628593
142,43,1.0632637337382351
480,45,1.069528036883899
334,43,1.0395709997309106
457,74,1.1495651247844632
20,98,1.1451143696904182
346,28,1.1126981106187617
220,18,1.2268763865743364
585,18,1.212338378386838
401,18,1.1011040450206824
479,18,1.083788501098752
491,110,1.140179100313357
137,94,1.071579516665744
459,103,1.1133448901985372
56,99,1.009222224354744
53,42,1.1353086302323
269,43,1.1475492173007555
496,60,1.1239873375078397
472,99,1.036183664309127
152,62,1.0121370604527848
266,12,0.9898187076406819
542,46,1.1321940134678568
319,31,1.1246379177485193
608,99,1.0495329568428653
470,16,1.1176826053831195
96,106,1.0776825890477215
3,8,1.0852117921624864
330,18,1.127309470304421
22,34,1.1196347836937224
319,56,1.1192528397909232
591,36,1.0526229169751917
422,46,1.0968079827725887
35,107,1.1017060776274386
146,16,1.1729553834136044
352,18,1.1637898002352034
580,45,1.0729196050337382
209,50,1.1742294707468577
54,18,1.1495890244841576
108,18,1.190952115026968
588,18,1.1502226633684975
523,24,1.1640246292310101
460,74,1.14877426491252
196,45,1.1784763698066985
106,48,1.1528968779104096
556,46,1.026788302032011
549,110,1.0984294471730078
441,14,1.1598028098898274
428,99,1.1031829954258032
69,82,1.1473231480589934
494,34,1.0403023069458348
274,43,1.1113450921007566
96,52,1.105718673872096
409,45,1.0045975936310632
445,94,1.0799318140655356
604,56,1.1052135516490256
378,93,1.113159708213061
432,12,1.0508590654603072
391,18,1.1055152376315422
30,25,1.1536598817578383
110,110,1.0838443676808052
460,50,1.0523001501070601
608,46,1.0236985739320517
390,36,1.1192896032173718
305,88,1.1612867029117686
154,18,1.162369157852871
522,18,1.1064135018470032
112,93,1.1053255767494972
248,19,1.1244789624054516
133,97,1.1367861410336835
150,50,1.1504728708948408
608,17,1.0649392966713225
459,79,1.0543075921013951
310,26,1.1268765863164194
485,80,1.081168354089771
137,110,1.0701965013785022
340,46,1.0226752225841795
459,36,1.017143540824431
21,93,1.0546136791152614
57,62,1.0112093862678324
133,94,1.0826906809317214
133,28,1.1325575986078806
428,43,1.090520208169307
539,99,1.165085580199957
138,85,1.1871128635747092
100,28,1.1577140903100371
164,25,1.1259507430451257
346,104,1.1272836455277033
96,45,1.037902556359768
103,40,1.1456188846579087
334,78,1.124511023717267
248,58,1.125363179798504
101,61,1.1089394890836306
69,18,1.0452785337609904
133,70,1.1075430094663585
69,106,1.1045667751293098
260,8,1.1262614735169336
106,83,1.0813771582075529
63,18,1.15562185219356
456,34,1.1735308659928185
231,93,1.134309281195913
266,62,1.0197281975831305
472,45,1.0287143609353475
53,8,1.0826830294515406
490,81,1.1816489140370063
319,37,1.1566752078277724
319,21,1.1634461049522673
110,60,1.1455307762537683
565,43,1.0630195885896683
172,43,1.0133368138756071
349,34,1.1745547441699142
432,43,1.0665328380252634
32,109,1.1560460568538733
455,18,1.2150323912501335
540,18,1.143540841128145
152,63,1.1461618074348994
510,106,1.1885178977889674
460,93,1.1152587048709393
233,62,1.033067054514374
226,59,1.109832653509719
120,18,1.1480385456899447
413,34,1.198804967371481
106,111,1.131625548005104
212,50,1.1121420115232468
32,98,1.1075667717627116
567,99,1.0254173481038638
106,9,1.1730346457500542
184,88,1.1254252940416336
471,19,1.135960231934275
428,111,1.1868589976469852
432,62,1.0792465955018997
79,28,1.0894673110118933
473,18,1.1526341538244327
238,70,1.0695984384843282
21,101,1.0335575576339449
164,36,1.047086211453591
163,99,1.151896996423602
599,36,1.1164268369653396
291,101,1.061675432271191
597,43,1.05345026829413
600,8,1.099367254014526
40,36,1.1492194538669926
459,34,1.0340764979898398
106,29,1.151169984468392
297,28,1.1667538326499718
318,46,0.9822744317352772
439,18,1.1819085819380624
324,18,1.1917614484471934
300,110,1.1887181081942149
32,35,1.1406968981027603
133,12,1.0431405901908875
560,43,1.1862873115709849
319,6,1.1554199063352175
284,99,1.130671324807086
346,35,1.1506814392549651
411,99,1.0596095154594098
378,1,1.0858013076441628
32,78,1.1095769394721304
450,93,1.1726947001048498
21,88,1.0858874858490057
248,26,1.078091242483684
96,78,1.1160577503698212
496,93,1.09604831465653
364,47,1.2062517016061716
346,48,1.1644057921533073
428,78,1.1734854488500528
205,50,0.965991905757359
181,18,1.1675756025527204
460,18,1.0686960784452302
442,110,1.1030602880886622
32,101,1.0570680009467261
527,27,1.1856346226164274
349,36,1.1569760734481471
32,52,1.098899234086275
511,46,0.9857662179108176
448,41,1.129407863531794
447,43,1.066047272511891
205,111,1.1042063044650214
164,75,1.1803123354911804
164,107,1.0632649787834711
554,45,1.1985581977725295
53,44,1.143704860338143
445,34,1.0887319228744932
57,43,0.9916666323052985
45,50,1.0175961064440864
319,80,1.0947288790983813
115,45,1.2082931739943368
448,28,1.0721781607717276
54,103,1.1432281917493259
250,17,1.0552251684878553
544,18,1.1254941105310405
463,18,1.0945834320570742
529,18,1.1246034864868437
297,17,1.156253069639206
205,84,1.1394819862076215
346,38,1.182429058310975
106,23,1.1645572925252574
288,46,1.133892449949469
172,101,1.051335561554879
368,52,1.1949033258216721
346,92,1.1689275692084007
608,104,1.1309291891603996
608,41,1.1686063227908952
52,34,1.0520648703511273
430,99,1.0864317852870695
577,106,1.1477463710387903
340,29,1.1618873232177325
346,109,1.1652623654476233
382,33,1.1619630664853113
401,110,1.1086261291056871
333,46,1.0674438308259206
472,78,1.1097566804715566
320,25,1.1825207700686795
418,62,1.0305725597177766
413,3,1.2504277303814888
534,52,1.1968293611883252
418,70,1.068723479019744
460,26,1.115925802583141
301,110,1.089279750894223
96,107,1.064793844308172
477,99,1.1940408583198274
253,43,1.0832386804478509
53,33,1.1503254121967725
411,36,1.0554678445415837
531,107,1.1085116339049168
106,103,1.132131861788886
6,101,1.0985372593027674
494,46,1.0123511672552143
369,65,1.1517171082752091
523,107,1.0461241258973522
291,6,1.1588427711810385
594,46,1.1980016401835851
53,94,1.0443328654177353
152,17,1.0339157430322043
205,62,1.0068580396473408
346,41,1.1714347035491042
541,43,1.1424831545778684
184,93,1.0873813555309815
277,99,1.1698329520544835
319,17,1.0517783702484198
533,18,1.025554389825889
141,101,1.0239186542374747
185,43,1.2016239293984003
359,93,1.1712001519543784
490,22,1.1801603337350701
52,94,1.0629978036241872
167,18,1.1896705382636614
369,35,1.1476397131170546
346,37,1.1635021828114986
490,110,1.074117564928851
556,99,1.0384094892069697
319,88,1.1145301791174071
413,18,1.1808731385639735
32,95,1.1503611994641167
511,99,1.0054416484864694
319,84,1.169640526175499
123,41,1.2213772567255157
205,106,1.0364621467888355
319,111,1.1374237462878227
252,79,1.1725737095943518
406,18,1.1367778959018844
24,18,1.0995864697865076
141,62,1.0060257177267755
68,18,1.1535474913460868
133,62,1.0782945959695749
5,18,1.160914315709046
56,78,1.0715537063245262
289,62,1.183058753077473
77,43,1.0445589095886265
532,45,1.2094305817570006
334,106,1.0906562972813845
523,88,1.0942656443055188
39,62,1.0765647214970417
13,12,1.1101196449516075
587,43,1.1188942683594567
541,18,1.1531580186315946
248,22,1.1540319850402219
383,99,1.2020377325160163
106,106,1.0709378187145506
409,101,1.0323088743856974
483,43,1.0937898794987373
346,105,1.1898326177948289
346,60,1.1214590179068702
600,73,1.1372129927788461
32,16,1.0459122324495442
111,107,1.1990933982389314
287,43,1.0117401529236563
386,110,1.1012410369834729
591,98,1.1306390283363206
382,70,1.0879272661570991
517,18,1.2052386403083801
608,73,1.1421250764812743
346,52,1.106457264295646
248,106,1.0688794968383653
608,93,1.0915836779666799
170,18,1.1570508001106126
32,28,1.104593568614551
480,110,1.0770914629101753
164,65,1.1515186131000519
490,36,1.055771493885134
448,40,1.0552308857440948
310,104,1.1672524096502457
160,45,1.164943226213966
485,25,1.0950327148394925
110,62,1.079109460381525
103,98,1.1534718977553504
559,99,1.0771293097308703
109,43,1.1186737333025252
412,99,1.04943708596485
117,94,1.1388077026765262
218,18,1.1460515707731247
513,62,1.0877972346331393
382,80,1.1154375935771637
512,18,1.207653287265982
69,62,1.0746241094810622
319,35,1.1418538859912328
319,5,1.1824989606227194
53,93,1.075638482879315
523,45,1.0168879558997495
250,78,1.1113211100122757
607,18,1.125451804271766
339,43,1.2134163230657578
342,52,1.1583025082945824
369,44,1.1509418719049012
261,6,1.1612675998892104
141,70,1.030906183379037
346,13,1.1684616633823939
277,62,1.1452936977148056
141,17,1.020300799465206
171,43,1.1301669156444925
326,103,1.1802005916833878
604,16,1.0343763189656394
198,18,1.1386860992227281
155,18,1.0819344430097513
0,18,1.1688626879560096
26,65,1.1482616072254521
518,43,1.0251574918095554
432,99,1.0833500858529337
385,99,1.0416904900755202
556,43,1.0314982730363096
31,18,1.1012650637754373
376,18,1.2064064283456122
346,15,1.1652395456497158
298,45,1.134616272257907
164,56,1.1315359739320618
288,43,1.147567973605224
448,12,0.9867939698909011
6,36,1.0777996826384748
331,18,1.156931057838457
133,104,1.1536276657799525
69,12,1.039648726316435
240,43,1.059265576036913
504,18,1.172683475272996
557,43,1.0997519360056944
56,60,1.0737514455935784
32,8,1.087235919066838
76,59,1.1329714637249708
138,18,1.1420075970568828
459,78,1.0910668862717492
175,43,1.1065055738602365
301,70,1.1181772351264954
35,36,1.0833524116980178
133,93,1.109096563820328
353,99,1.0483132995931166
119,50,1.0825547480157443
545,43,1.1506821513175964
445,45,1.0649264710290092
319,71,1.116852448454925
342,62,1.1362289467028208
433,45,1.1930529006889887
46,43,1.0674969872592814
310,6,1.2121368063879865
490,97,1.1238375042032982
142,78,1.138904910268528
123,112,1.2128869103533881
485,94,1.0333569619272436
471,72,1.1921051453266824
608,70,1.0852014640612262
188,18,1.1523018145401562
152,65,1.1231095758931977
207,36,1.0759204559560334
582,18,1.204604429325887
353,8,1.0828934253326483
53,91,1.146101419946977
39,110,1.0841048599353857
438,106,1.1812428416950362
230,17,1.1691328595791544
489,62,1.2183288005845887
537,43,1.0729145516774483
453,18,1.1735130899718829
36,73,1.1482689955404826
382,58,1.1401596334762871
580,53,1.2074954727930682
133,50,1.0370392517319746
145,99,1.1201702655692185
25,50,1.198420019022056
4,50,1.197479787681784
528,18,1.161548808483141
418,36,1.0286130255886488
392,99,1.14007176139525
523,65,1.1265264781458038
176,45,1.2001560958368438
334,45,1.0473399192726771
291,70,1.083921141922474
238,106,1.0616993850895338
520,69,1.1628300411560173
141,110,1.0122178441711835
330,99,1.141898655465671
132,12,1.023695814556309
590,12,1.1167161757392543
2,43,1.1003885420671264
38,18,1.1873035404298986
241,18,1.176606638090951
311,43,1.163576152175665
385,45,1.0285040608474187
461,110,1.106739583824362
459,97,1.081302635371685
164,28,1.113980240055493
46,99,1.083544373711837
396,99,1.13609010147463
291,52,1.0971182178972023
398,18,1.1885533673422677
340,79,1.0884122609027795
69,45,1.0614434187965733
250,45,1.0286691476191794
476,18,1.1846564188599586
460,99,1.087481090732451
230,40,1.1805416068860464
559,106,1.0970890553934234
369,16,1.0532910153269768
152,6,1.1329416664583343
546,45,1.0504680797457695
3,34,1.053295801792826
184,79,1.0977693029812403
211,12,1.1324036987165786
197,93,1.2114765516349248
49,43,1.132960677679096
530,110,1.1135240346193314
552,18,1.1736515302743231
363,107,1.1851170137524605
9,99,1.1258249783090182
555,99,1.21857830456325
220,99,1.2365525992853301
68,99,1.1687927033220018
475,43,1.2033261614186423
471,51,1.190320165561778
143,62,1.093271929637662
357,50,1.1690056238855635
294,43,1.0523002101108432
393,43,1.1360598940934454
425,93,1.130368810147047
334,111,1.1305090471037798
319,73,1.1373665604208196
340,36,1.0355406180024147
371,46,1.1049856708518095
502,46,1.0070872168455804
603,43,1.1718051178114754
106,93,1.0800222078604358
254,60,1.1126876732617217
128,34,1.070783201505297
319,74,1.1208694194044386
529,110,1.1359491561140334
523,101,1.04725482554308
266,60,1.0877746040267604
501,99,1.2044520151934452
439,43,1.1763614873800958
382,9,1.18664765288122
304,17,1.1771432554482348
485,26,1.0592398905594433
236,62,1.2439551800489426
496,99,1.0790071881243162
338,18,1.1570611175681864
9,18,1.1235648963068212
460,88,1.143962252619011
346,26,1.0865152305258172
523,19,1.1156448846948999
346,47,1.1784674018355352
88,43,1.0580580551177263
433,92,1.229047169642789
106,107,1.0547053994876998
357,106,1.1560976397512215
175,36,1.0992137119174004
335,78,1.2053713886998594
556,101,1.0757704206875391
114,18,1.143321713831808
448,81,1.123795922845602
189,99,1.1691999435424805
184,36,1.0483211646122592
207,98,1.1103086419669645
184,44,1.1632221917222654
159,46,1.1531363946851343
596,18,1.231191957635539
480,46,1.0543462282844953
248,8,1.0856244856757777
59,112,1.1808453532201904
449,52,1.1772383435496263
546,93,1.080444723234645
53,70,1.068487712148843
573,18,1.106298546173743
266,34,1.0423023700714111
248,88,1.112961762717792
319,26,1.0809209676725524
571,43,1.1823885781424386
590,52,1.136817469926817
530,62,1.107147393482072
443,18,1.2015645285802228
573,99,1.128651240574462
592,43,1.2083725109696388
12,45,1.1428088151982851
175,79,1.1343168181234173
518,63,1.1603316270879336
334,65,1.1420688011816569
471,22,1.170859914805208
600,46,1.033705476139273
346,71,1.1226511815828937
96,4,1.1227537261189096
96,97,1.1085258828742164
200,18,1.1759287366377456
129,18,1.2256234043410845
277,18,1.1564346653010165
413,50,1.1622363861118044
340,70,1.0751973002084665
480,62,1.0723217483609915
164,6,1.165856513593878
133,34,1.090886025024312
132,60,1.1119780742696352
320,70,1.1580786420963705
250,101,1.0585462376475334
133,101,1.0955119993138527
448,66,1.0665663697623782
482,36,1.1306459744061743
77,62,1.0600022599101067
346,3,1.1524735899376017
288,99,1.1619568882243974
205,52,1.065245529902833
156,18,1.1476155764290266
134,18,1.060530616768769
138,99,1.156942079109805
291,78,1.1083376460841723
137,99,1.068367067192282
559,45,1.0664106788379806
293,93,1.1861818666969026
595,45,1.041321428226573
88,110,1.0798667118485485
177,43,1.152945960206645
382,71,1.1283656944121634
397,106,1.1756720931402274
369,106,1.0752276262002332
537,36,1.0867364284183298
238,52,1.0864559417324406
346,106,1.0746459827891417
418,43,1.0133081727794238
158,43,1.1201757187289851
79,77,1.1129000596702099
590,36,1.1218586787581444
38,99,1.1962573661335878
349,26,1.1441839167049952
480,93,1.1155567807810647
393,99,1.1516001341598374
573,46,1.0996917472886187
459,70,1.0556018514824765
73,18,1.154854852706194
319,90,1.144004906394652
184,4,1.124160050813641
340,75,1.1771745240049702
547,50,1.0515107797192675
212,99,1.1456880949304573
346,61,1.1312508040240832
392,18,1.1266402224344867
396,43,1.1187214562669396
459,60,1.0913347276592893
180,18,1.135500477893012
248,108,1.1235432531684637
95,62,1.0182997935584612
77,12,1.0289954806544952
418,97,1.090381934141208
57,99,1.0101572972323214
53,26,1.0711721676800932
587,18,1.120640637619155
83,68,1.149310449404376
77,97,1.1057764953002334
183,43,1.1162927624370371
26,99,1.0504777011062418
544,46,1.1290095775787319
319,87,1.176635346774544
310,97,1.1606925833704216
53,58,1.1207613072225027
248,81,1.1555228733923286
31,110,1.129815154841968
35,84,1.1515733286339258
518,62,1.0417609711044602
1,94,1.1250692350523812
386,46,1.0819909420263554
513,99,1.083489911896842
519,45,1.197303341967719
459,25,1.0918324462005071
403,43,1.1530794980270522
112,77,1.149567830509373
335,110,1.1781537925292338
484,18,1.1621445640921593
152,60,1.0862796169572644
53,40,1.0829225767936026
21,60,1.0845880610868335
140,99,1.2065426353365183
346,81,1.1666297071746417
205,34,1.0243982119219643
371,78,1.1612913209412778
248,101,1.0604303543056761
33,18,1.1599011910813195
321,39,1.2151492496154137
377,106,1.0993670195873295
387,18,1.1426988675126009
278,18,1.1650479739265782
558,19,1.1489683879273278
199,46,1.0542878428740161
490,98,1.132974894983428
454,18,1.1152220778167248
339,99,1.225671642676129
522,110,1.120671069914741
530,45,1.1010571462767464
291,60,1.1158730989055974
437,42,1.169621888814228
319,36,1.032728401677949
496,110,1.0818043968507223
523,78,1.0972649130438055
465,43,1.0561384910584561
605,52,1.1637132721287864
32,103,1.1383176004248006
385,88,1.1139859812600272
106,26,1.076688309333154
3,94,1.0512296355196409
424,18,1.1379735400634152
137,31,1.126909207652456
310,16,1.1532128835096955
550,36,1.0997743719656552
307,8,1.1154167375394277
375,70,1.1124619437780763
96,83,1.0962394553103618
248,28,1.1030771769583225
48,79,1.1956028938293457
598,107,1.0732074049966676
550,1,1.1181950537221772
192,43,1.12067128185715
232,18,1.1837218733770507
420,18,1.201486885547638
409,66,1.0679283056940352
233,50,1.0020874376807893
369,97,1.106546612456441
346,91,1.1523932830563612
236,110,1.2589213901332446
169,93,1.1383026226955866
300,18,1.1749264438237463
53,31,1.1252111372138773
233,45,1.0271100783720613
69,110,1.0788065767181771
133,8,1.1208010299929552
491,43,1.1185092186289174
115,46,1.2169372641614504
300,8,1.1830610308263982
59,111,1.176324798060315
267,40,1.1419578971607345
411,74,1.116652890773756
592,73,1.2085596460716002
472,60,1.1013097709843092
488,18,1.2285831991050924
205,93,1.0467938057013921
143,110,1.1037989755028061
64,18,1.1432422704965575
248,104,1.116132380174739
369,66,1.0990422698003905
96,81,1.1680989816252674
151,18,1.1867118360740798
562,18,1.2094338243561131
300,99,1.1859743696238314
152,107,1.034403263724276
102,93,1.197910473282848
347,103,1.1557829827070236
482,26,1.119951797383172
173,34,1.0845787221166705
89,18,1.2008082589932851
369,93,1.086902687592166
92,110,1.0194707566073962
340,106,1.0718672201037407
434,36,1.0347319998379265
316,73,1.1484505656574453
77,26,1.0809497295413166
319,38,1.1749056170561485
440,18,1.1914105032171523
310,89,1.2101036262299334
471,41,1.1742157342710666
32,93,1.0781263528125626
1,97,1.1252065221113818
93,43,1.1206255368888378
529,78,1.1800708509981632
313,18,1.2147201906357492
201,99,1.2246227029910577
389,18,1.1737735463040215
254,26,1.0917525127463574
75,50,1.1282473372827684
230,42,1.188063203224114
608,103,1.14470643975905
590,93,1.1369449251464434
549,99,1.1043287520962102
547,107,1.102017848885485
273,43,1.0939784380607307
425,101,1.1305191596371256
490,42,1.1597952754236758
319,67,1.1893673217190164
485,8,1.0640654952398367
208,46,1.1573123591286796
18,43,1.1386722467307533
32,40,1.08608262773071
145,43,1.1061680107044853
41,99,1.1137624220656497
142,45,1.0653790655945028
23,99,1.1789140743868691
356,43,1.0900905121650015
134,110,1.0636831817350216
339,62,1.21347835074578
32,31,1.1244778712945325
353,97,1.0918797988976752
480,50,1.0423813733671392
124,110,1.1741805795047964
608,23,1.1778594574757986
408,99,1.1660471026386534
248,95,1.1493505484291486
369,74,1.1241487504116126
546,62,1.0495150685310364
27,18,0.9848105178347656
433,15,1.2253763446850436
245,18,1.0744402081306492
494,36,1.0237901257018425
284,18,1.1237335095980339
434,62,1.0410307124257088
469,18,1.1987341716885567
323,62,1.0742572987718242
319,103,1.134589898799147
599,25,1.1497434577239412
89,99,1.2128818035125732
275,18,1.1826160858784402
547,110,1.090491692136441
547,79,1.121410856289523
319,20,1.1721394886927945
148,98,1.1544831216867482
47,99,1.1622334841106619
537,45,1.0817335498120104
271,110,1.1065385762069906
134,46,1.0547051198248352
205,46,0.9842890165746212
353,106,1.0579476148954459
377,27,1.1635425267075854
320,12,1.1337935312518053
361,18,1.1656316247369563
411,43,1.0416537479364447
71,18,1.1469393223524094
460,110,1.0952181573291975
174,18,1.1960977422339576
305,45,1.0890764599399907
206,99,1.084953805265416
105,12,1.1775672100484371
92,43,0.9972989889127868
377,60,1.1354677424366986
346,74,1.128244228128876
50,25,1.1454187743365765
233,43,1.0214874691196851
547,62,1.089329315748598
204,26,1.1493245612114802
300,43,1.1703152427715915
353,50,1.009669257061822
369,88,1.1165455297699995
540,99,1.1473780678851264
343,46,1.1718699080603463
96,12,1.0132883872304643
564,18,1.164843734885965
195,50,1.2095533311367035
283,99,1.1603020887289728
374,107,1.222270046759929
257,110,1.181754996734006
280,43,1.195641883781978
600,78,1.126241640320846
96,88,1.1221790462732315
353,70,1.0664402339607477
550,106,1.1055342461913824
490,34,1.0801318468792098
236,43,1.2617364908967699
353,74,1.113018196608339
7,110,1.216283034001078
587,60,1.1553916484117508
250,88,1.1096919083169527
537,101,1.0997052888518997
595,107,1.067501918279699
128,107,1.0852943026859845
204,97,1.1600042902199286
480,81,1.1799366362392902
386,43,1.0813093316641502
245,99,1.0917064476359104
472,6,1.1522526570728846
386,62,1.0942878991232388
547,83,1.1229079163500242
391,43,1.112789052937712
369,60,1.1176808614815985
526,82,1.1373312147999448
480,99,1.0822171965347869
54,62,1.1449551422681128
395,52,1.160642777702638
490,48,1.179122847837529
208,43,1.1599208489060402
291,88,1.1153522083269698
164,70,1.0889300586921828
543,110,1.1817763272140707
560,18,1.191515073446291
572,18,1.2335924144302095
391,46,1.1039069488511555
382,4,1.1189948836940207
153,18,1.1981661761445659
454,99,1.1326474504811423
417,88,1.1958290286628264
441,45,1.0634504024471556
248,94,1.05132106212633
106,16,1.046066555593695
27,93,1.0543178797566466
319,63,1.1699011027812958
32,79,1.0801744179001875
459,98,1.0883077925869398
377,101,1.0860704353877477
193,18,1.2183337581476994
490,32,1.202115507563576
415,18,1.0696604951683963
179,18,1.1739871283727032
593,18,1.1432190909981728
90,110,1.173176367368017
550,94,1.0963495991059713
27,88,1.0775438770651817
509,99,1.161688641245876
608,34,1.060493279248476
538,110,1.14799980287041
269,18,1.1507931192006384
331,99,1.1591723986182063
238,44,1.1385977566242218
255,99,1.128113695952509
382,97,1.1131145091328238
10,43,1.1977085364716393
547,101,1.0994454275018402
27,99,1.0163363119853395
382,94,1.0702427265766477
164,106,1.0832575697984015
559,34,1.084722636533635
595,99,1.0554781561451299
567,45,1.0195279472640582
608,9,1.1864192469843797
21,14,1.1239424252084322
543,14,1.1668915276615215
344,50,1.1568425659622465
431,18,1.1778490820101328
276,18,1.2230216903345925
90,18,1.1714654628719603
235,1,1.1622723585792951
53,78,1.10664329039199
172,46,1.0064536247934615
514,43,1.0481380985251494
333,43,1.06557421519288
95,46,0.9921814181974956
172,99,1.0342606146420752
604,58,1.1109694338270597
137,46,1.0445719063282013
184,25,1.1313975732773542
346,33,1.160784390633905
6,34,1.1041446557667638
53,16,1.0426144629184688
233,107,1.053895316334092
346,54,1.18834419187624
545,110,1.1518462582358293
255,18,1.1111411324569158
375,34,1.1401495896279812
463,110,1.1084062201636178
584,45,1.1719089022704534
279,16,1.1897904979331153
285,18,1.2029182072728872
355,93,1.2041547809328352
491,18,1.1192151542220796
494,82,1.0828062474195446
538,78,1.177525063178369
460,80,1.139608220929014
310,12,1.1246019101568632
547,43,1.0716075392972146
545,18,1.1534802370837756
106,11,1.1643114884250931
411,45,1.055917922939573
272,46,1.0970983845846993
212,18,1.1420684846650277
494,70,1.0471037949568458
301,79,1.119987026389156
31,43,1.104371311409133
392,43,1.1249075994959898
183,18,1.1222349250955241
458,18,1.2237762681075506
434,110,1.051323485161577
283,46,1.1407019977590866
53,22,1.1536416885043894
216,106,1.1448332757822104
526,103,1.1426723057271115
329,16,1.2095386417848724
451,16,1.1313368437279547
106,95,1.1462752989360265
50,19,1.153994138219527
346,68,1.1833422984927893
538,18,1.1387089248746634
547,36,1.0803458813045705
255,62,1.1124153892908777
31,60,1.1714922689965792
327,110,1.0853273821994662
248,27,1.137866955782686
158,99,1.1313083713342036
147,22,1.1832198074885778
593,43,1.1330410920615708
350,93,1.1456430070102215
223,18,1.1788336389831133
77,45,1.0526240223220416
526,50,1.1194573332156454
21,78,1.0874611735343933
327,58,1.1509550930932164
366,22,1.167732076187219
462,101,1.1933331798229898
435,45,1.1835666171142034
261,93,1.0943463910371065
402,43,1.078192301094532
513,43,1.0683913582137652
459,4,1.083872648138952
282,62,1.149493305278676
319,100,1.1819116497146231
254,52,1.1108250253434693
266,99,1.0310453208429473
434,18,1.0510421749204397
137,62,1.070256414690188
490,62,1.0678854142980916
229,8,1.1326894011747624
547,99,1.0904717871120997
95,88,1.0944373267037528
44,99,1.199293122759887
377,17,1.0815132715340172
266,107,1.0432985248044133
353,62,1.0556914527634425
360,52,1.154635168079819
369,77,1.1349078273134572
27,43,0.9924540370702744
18,99,1.1538341460483414
32,17,1.0515375472605228
567,62,1.0237398509468352
172,78,1.1058253031224012
346,85,1.1755499539098568
122,8,1.1268793223425746
31,99,1.1148101277649403
511,43,0.9879312044275659
47,110,1.1570817306637764
33,43,1.1600515746644564
152,25,1.096114534618599
329,18,1.2290076208966119
271,14,1.1042708588897117
608,76,1.1726375171648604
190,106,1.1412399954029493
64,25,1.1696663445660047
43,18,1.1784647053905897
106,21,1.1577368676662445
188,43,1.1483291450754873
24,99,1.1115779360490186
238,60,1.1005665393812316
338,99,1.1723673959661807
53,41,1.161456415163619
205,36,1.0062316782506449
254,93,1.0841287861445121
537,46,1.0710024735225099
445,62,1.0733860773699624
50,50,1.101855006068945
137,107,1.09486072031515
377,53,1.2130418068596296
409,79,1.0595086786363805
608,109,1.1637535063283784
126,40,1.153241184673139
141,46,0.98797671603305
88,62,1.078631587725665
332,18,1.1941943913698196
141,12,0.9761722747768674
247,110,1.032653278538159
247,43,1.0141580839242255
247,93,1.0752471323524202
432,101,1.1065155110721077
608,61,1.1309765836756145
290,106,1.1720654840714164
587,36,1.1155939609078425
118,107,1.170952093388353
408,18,1.1608641232763017
369,83,1.0926478071404355
382,93,1.0945591341171945
592,18,1.2177311895149094
247,18,1.0056366186056818
346,95,1.1602248807570763
247,62,1.0329008347221784
459,88,1.089116357399949
159,88,1.1799975580402784
305,110,1.1020934517894472
51,18,1.184249755527292
246,43,1.1513830668159895
247,65,1.1357758300645011
309,18,1.1606622167663383
547,4,1.1446094938686915
247,101,1.0566492921539716
340,28,1.108899070748261
290,110,1.2025079551552023
291,95,1.1511248094694955
327,71,1.1371773460081644
547,34,1.1043500796492611
144,16,1.2022824079862662
247,45,1.0281042797224862
580,99,1.081614174480949
69,46,1.0525820915188109
27,46,0.9879617730953864
353,34,1.0569396636315755
112,87,1.191964274538415
79,19,1.117853700050286
109,12,1.100901539836611
65,3,1.1432150016937936
27,73,1.106627335505826
323,8,1.1187411309885127
301,45,1.087089860013553
391,35,1.1867793366379504
591,99,1.0608636611141264
266,93,1.0655432311551911
260,48,1.1621090934744902
159,25,1.1725871680038316
345,108,1.141975888450231
247,46,1.0141203861151422
310,74,1.1668988025880285
106,42,1.1346434305555053
21,107,1.0313805804720946
265,43,1.1901063908423697
409,46,0.9910842116389956
490,4,1.1332604544503349
117,34,1.1576121474749275
213,14,1.1252793448844127
319,14,1.14802378735372
32,77,1.1290342137217522
323,46,1.0510498029845101
233,101,1.049586341583303
142,16,1.0865054934152536
194,18,1.2157873138785362
92,99,1.015806291784559
340,35,1.1511447541415691
245,93,1.0952746711804398
52,48,1.1467028403920787
348,80,1.1896470380680901
206,43,1.0644403071325672
364,14,1.1864020340144634
604,94,1.0450979299577219
214,12,1.1721026407820838
472,2,1.1661910936236382
149,18,1.151872319967619
372,18,1.2105165938181537
247,88,1.1016303888921226
224,70,1.0829656166689736
71,93,1.1386284599346774
31,101,1.1105224383728844
247,99,1.033641700233732
360,99,1.1879848885749067
318,101,1.021558798683275
494,106,1.0465408726927958
133,45,1.068534697472517
164,48,1.164488543357168
503,93,1.1762604330267226
26,45,1.0506251358560152
175,52,1.1440621428191662
191,70,1.1672548769441033
608,29,1.1650949083268642
109,99,1.136986814838435
342,110,1.147297464311123
419,18,1.111688248280968
205,19,1.0965333258999246
597,14,1.15973065700382
576,110,1.1493577770888805
6,50,1.0815513962214547
599,43,1.1414125433989935
205,110,1.0096604039094277
84,46,1.2145973859088761
444,43,1.09141811914742
433,3,1.2266457283071108
459,93,1.063582718372345
544,45,1.131222193395453
591,110,1.0669087823480368
132,62,1.0550351025802749
215,18,1.109619672277144
45,45,1.0398823239707522
567,46,1.0073881042855126
64,101,1.1410844828933477
463,14,1.1363225687029106
35,48,1.1407385452517442
498,45,1.2219471324767386
319,15,1.1579699000077588
247,107,1.0505674912461214
390,18,1.13871996317591
218,99,1.158287959289737
369,34,1.0665313268213399
424,43,1.1336986752493041
137,43,1.0539420598319598
88,93,1.1091847769151042
523,25,1.1004608225609576
412,50,1.0155505259920443
238,53,1.175292446677174
580,62,1.0712082662752695
382,84,1.177334766568882
291,8,1.1009726303496532
354,4,1.1716363283672504
369,8,1.0962395018764906
262,43,1.1659677076552595
47,70,1.1433129627257586
387,99,1.1488595423953873
177,99,1.1630706105913435
523,93,1.066081467749817
537,62,1.087238468761955
248,93,1.0870930121413298
365,94,1.1239836780088288
81,43,1.1462385288572736
258,98,1.1445183014231068
353,79,1.0817719639578303
157,18,1.2122169786265917
321,26,1.1444417592803282
319,33,1.1535497270524502
88,99,1.0771557249661003
409,12,0.9770448569740567
516,110,1.0703685229111994
139,45,1.2102785919393813
247,52,1.0975943665419305
254,34,1.0700068060042602
27,61,1.0958019409860884
27,107,1.0310587978788786
391,16,1.1213932034692593
32,68,1.1730786540678568
348,34,1.2117324652416366
546,46,1.033446664256709
382,65,1.1577577500471048
247,85,1.1572640000709467
339,18,1.2158779464662075
238,6,1.147516546504838
106,33,1.1477089125297166
418,19,1.1185318819646324
250,107,1.060771162488631
106,44,1.143745279338743
248,44,1.1472744109840798
608,1,1.1076420024037361
23,93,1.1876025583062852
245,101,1.08378451104675
142,34,1.1076461250028973
604,7,1.1429964272039277
137,50,1.0400661389742578
27,110,1.0160839163831301
178,18,1.1945899921868528
445,50,1.0477374975702591
296,93,1.1884739718266897
72,18,1.2068031749555044
248,40,1.0814987367817335
487,62,1.1116541235574655
186,18,1.2059993706643581
103,27,1.1691388708672352
67,18,1.1543788111635618
166,18,1.2279010776962553
96,98,1.1185412939105714
502,43,1.0139856988098472
460,101,1.1061736696532793
28,43,1.1815783168588365
295,43,1.122790567044701
340,93,1.0856819842675967
238,45,1.0219683423638344
559,14,1.1580866894551687
485,106,1.0496961744834803
21,74,1.1002907987151826
408,43,1.155057676668678
490,8,1.111656192690134
64,110,1.158793163685394
45,81,1.1242364394877638
249,36,1.1981595222439085
248,0,1.1830629900630032
448,96,1.1270641663244791
6,33,1.148374926831041
511,16,1.0158710910805635
380,107,1.0890875338975872
468,62,1.170030684343406
502,101,1.0371868418795722
430,62,1.0932101570402406
432,45,1.074441262919988
117,99,1.171760589416538
457,45,1.1296306632991349
490,108,1.1509538258292846
448,88,1.086895460528987
184,65,1.1616813955562455
428,46,1.0920235067605972
117,97,1.1596060401893087
247,78,1.1072292487536157
473,99,1.1625028613156505
550,34,1.1166675644261497
53,60,1.1116829152618135
591,107,1.084194082234587
110,93,1.11533411655442
418,99,1.0348150208592415
15,18,1.1184776340212141
319,34,1.0532814896266376
525,27,1.1596765044544424
35,104,1.1129014031695468
250,60,1.1126604133418627
164,31,1.135938152138676
21,65,1.1221190361039979
205,81,1.1273725155208791
399,101,1.0909271543579442
608,27,1.1447050065866538
444,99,1.113596852336611
106,74,1.116416281621371
554,110,1.2112799912158931
476,43,1.1778611370495387
452,33,1.1623888981661625
416,46,1.203635377543313
92,106,1.0398808249405451
405,12,1.134458977729082
247,44,1.1427513078919478
205,107,1.028675853041932
64,45,1.1350824561502253
229,26,1.1162683017817991
237,93,1.1332664670688766
112,88,1.1320873371192388
127,16,1.1507643478523408
31,46,1.1079092589872224
556,62,1.0493019755397524
110,87,1.2064605781010218
554,46,1.187358386149364
346,29,1.1673102788627148
411,46,1.0413786548389388
471,28,1.124408288725785
604,88,1.0918200707861356
460,46,1.0721952601202898
343,101,1.1438406205603056
356,99,1.1135131849774293
247,25,1.1107658940766538
117,18,1.1643674756799425
369,56,1.1293680247451579
547,106,1.1111529575926917
379,43,1.1620166184646743
36,101,1.0847219441618239
191,8,1.1860912801431758
478,110,1.2146259344049863
65,51,1.143773723659771
535,18,1.1718481991972243
26,107,1.0763590931892395
319,98,1.1109310814312525
125,99,1.2377451221857751
8,18,1.235532525394644
184,60,1.1252490122403418
314,12,1.1524788566998072
142,95,1.1783966557787997
460,62,1.0872487774384874
518,101,1.0668116547167301
346,86,1.1889893326110073
281,43,1.103359706433756
353,26,1.071152228329863
550,8,1.1139099901275975
300,50,1.1530061545116561
538,99,1.1472282434946723
305,99,1.0912725638066019
78,107,1.146196784451604
340,4,1.1148640508763492
485,4,1.0878421222524983
487,43,1.1019131397562367
545,94,1.1432336462395531
422,65,1.1712469373430525
381,43,1.1638939114553588
263,106,1.1789674676422561
244,18,1.1293155436537095
53,30,1.152060965076089
58,18,1.1480600152696883
37,110,1.194270928257278
238,34,1.0502471751866065
362,112,1.2007720481072153
606,18,1.166051640042237
308,101,1.1758438423275948
565,99,1.080286068841815
142,28,1.1381987519562244
92,14,1.1073310290064131
112,14,1.169430382948901
490,94,1.0853430942765303
340,71,1.1195476922605718
248,83,1.0807984595719193
107,106,1.212060238633837
64,46,1.1371845217155558
281,110,1.1083134170621634
382,31,1.1378418065474503
92,62,1.014527172914573
459,52,1.086608053584184
133,53,1.2165784729378564
31,17,1.1210765982312816
341,18,1.1349204927682877
602,18,1.2095997056790762
66,43,1.2365774033325059
205,88,1.0786470861307211
62,99,1.1075285109026092
310,50,1.1109239713155799
248,80,1.0982304348477296
217,94,1.2001210397907667
142,33,1.1770092727549906
47,101,1.1408054764781679
124,18,1.1651717534155719
417,101,1.1857942640781403
323,60,1.1397851694907462
164,26,1.0919419032122408
101,43,1.0427954784328384
376,12,1.1874148340097495
110,46,1.0656015489782606
340,65,1.1523665652743407
248,105,1.1811103553378157
248,42,1.135866002262836
346,53,1.195124966757638
238,50,0.9917399595890727
46,110,1.088230467401445
490,109,1.1778310788795352
298,99,1.156584967459951
340,111,1.142928590199777
96,16,1.0605973387802285
247,50,0.998334217284407
268,12,1.1842920844044005
85,36,1.07801929967744
490,44,1.1739326856498207
96,26,1.0906605873523014
133,88,1.1439922755318028
337,45,1.1896241009235382
91,94,1.097624951175281
50,81,1.1651701826070036
266,36,1.0217001608439855
291,36,1.0493833837764603
106,80,1.0963411474866527
353,36,1.0379500865404094
220,43,1.218706942562546
152,74,1.1035915591887064
202,18,1.2730671082224165
434,8,1.0416414764310633
101,110,1.0558192509093456
27,106,1.0404484252711492
24,101,1.091949498546975
558,12,1.1344954908958502
324,43,1.1888035851796823
459,111,1.1133444873350007
604,57,1.160951660147735
480,80,1.1281668450683355
248,76,1.1572354761883616
74,28,1.1244708124016012
446,18,1.203189106525055
524,46,1.1969118804803915
591,94,1.0707974721278464
156,101,1.1254772139447076
133,79,1.1111579265977656
586,101,1.1209726195250238
165,50,1.1732687034777232
335,65,1.1887640693852777
226,97,1.0912144335785083
91,18,1.1021821685135365
353,12,1.0217750981183988
56,107,1.0242086052894592
380,43,1.0593789795945798
482,98,1.1319337668163436
47,18,1.1512279829808645
323,65,1.1660270850573267
64,99,1.154637965373695
563,94,1.1495756420232024
340,6,1.1590874623507261
591,64,1.20365851691791
441,43,1.0582943140928234
608,36,1.0492165588906832
205,94,1.0185199898800679
460,70,1.1187377766972142
43,88,1.1709905929331268
319,104,1.1224482006260328
247,16,1.0440102416489805
281,62,1.1044906576696252
152,16,1.0296437717708093
164,111,1.1435725369623728
568,62,1.1471067443490028
369,108,1.1349559224077634
530,46,1.0976717791387014
464,77,1.141763262450695
130,93,1.2107835752623421
254,45,1.0401549903409821
604,23,1.1478728534919875
593,99,1.142155703955463
501,78,1.1966494343110494
604,77,1.111216007598809
333,62,1.0798229911763753
205,8,1.0582793281812752
206,110,1.084764818793961
583,43,1.2008368080215794
6,97,1.1110444739460945
133,31,1.1572326424398593
285,43,1.1960494630038738
91,46,1.0983020542189479
307,26,1.1101429930755071
407,43,1.118722320667335
597,65,1.161206797829696
248,74,1.1228275305724569
40,98,1.1467560145205684
132,110,1.0618817077151366
400,18,1.2386102793472153
249,22,1.1764667587620872
597,93,1.1050508805284542
467,18,1.218385239796979
430,110,1.1021957186582898
248,14,1.1480323054960795
563,50,1.1637415481465203
32,94,1.0552993448717254
247,0,1.1717263731573309
168,43,1.2066377337489809
301,33,1.1702517667519194
49,110,1.150260809010693
432,63,1.201897174918226
604,70,1.0624244793185167
604,93,1.0674761954162801
32,48,1.1548886873892374
469,62,1.1883369301046645
39,43,1.0728888950709785
106,101,1.0573801866599493
334,60,1.1095749687935625
86,18,1.1478272111687278
414,43,1.130607517702239
377,26,1.106726704963616
53,28,1.1045276895165443
472,107,1.0542996940868241
27,17,1.0234062107213373
461,88,1.1136594670159476
346,93,1.0887332728930883
600,62,1.0529635474085808
306,18,1.1457292852657182
600,45,1.046055380254984
133,58,1.1601501569218402
136,110,1.1636528383408273
507,36,1.1494443866291217
266,94,1.0409581480281693
254,78,1.121969182576452
422,78,1.1651370458837067
94,110,1.060872454728399
187,16,1.1214986942109786
499,50,1.0822761645540595
493,50,1.1867618979886174
443,43,1.1923211222248418
94,18,1.0444268738584859
591,111,1.1686903637434756
580,73,1.1631095731364829
106,76,1.156769492530397
418,110,1.0368922935532672
91,62,1.1094813695443528
497,110,1.1855060713631767
86,43,1.1468429826200008
499,34,1.1118292933596032
297,109,1.205270227577005
32,97,1.1033480513308729
36,53,1.1953034677675791
490,79,1.1076277582240956
407,99,1.1452725599519908
354,36,1.176731693425349
94,62,1.0583428700587578
281,18,1.1084876512842519
27,23,1.1406850250703948
507,26,1.1412557493895292
91,43,1.103547761482852
353,103,1.1263158518288816
578,97,1.1558518399085318
599,70,1.1165544952465487
583,18,1.2063687544848238
27,70,1.0492807634707009
391,88,1.1669431722589902
386,14,1.1487356631883554
436,18,1.1903877588255065
382,17,1.0649997613259725
415,110,1.08705106551497
418,81,1.1484518212133221
529,62,1.133825896307826
173,94,1.0707404625136405
291,16,1.0565449045971036
340,103,1.1424908970615693
91,110,1.1134271455396498
152,88,1.0867246223081435
591,50,1.0200481618688042
204,36,1.1619087315131245
50,62,1.1247107415859188
159,79,1.1560742163232394
94,43,1.0520214116466897
159,34,1.1645712746041161
159,106,1.1480697885687863
254,111,1.140245741499322
267,12,1.1361029180032867
288,18,1.1519268350675702
298,93,1.1504133184041296
177,18,1.1601851571883475
562,99,1.212245761516637
576,99,1.1473699691040176
91,16,1.1152826489955519
86,99,1.164235835229712
231,101,1.1473628836018699
373,71,1.193704261311463
135,18,1.204401642416737
247,111,1.1255926904933793
300,70,1.1671131552596177
247,98,1.1044415778347425
173,8,1.1057923752814531
159,62,1.1605638866978032
452,36,1.170382724808795
128,70,1.081531046490584
106,0,1.1768225519252675
547,94,1.1014981642365456
114,43,1.1368778334664447
236,46,1.257873070027147
567,78,1.1033101320000631
164,4,1.120669278715338
418,94,1.0438925448272909
32,34,1.055462332708495
92,46,0.9976693508880479
89,79,1.192175134750349
91,60,1.144447441079787
185,18,1.209671716604914
518,46,1.0253251272120647
331,43,1.1507666055113077
549,78,1.1566021144390106
247,103,1.133058345743588
329,12,1.1980534525854247
117,3,1.173421150073409
32,42,1.1392269544303417
608,45,1.0348302852362394
409,93,1.065421695155757
473,36,1.1376512590795755
32,26,1.0789186778877462
600,12,1.0221672334841319
248,91,1.1450100530138505
77,94,1.0677888240399105
248,31,1.124458648131362
254,17,1.0616914403757878
296,43,1.2145058470112937
112,17,1.0746648537128098
502,99,1.0465372705699079
439,62,1.1788903421589307
250,52,1.1011276883738381
557,62,1.1038175108177322
132,8,1.08221107398692
579,43,1.1081941740786923
573,12,1.0887300988127078
36,74,1.1471694633364677
238,8,1.079146730048316
128,110,1.068254249968699
595,60,1.0986239141119378
106,78,1.1130571344069071
49,99,1.1528851916747433
381,18,1.173540972173214
133,65,1.1824887433654763
271,99,1.13311143285994
299,43,1.0821151579064983
312,70,1.0769832421626364
415,46,1.065411979066474
523,77,1.1150337420403957
164,79,1.0912333130836487
490,6,1.1823940273108227
188,99,1.1654487744505917
159,70,1.1534819821161884
141,44,1.1047524096710342
57,46,0.9968009628355503
143,14,1.1292565704456397
604,80,1.085853828915528
411,93,1.07923170099301
235,62,1.1919893537248885
333,110,1.0839896951469459
254,101,1.0701169483363628
340,27,1.1422817446291447
434,106,1.0510215882344969
511,62,1.0026515844677175
